TimeUTC,timestampInMs,requestPath,requestMethod,requestQueryString,responseStatusCode,requestId,requestUserAgent,level,environment,branch,vercelCache,type,function,host,deploymentDomain,deploymentId,durationMs,region,maxMemoryUsed,memorySize,message,projectId,traceId,sessionId,invocationId,instanceId,concurrency,workflowRunId,workflowStepId
2026-04-30 19:22:46,1777576966476,servicesartisans.fr/services/chauffagiste/villeferry,GET,nxtPservice=chauffagiste&nxtPlocation=villeferry,200,2lwzw-1777576966226-b9befc15af33,Mozilla/5.0 (compatible; AhrefsBot/7.0; +http://ahrefs.com/robot/),error,production,master,MISS,function,/services/[service]/[location],servicesartisans.fr,servicesartisans.fr,dpl_P1EjsJibqJB8BDboagAcGoKcPdQA,,,,,"[2026-04-30T19:22:46.476Z] [ERROR] Redis command error {""error"":{""name"":""Error"",""message"":""HTTP 403"",""stack"":""Error: HTTP 403\n    at g (/var/task/.next/server/chunks/98754.js:1:2220)\n    at process.processTicksAndRejections (node:internal/process/task_queues:104:5)\n    at async p.set (/var/task/.next/server/chunks/98754.js:1:2843)""}}",prj_h3YjJQCfZGWT8WoxOTfhgyyskrXT,,,,,,,
2026-04-30 19:22:46,1777576966552,servicesartisans.fr/services/chauffagiste/villeferry,GET,nxtPservice=chauffagiste&nxtPlocation=villeferry,200,2lwzw-1777576966226-b9befc15af33,Mozilla/5.0 (compatible; AhrefsBot/7.0; +http://ahrefs.com/robot/),error,production,master,MISS,function,/services/[service]/[location],servicesartisans.fr,servicesartisans.fr,dpl_P1EjsJibqJB8BDboagAcGoKcPdQA,,,,,"[2026-04-30T19:22:46.552Z] [ERROR] Redis command error {""error"":{""name"":""Error"",""message"":""HTTP 403"",""stack"":""Error: HTTP 403\n    at g (/var/task/.next/server/chunks/98754.js:1:2220)\n    at process.processTicksAndRejections (node:internal/process/task_queues:104:5)\n    at async p.set (/var/task/.next/server/chunks/98754.js:1:2843)""}}",prj_h3YjJQCfZGWT8WoxOTfhgyyskrXT,,,,,,,
2026-04-30 19:22:46,1777576966622,servicesartisans.fr/services/chauffagiste/villeferry,GET,nxtPservice=chauffagiste&nxtPlocation=villeferry,200,2lwzw-1777576966226-b9befc15af33,Mozilla/5.0 (compatible; AhrefsBot/7.0; +http://ahrefs.com/robot/),error,production,master,MISS,function,/services/[service]/[location],servicesartisans.fr,servicesartisans.fr,dpl_P1EjsJibqJB8BDboagAcGoKcPdQA,,,,,"[2026-04-30T19:22:46.622Z] [ERROR] Redis command error {""error"":{""name"":""Error"",""message"":""HTTP 403"",""stack"":""Error: HTTP 403\n    at g (/var/task/.next/server/chunks/98754.js:1:2220)\n    at process.processTicksAndRejections (node:internal/process/task_queues:104:5)\n    at async p.set (/var/task/.next/server/chunks/98754.js:1:2843)""}}",prj_h3YjJQCfZGWT8WoxOTfhgyyskrXT,,,,,,,
2026-04-30 19:22:46,1777576966657,servicesartisans.fr/services/chauffagiste/villeferry,GET,nxtPservice=chauffagiste&nxtPlocation=villeferry,200,2lwzw-1777576966226-b9befc15af33,Mozilla/5.0 (compatible; AhrefsBot/7.0; +http://ahrefs.com/robot/),error,production,master,MISS,function,/services/[service]/[location],servicesartisans.fr,servicesartisans.fr,dpl_P1EjsJibqJB8BDboagAcGoKcPdQA,,,,,"[2026-04-30T19:22:46.657Z] [ERROR] Redis command error {""error"":{""name"":""Error"",""message"":""HTTP 403"",""stack"":""Error: HTTP 403\n    at g (/var/task/.next/server/chunks/98754.js:1:2220)\n    at process.processTicksAndRejections (node:internal/process/task_queues:104:5)\n    at async p.set (/var/task/.next/server/chunks/98754.js:1:2843)""}}",prj_h3YjJQCfZGWT8WoxOTfhgyyskrXT,,,,,,,
2026-04-30 19:22:46,1777576966691,servicesartisans.fr/services/chauffagiste/villeferry,GET,nxtPservice=chauffagiste&nxtPlocation=villeferry,200,2lwzw-1777576966226-b9befc15af33,Mozilla/5.0 (compatible; AhrefsBot/7.0; +http://ahrefs.com/robot/),error,production,master,MISS,function,/services/[service]/[location],servicesartisans.fr,servicesartisans.fr,dpl_P1EjsJibqJB8BDboagAcGoKcPdQA,,,,,"[2026-04-30T19:22:46.691Z] [ERROR] Redis command error {""error"":{""name"":""Error"",""message"":""HTTP 403"",""stack"":""Error: HTTP 403\n    at g (/var/task/.next/server/chunks/98754.js:1:2220)\n    at process.processTicksAndRejections (node:internal/process/task_queues:104:5)\n    at async p.set (/var/task/.next/server/chunks/98754.js:1:2843)""}}",prj_h3YjJQCfZGWT8WoxOTfhgyyskrXT,,,,,,,
2026-04-30 19:22:46,1777576966694,servicesartisans.fr/services/chauffagiste/villeferry,GET,nxtPservice=chauffagiste&nxtPlocation=villeferry,200,2lwzw-1777576966226-b9befc15af33,Mozilla/5.0 (compatible; AhrefsBot/7.0; +http://ahrefs.com/robot/),error,production,master,MISS,function,/services/[service]/[location],servicesartisans.fr,servicesartisans.fr,dpl_P1EjsJibqJB8BDboagAcGoKcPdQA,,,,,"[2026-04-30T19:22:46.694Z] [ERROR] Upstash circuit breaker opened {""reason"":""HTTP 403"",""consecutiveAuthFailures"":3,""reopenInMs"":60000}",prj_h3YjJQCfZGWT8WoxOTfhgyyskrXT,,,,,,,
2026-04-30 19:22:46,1777576966781,servicesartisans.fr/services/chauffagiste/villeferry,GET,nxtPservice=chauffagiste&nxtPlocation=villeferry,200,2lwzw-1777576966226-b9befc15af33,Mozilla/5.0 (compatible; AhrefsBot/7.0; +http://ahrefs.com/robot/),error,production,master,MISS,function,/services/[service]/[location],servicesartisans.fr,servicesartisans.fr,dpl_P1EjsJibqJB8BDboagAcGoKcPdQA,,,,,"[2026-04-30T19:22:46.781Z] [ERROR] Redis command error {""error"":{""name"":""Error"",""message"":""HTTP 403"",""stack"":""Error: HTTP 403\n    at g (/var/task/.next/server/chunks/98754.js:1:2220)\n    at process.processTicksAndRejections (node:internal/process/task_queues:104:5)\n    at async p.set (/var/task/.next/server/chunks/98754.js:1:2843)""}}",prj_h3YjJQCfZGWT8WoxOTfhgyyskrXT,,,,,,,
2026-04-30 19:22:46,1777576966810,servicesartisans.fr/services/chauffagiste/villeferry,GET,nxtPservice=chauffagiste&nxtPlocation=villeferry,200,2lwzw-1777576966226-b9befc15af33,Mozilla/5.0 (compatible; AhrefsBot/7.0; +http://ahrefs.com/robot/),error,production,master,MISS,function,/services/[service]/[location],servicesartisans.fr,servicesartisans.fr,dpl_P1EjsJibqJB8BDboagAcGoKcPdQA,,,,,"[2026-04-30T19:22:46.810Z] [ERROR] Redis command error {""error"":{""name"":""Error"",""message"":""HTTP 403"",""stack"":""Error: HTTP 403\n    at g (/var/task/.next/server/chunks/98754.js:1:2220)\n    at process.processTicksAndRejections (node:internal/process/task_queues:104:5)\n    at async p.set (/var/task/.next/server/chunks/98754.js:1:2843)""}}",prj_h3YjJQCfZGWT8WoxOTfhgyyskrXT,,,,,,,
2026-04-30 19:22:46,1777576966811,servicesartisans.fr/services/chauffagiste/villeferry,GET,nxtPservice=chauffagiste&nxtPlocation=villeferry,200,2lwzw-1777576966226-b9befc15af33,Mozilla/5.0 (compatible; AhrefsBot/7.0; +http://ahrefs.com/robot/),error,production,master,MISS,function,/services/[service]/[location],servicesartisans.fr,servicesartisans.fr,dpl_P1EjsJibqJB8BDboagAcGoKcPdQA,,,,,"[2026-04-30T19:22:46.811Z] [ERROR] Upstash circuit breaker opened {""reason"":""HTTP 403"",""consecutiveAuthFailures"":3,""reopenInMs"":60000}",prj_h3YjJQCfZGWT8WoxOTfhgyyskrXT,,,,,,,
2026-04-30 19:22:46,1777576966226,servicesartisans.fr/services/chauffagiste/villeferry,GET,nxtPservice=chauffagiste&nxtPlocation=villeferry,200,2lwzw-1777576966226-b9befc15af33,Mozilla/5.0 (compatible; AhrefsBot/7.0; +http://ahrefs.com/robot/),,production,master,MISS,middleware,src/middleware,servicesartisans.fr,servicesartisans.fr,dpl_P1EjsJibqJB8BDboagAcGoKcPdQA,7,yul1,301,2048,,prj_h3YjJQCfZGWT8WoxOTfhgyyskrXT,,,01KQFXFY2V23KMK19S7DQMB2KC,TCkx9wqq4Aof,1,,
2026-04-30 19:22:46,1777576966226,servicesartisans.fr/services/chauffagiste/villeferry,GET,nxtPservice=chauffagiste&nxtPlocation=villeferry,200,2lwzw-1777576966226-b9befc15af33,Mozilla/5.0 (compatible; AhrefsBot/7.0; +http://ahrefs.com/robot/),,production,master,MISS,function,/services/[service]/[location],servicesartisans.fr,servicesartisans.fr,dpl_P1EjsJibqJB8BDboagAcGoKcPdQA,547,cdg1,131,2048,,prj_h3YjJQCfZGWT8WoxOTfhgyyskrXT,,,hvc_1d67a7ea74d04aa99b410ea45e91,hvc_1d67a7ea74d04aa99b410ea45e91,1,,
2026-04-30 19:22:38,1777576958245,servicesartisans-daw99au96-servicesartisans.vercel.app/api/cron/prospection-process,GET,,200,p6dnk-1777576958100-1ff0ddf9c85c,vercel-cron/1.0,error,production,master,BYPASS,middleware,/api/cron/prospection-process,servicesartisans-daw99au96-servicesartisans.vercel.app,servicesartisans-daw99au96-servicesartisans.vercel.app,dpl_P1EjsJibqJB8BDboagAcGoKcPdQA,,,,,"[2026-04-30T19:22:38.244Z] [ERROR] [UpstashRateLimiter] Circuit breaker opened {""consecutiveFailures"":6,""cooldownMs"":30000}",prj_h3YjJQCfZGWT8WoxOTfhgyyskrXT,,,,,,,
2026-04-30 19:22:38,1777576958245,servicesartisans-daw99au96-servicesartisans.vercel.app/api/cron/prospection-process,GET,,200,p6dnk-1777576958100-1ff0ddf9c85c,vercel-cron/1.0,error,production,master,BYPASS,middleware,/api/cron/prospection-process,servicesartisans-daw99au96-servicesartisans.vercel.app,servicesartisans-daw99au96-servicesartisans.vercel.app,dpl_P1EjsJibqJB8BDboagAcGoKcPdQA,,,,,"[2026-04-30T19:22:38.244Z] [ERROR] [UpstashRateLimiter] Redis unavailable {""key"":""44.202.41.3:/api/cron/prospection-process"",""failOpen"":true,""consecutiveFailures"":6}",prj_h3YjJQCfZGWT8WoxOTfhgyyskrXT,,,,,,,
2026-04-30 19:22:38,1777576958100,servicesartisans-daw99au96-servicesartisans.vercel.app/api/cron/prospection-process,GET,,200,p6dnk-1777576958100-1ff0ddf9c85c,vercel-cron/1.0,,production,master,BYPASS,function,/api/cron/prospection-process,servicesartisans-daw99au96-servicesartisans.vercel.app,servicesartisans-daw99au96-servicesartisans.vercel.app,dpl_P1EjsJibqJB8BDboagAcGoKcPdQA,251,cdg1,371,2048,,prj_h3YjJQCfZGWT8WoxOTfhgyyskrXT,,,01KQFXFPAS2MEF0XZ5CKCDKERS,Tm7ZvPvBWPkK,1,,
2026-04-30 19:22:38,1777576958100,servicesartisans-daw99au96-servicesartisans.vercel.app/api/cron/prospection-process,GET,,200,p6dnk-1777576958100-1ff0ddf9c85c,vercel-cron/1.0,,production,master,BYPASS,middleware,src/middleware,servicesartisans-daw99au96-servicesartisans.vercel.app,servicesartisans-daw99au96-servicesartisans.vercel.app,dpl_P1EjsJibqJB8BDboagAcGoKcPdQA,122,iad1,295,2048,,prj_h3YjJQCfZGWT8WoxOTfhgyyskrXT,,,01KQFXFP5689HP1VA7W4PSDBK9,W9UDtsWtsmCC,1,,
2026-04-30 19:22:38,1777576958100,servicesartisans-daw99au96-servicesartisans.vercel.app/api/cron/prospection-process,GET,,200,p6dnk-1777576958100-1ff0ddf9c85c,vercel-cron/1.0,,production,master,BYPASS,static,/api/cron/prospection-process,servicesartisans-daw99au96-servicesartisans.vercel.app,servicesartisans-daw99au96-servicesartisans.vercel.app,dpl_P1EjsJibqJB8BDboagAcGoKcPdQA,510,iad1,,,,prj_h3YjJQCfZGWT8WoxOTfhgyyskrXT,,,,,,,
2026-04-30 19:22:29,1777576949496,servicesartisans.fr/services/climaticien/ayguemorte-les-graves,GET,nxtPservice=climaticien&nxtPlocation=ayguemorte-les-graves,200,k56t6-1777576949278-4c455e413b39,Mozilla/5.0 (compatible; AhrefsBot/7.0; +http://ahrefs.com/robot/),error,production,master,MISS,function,/services/[service]/[location],servicesartisans.fr,servicesartisans.fr,dpl_P1EjsJibqJB8BDboagAcGoKcPdQA,,,,,"[2026-04-30T19:22:02.585Z] [ERROR] Redis command error {""error"":{""name"":""Error"",""message"":""HTTP 403"",""stack"":""Error: HTTP 403\n    at g (/var/task/.next/server/chunks/98754.js:1:2282)\n    at process.processTicksAndRejections (node:internal/process/task_queues:104:5)\n    at async p.set (/var/task/.next/server/chunks/98754.js:1:2905)""}}",prj_h3YjJQCfZGWT8WoxOTfhgyyskrXT,4052476a874084a890136eae5720da80,,,,,,
2026-04-30 19:22:29,1777576949621,servicesartisans.fr/services/climaticien/ayguemorte-les-graves,GET,nxtPservice=climaticien&nxtPlocation=ayguemorte-les-graves,200,k56t6-1777576949278-4c455e413b39,Mozilla/5.0 (compatible; AhrefsBot/7.0; +http://ahrefs.com/robot/),error,production,master,MISS,function,/services/[service]/[location],servicesartisans.fr,servicesartisans.fr,dpl_P1EjsJibqJB8BDboagAcGoKcPdQA,,,,,"[2026-04-30T19:22:29.620Z] [ERROR] Redis command error {""error"":{""name"":""Error"",""message"":""HTTP 403"",""stack"":""Error: HTTP 403\n    at g (/var/task/.next/server/chunks/98754.js:1:2282)\n    at process.processTicksAndRejections (node:internal/process/task_queues:104:5)\n    at async p.set (/var/task/.next/server/chunks/98754.js:1:2905)""}}",prj_h3YjJQCfZGWT8WoxOTfhgyyskrXT,4052476a874084a890136eae5720da80,,,,,,
2026-04-30 19:22:29,1777576949687,servicesartisans.fr/services/climaticien/ayguemorte-les-graves,GET,nxtPservice=climaticien&nxtPlocation=ayguemorte-les-graves,200,k56t6-1777576949278-4c455e413b39,Mozilla/5.0 (compatible; AhrefsBot/7.0; +http://ahrefs.com/robot/),error,production,master,MISS,function,/services/[service]/[location],servicesartisans.fr,servicesartisans.fr,dpl_P1EjsJibqJB8BDboagAcGoKcPdQA,,,,,"[2026-04-30T19:22:29.687Z] [ERROR] Redis command error {""error"":{""name"":""Error"",""message"":""HTTP 403"",""stack"":""Error: HTTP 403\n    at g (/var/task/.next/server/chunks/98754.js:1:2282)\n    at process.processTicksAndRejections (node:internal/process/task_queues:104:5)\n    at async p.set (/var/task/.next/server/chunks/98754.js:1:2905)""}}",prj_h3YjJQCfZGWT8WoxOTfhgyyskrXT,4052476a874084a890136eae5720da80,,,,,,
2026-04-30 19:22:29,1777576949721,servicesartisans.fr/services/climaticien/ayguemorte-les-graves,GET,nxtPservice=climaticien&nxtPlocation=ayguemorte-les-graves,200,k56t6-1777576949278-4c455e413b39,Mozilla/5.0 (compatible; AhrefsBot/7.0; +http://ahrefs.com/robot/),error,production,master,MISS,function,/services/[service]/[location],servicesartisans.fr,servicesartisans.fr,dpl_P1EjsJibqJB8BDboagAcGoKcPdQA,,,,,"[2026-04-30T19:22:29.721Z] [ERROR] Redis command error {""error"":{""name"":""Error"",""message"":""HTTP 403"",""stack"":""Error: HTTP 403\n    at g (/var/task/.next/server/chunks/98754.js:1:2282)\n    at process.processTicksAndRejections (node:internal/process/task_queues:104:5)\n    at async p.set (/var/task/.next/server/chunks/98754.js:1:2905)""}}",prj_h3YjJQCfZGWT8WoxOTfhgyyskrXT,4052476a874084a890136eae5720da80,,,,,,
2026-04-30 19:22:29,1777576949738,servicesartisans.fr/services/climaticien/ayguemorte-les-graves,GET,nxtPservice=climaticien&nxtPlocation=ayguemorte-les-graves,200,k56t6-1777576949278-4c455e413b39,Mozilla/5.0 (compatible; AhrefsBot/7.0; +http://ahrefs.com/robot/),error,production,master,MISS,function,/services/[service]/[location],servicesartisans.fr,servicesartisans.fr,dpl_P1EjsJibqJB8BDboagAcGoKcPdQA,,,,,"[2026-04-30T19:22:29.737Z] [ERROR] Redis command error {""error"":{""name"":""Error"",""message"":""HTTP 403"",""stack"":""Error: HTTP 403\n    at g (/var/task/.next/server/chunks/98754.js:1:2282)\n    at process.processTicksAndRejections (node:internal/process/task_queues:104:5)\n    at async p.set (/var/task/.next/server/chunks/98754.js:1:2905)""}}",prj_h3YjJQCfZGWT8WoxOTfhgyyskrXT,4052476a874084a890136eae5720da80,,,,,,
2026-04-30 19:22:29,1777576949781,servicesartisans.fr/services/climaticien/ayguemorte-les-graves,GET,nxtPservice=climaticien&nxtPlocation=ayguemorte-les-graves,200,k56t6-1777576949278-4c455e413b39,Mozilla/5.0 (compatible; AhrefsBot/7.0; +http://ahrefs.com/robot/),error,production,master,MISS,function,/services/[service]/[location],servicesartisans.fr,servicesartisans.fr,dpl_P1EjsJibqJB8BDboagAcGoKcPdQA,,,,,"[2026-04-30T19:22:29.758Z] [ERROR] Redis command error {""error"":{""name"":""Error"",""message"":""HTTP 403"",""stack"":""Error: HTTP 403\n    at g (/var/task/.next/server/chunks/98754.js:1:2282)\n    at process.processTicksAndRejections (node:internal/process/task_queues:104:5)\n    at async p.set (/var/task/.next/server/chunks/98754.js:1:2905)""}}",prj_h3YjJQCfZGWT8WoxOTfhgyyskrXT,4052476a874084a890136eae5720da80,,,,,,
2026-04-30 19:22:29,1777576949781,servicesartisans.fr/services/climaticien/ayguemorte-les-graves,GET,nxtPservice=climaticien&nxtPlocation=ayguemorte-les-graves,200,k56t6-1777576949278-4c455e413b39,Mozilla/5.0 (compatible; AhrefsBot/7.0; +http://ahrefs.com/robot/),error,production,master,MISS,function,/services/[service]/[location],servicesartisans.fr,servicesartisans.fr,dpl_P1EjsJibqJB8BDboagAcGoKcPdQA,,,,,"[2026-04-30T19:22:29.778Z] [ERROR] Redis command error {""error"":{""name"":""Error"",""message"":""HTTP 403"",""stack"":""Error: HTTP 403\n    at g (/var/task/.next/server/chunks/98754.js:1:2282)\n    at process.processTicksAndRejections (node:internal/process/task_queues:104:5)\n    at async p.set (/var/task/.next/server/chunks/98754.js:1:2905)""}}",prj_h3YjJQCfZGWT8WoxOTfhgyyskrXT,4052476a874084a890136eae5720da80,,,,,,
2026-04-30 19:22:29,1777576949785,servicesartisans.fr/services/climaticien/ayguemorte-les-graves,GET,nxtPservice=climaticien&nxtPlocation=ayguemorte-les-graves,200,k56t6-1777576949278-4c455e413b39,Mozilla/5.0 (compatible; AhrefsBot/7.0; +http://ahrefs.com/robot/),error,production,master,MISS,function,/services/[service]/[location],servicesartisans.fr,servicesartisans.fr,dpl_P1EjsJibqJB8BDboagAcGoKcPdQA,,,,,"[2026-04-30T19:22:29.781Z] [ERROR] Upstash circuit breaker opened {""reason"":""HTTP 403"",""consecutiveAuthFailures"":3,""reopenInMs"":60000}",prj_h3YjJQCfZGWT8WoxOTfhgyyskrXT,4052476a874084a890136eae5720da80,,,,,,
2026-04-30 19:22:29,1777576949278,servicesartisans.fr/services/climaticien/ayguemorte-les-graves,GET,nxtPservice=climaticien&nxtPlocation=ayguemorte-les-graves,200,k56t6-1777576949278-4c455e413b39,Mozilla/5.0 (compatible; AhrefsBot/7.0; +http://ahrefs.com/robot/),,production,master,MISS,function,/services/[service]/[location],servicesartisans.fr,servicesartisans.fr,dpl_P1EjsJibqJB8BDboagAcGoKcPdQA,431,cdg1,522,2048,,prj_h3YjJQCfZGWT8WoxOTfhgyyskrXT,4052476a874084a890136eae5720da80,,01KQFXFDQ6821BH62TBJEN9N9H,fQRaFIGjlkr1,1,,
2026-04-30 19:22:29,1777576949278,servicesartisans.fr/services/climaticien/ayguemorte-les-graves,GET,nxtPservice=climaticien&nxtPlocation=ayguemorte-les-graves,200,k56t6-1777576949278-4c455e413b39,Mozilla/5.0 (compatible; AhrefsBot/7.0; +http://ahrefs.com/robot/),,production,master,MISS,middleware,src/middleware,servicesartisans.fr,servicesartisans.fr,dpl_P1EjsJibqJB8BDboagAcGoKcPdQA,29,yul1,301,2048,,prj_h3YjJQCfZGWT8WoxOTfhgyyskrXT,4052476a874084a890136eae5720da80,,01KQFXFDH9VMJRSG09TNKYPPJR,TCkx9wqq4Aof,1,,
2026-04-30 19:22:27,1777576947349,servicesartisans.fr/avis/domoticien/franqueville-saint-pierre,GET,,200,bwlzk-1777576947019-af11fde031b3,"Mozilla/5.0 AppleWebKit/537.36 (KHTML, like Gecko; compatible; Amazonbot/0.1; +https://developer.amazon.com/support/amazonbot) Chrome/119.0.6045.214 Safari/537.36",error,production,master,MISS,function,/avis/[service]/[ville],servicesartisans.fr,servicesartisans.fr,dpl_P1EjsJibqJB8BDboagAcGoKcPdQA,,,,,"[2026-04-30T19:22:27.349Z] [ERROR] Redis command error {""error"":{""name"":""Error"",""message"":""HTTP 403"",""stack"":""Error: HTTP 403\n    at g (/var/task/.next/server/chunks/98754.js:1:2282)\n    at process.processTicksAndRejections (node:internal/process/task_queues:104:5)\n    at async p.set (/var/task/.next/server/chunks/98754.js:1:2905)""}}",prj_h3YjJQCfZGWT8WoxOTfhgyyskrXT,,,,,,,
2026-04-30 19:22:27,1777576947374,servicesartisans.fr/avis/domoticien/franqueville-saint-pierre,GET,,200,bwlzk-1777576947019-af11fde031b3,"Mozilla/5.0 AppleWebKit/537.36 (KHTML, like Gecko; compatible; Amazonbot/0.1; +https://developer.amazon.com/support/amazonbot) Chrome/119.0.6045.214 Safari/537.36",error,production,master,MISS,function,/avis/[service]/[ville],servicesartisans.fr,servicesartisans.fr,dpl_P1EjsJibqJB8BDboagAcGoKcPdQA,,,,,"[2026-04-30T19:22:27.373Z] [ERROR] Redis command error {""error"":{""name"":""Error"",""message"":""HTTP 403"",""stack"":""Error: HTTP 403\n    at g (/var/task/.next/server/chunks/98754.js:1:2282)\n    at process.processTicksAndRejections (node:internal/process/task_queues:104:5)\n    at async p.set (/var/task/.next/server/chunks/98754.js:1:2905)""}}",prj_h3YjJQCfZGWT8WoxOTfhgyyskrXT,,,,,,,
2026-04-30 19:22:27,1777576947388,servicesartisans.fr/avis/domoticien/franqueville-saint-pierre,GET,,200,bwlzk-1777576947019-af11fde031b3,"Mozilla/5.0 AppleWebKit/537.36 (KHTML, like Gecko; compatible; Amazonbot/0.1; +https://developer.amazon.com/support/amazonbot) Chrome/119.0.6045.214 Safari/537.36",error,production,master,MISS,function,/avis/[service]/[ville],servicesartisans.fr,servicesartisans.fr,dpl_P1EjsJibqJB8BDboagAcGoKcPdQA,,,,,"[2026-04-30T19:22:27.387Z] [ERROR] Upstash circuit breaker opened {""reason"":""HTTP 403"",""consecutiveAuthFailures"":3,""reopenInMs"":60000}",prj_h3YjJQCfZGWT8WoxOTfhgyyskrXT,,,,,,,
2026-04-30 19:22:27,1777576947432,servicesartisans.fr/avis/domoticien/franqueville-saint-pierre,GET,,200,bwlzk-1777576947019-af11fde031b3,"Mozilla/5.0 AppleWebKit/537.36 (KHTML, like Gecko; compatible; Amazonbot/0.1; +https://developer.amazon.com/support/amazonbot) Chrome/119.0.6045.214 Safari/537.36",error,production,master,MISS,function,/avis/[service]/[ville],servicesartisans.fr,servicesartisans.fr,dpl_P1EjsJibqJB8BDboagAcGoKcPdQA,,,,,"[2026-04-30T19:22:27.431Z] [ERROR] Redis command error {""error"":{""name"":""Error"",""message"":""HTTP 403"",""stack"":""Error: HTTP 403\n    at g (/var/task/.next/server/chunks/98754.js:1:2282)\n    at process.processTicksAndRejections (node:internal/process/task_queues:104:5)\n    at async p.set (/var/task/.next/server/chunks/98754.js:1:2905)""}}",prj_h3YjJQCfZGWT8WoxOTfhgyyskrXT,,,,,,,
2026-04-30 19:22:27,1777576947468,servicesartisans.fr/avis/domoticien/franqueville-saint-pierre,GET,,200,bwlzk-1777576947019-af11fde031b3,"Mozilla/5.0 AppleWebKit/537.36 (KHTML, like Gecko; compatible; Amazonbot/0.1; +https://developer.amazon.com/support/amazonbot) Chrome/119.0.6045.214 Safari/537.36",error,production,master,MISS,function,/avis/[service]/[ville],servicesartisans.fr,servicesartisans.fr,dpl_P1EjsJibqJB8BDboagAcGoKcPdQA,,,,,"[2026-04-30T19:22:27.468Z] [ERROR] Redis command error {""error"":{""name"":""Error"",""message"":""HTTP 403"",""stack"":""Error: HTTP 403\n    at g (/var/task/.next/server/chunks/98754.js:1:2282)\n    at process.processTicksAndRejections (node:internal/process/task_queues:104:5)\n    at async p.set (/var/task/.next/server/chunks/98754.js:1:2905)""}}",prj_h3YjJQCfZGWT8WoxOTfhgyyskrXT,,,,,,,
2026-04-30 19:22:27,1777576947491,servicesartisans.fr/avis/domoticien/franqueville-saint-pierre,GET,,200,bwlzk-1777576947019-af11fde031b3,"Mozilla/5.0 AppleWebKit/537.36 (KHTML, like Gecko; compatible; Amazonbot/0.1; +https://developer.amazon.com/support/amazonbot) Chrome/119.0.6045.214 Safari/537.36",error,production,master,MISS,function,/avis/[service]/[ville],servicesartisans.fr,servicesartisans.fr,dpl_P1EjsJibqJB8BDboagAcGoKcPdQA,,,,,"[2026-04-30T19:22:27.491Z] [ERROR] Redis command error {""error"":{""name"":""Error"",""message"":""HTTP 403"",""stack"":""Error: HTTP 403\n    at g (/var/task/.next/server/chunks/98754.js:1:2282)\n    at process.processTicksAndRejections (node:internal/process/task_queues:104:5)\n    at async p.set (/var/task/.next/server/chunks/98754.js:1:2905)""}}",prj_h3YjJQCfZGWT8WoxOTfhgyyskrXT,,,,,,,
2026-04-30 19:22:27,1777576947549,servicesartisans.fr/avis/domoticien/franqueville-saint-pierre,GET,,200,bwlzk-1777576947019-af11fde031b3,"Mozilla/5.0 AppleWebKit/537.36 (KHTML, like Gecko; compatible; Amazonbot/0.1; +https://developer.amazon.com/support/amazonbot) Chrome/119.0.6045.214 Safari/537.36",error,production,master,MISS,function,/avis/[service]/[ville],servicesartisans.fr,servicesartisans.fr,dpl_P1EjsJibqJB8BDboagAcGoKcPdQA,,,,,"[2026-04-30T19:22:27.548Z] [ERROR] Redis command error {""error"":{""name"":""Error"",""message"":""HTTP 403"",""stack"":""Error: HTTP 403\n    at g (/var/task/.next/server/chunks/98754.js:1:2282)\n    at process.processTicksAndRejections (node:internal/process/task_queues:104:5)\n    at async p.set (/var/task/.next/server/chunks/98754.js:1:2905)""}}",prj_h3YjJQCfZGWT8WoxOTfhgyyskrXT,,,,,,,
2026-04-30 19:22:27,1777576947550,servicesartisans.fr/avis/domoticien/franqueville-saint-pierre,GET,,200,bwlzk-1777576947019-af11fde031b3,"Mozilla/5.0 AppleWebKit/537.36 (KHTML, like Gecko; compatible; Amazonbot/0.1; +https://developer.amazon.com/support/amazonbot) Chrome/119.0.6045.214 Safari/537.36",error,production,master,MISS,function,/avis/[service]/[ville],servicesartisans.fr,servicesartisans.fr,dpl_P1EjsJibqJB8BDboagAcGoKcPdQA,,,,,"[2026-04-30T19:22:27.549Z] [ERROR] Redis command error {""error"":{""name"":""Error"",""message"":""HTTP 403"",""stack"":""Error: HTTP 403\n    at g (/var/task/.next/server/chunks/98754.js:1:2282)\n    at process.processTicksAndRejections (node:internal/process/task_queues:104:5)\n    at async p.set (/var/task/.next/server/chunks/98754.js:1:2905)""}}",prj_h3YjJQCfZGWT8WoxOTfhgyyskrXT,,,,,,,
2026-04-30 19:22:27,1777576947597,servicesartisans.fr/avis/domoticien/franqueville-saint-pierre,GET,,200,bwlzk-1777576947019-af11fde031b3,"Mozilla/5.0 AppleWebKit/537.36 (KHTML, like Gecko; compatible; Amazonbot/0.1; +https://developer.amazon.com/support/amazonbot) Chrome/119.0.6045.214 Safari/537.36",error,production,master,MISS,function,/avis/[service]/[ville],servicesartisans.fr,servicesartisans.fr,dpl_P1EjsJibqJB8BDboagAcGoKcPdQA,,,,,"[2026-04-30T19:22:27.579Z] [ERROR] Upstash circuit breaker opened {""reason"":""HTTP 403"",""consecutiveAuthFailures"":3,""reopenInMs"":60000}",prj_h3YjJQCfZGWT8WoxOTfhgyyskrXT,,,,,,,
2026-04-30 19:22:27,1777576947019,servicesartisans.fr/avis/domoticien/franqueville-saint-pierre,GET,,200,bwlzk-1777576947019-af11fde031b3,"Mozilla/5.0 AppleWebKit/537.36 (KHTML, like Gecko; compatible; Amazonbot/0.1; +https://developer.amazon.com/support/amazonbot) Chrome/119.0.6045.214 Safari/537.36",,production,master,MISS,middleware,src/middleware,servicesartisans.fr,servicesartisans.fr,dpl_P1EjsJibqJB8BDboagAcGoKcPdQA,10,iad1,294,2048,,prj_h3YjJQCfZGWT8WoxOTfhgyyskrXT,,,01KQFXFBATWQNQ6BMJ8ATSZA9N,W9UDtsWtsmCC,1,,
2026-04-30 19:22:27,1777576947019,servicesartisans.fr/avis/domoticien/franqueville-saint-pierre,GET,,200,bwlzk-1777576947019-af11fde031b3,"Mozilla/5.0 AppleWebKit/537.36 (KHTML, like Gecko; compatible; Amazonbot/0.1; +https://developer.amazon.com/support/amazonbot) Chrome/119.0.6045.214 Safari/537.36",,production,master,MISS,function,/avis/[service]/[ville],servicesartisans.fr,servicesartisans.fr,dpl_P1EjsJibqJB8BDboagAcGoKcPdQA,526,cdg1,491,2048,,prj_h3YjJQCfZGWT8WoxOTfhgyyskrXT,,,01KQFXFBG4G44CQ4B4CHAXWRW4,pyYPnyPdy4xa,1,,
2026-04-30 19:22:02,1777576922271,servicesartisans.fr/services/climaticien/celles-24,GET,nxtPservice=climaticien&nxtPlocation=celles-24,200,bdh5s-1777576921930-bdfd7334b594,Mozilla/5.0 (compatible; AhrefsBot/7.0; +http://ahrefs.com/robot/),error,production,master,MISS,function,/services/[service]/[location],servicesartisans.fr,servicesartisans.fr,dpl_P1EjsJibqJB8BDboagAcGoKcPdQA,,,,,"[2026-04-30T19:22:02.271Z] [ERROR] Redis command error {""error"":{""name"":""Error"",""message"":""HTTP 403"",""stack"":""Error: HTTP 403\n    at g (/var/task/.next/server/chunks/98754.js:1:2282)\n    at process.processTicksAndRejections (node:internal/process/task_queues:104:5)\n    at async p.set (/var/task/.next/server/chunks/98754.js:1:2905)""}}",prj_h3YjJQCfZGWT8WoxOTfhgyyskrXT,,,,,,,
2026-04-30 19:22:02,1777576922294,servicesartisans.fr/services/climaticien/celles-24,GET,nxtPservice=climaticien&nxtPlocation=celles-24,200,bdh5s-1777576921930-bdfd7334b594,Mozilla/5.0 (compatible; AhrefsBot/7.0; +http://ahrefs.com/robot/),error,production,master,MISS,function,/services/[service]/[location],servicesartisans.fr,servicesartisans.fr,dpl_P1EjsJibqJB8BDboagAcGoKcPdQA,,,,,"[2026-04-30T19:22:02.293Z] [ERROR] Redis command error {""error"":{""name"":""Error"",""message"":""HTTP 403"",""stack"":""Error: HTTP 403\n    at g (/var/task/.next/server/chunks/98754.js:1:2282)\n    at process.processTicksAndRejections (node:internal/process/task_queues:104:5)\n    at async p.set (/var/task/.next/server/chunks/98754.js:1:2905)""}}",prj_h3YjJQCfZGWT8WoxOTfhgyyskrXT,,,,,,,
2026-04-30 19:22:02,1777576922317,servicesartisans.fr/services/climaticien/celles-24,GET,nxtPservice=climaticien&nxtPlocation=celles-24,200,bdh5s-1777576921930-bdfd7334b594,Mozilla/5.0 (compatible; AhrefsBot/7.0; +http://ahrefs.com/robot/),error,production,master,MISS,function,/services/[service]/[location],servicesartisans.fr,servicesartisans.fr,dpl_P1EjsJibqJB8BDboagAcGoKcPdQA,,,,,"[2026-04-30T19:22:02.311Z] [ERROR] Redis command error {""error"":{""name"":""Error"",""message"":""HTTP 403"",""stack"":""Error: HTTP 403\n    at g (/var/task/.next/server/chunks/98754.js:1:2282)\n    at process.processTicksAndRejections (node:internal/process/task_queues:104:5)\n    at async p.set (/var/task/.next/server/chunks/98754.js:1:2905)""}}",prj_h3YjJQCfZGWT8WoxOTfhgyyskrXT,,,,,,,
2026-04-30 19:22:02,1777576922446,servicesartisans.fr/services/climaticien/celles-24,GET,nxtPservice=climaticien&nxtPlocation=celles-24,200,bdh5s-1777576921930-bdfd7334b594,Mozilla/5.0 (compatible; AhrefsBot/7.0; +http://ahrefs.com/robot/),error,production,master,MISS,function,/services/[service]/[location],servicesartisans.fr,servicesartisans.fr,dpl_P1EjsJibqJB8BDboagAcGoKcPdQA,,,,,"[2026-04-30T19:22:02.445Z] [ERROR] Redis command error {""error"":{""name"":""Error"",""message"":""HTTP 403"",""stack"":""Error: HTTP 403\n    at g (/var/task/.next/server/chunks/98754.js:1:2282)\n    at process.processTicksAndRejections (node:internal/process/task_queues:104:5)\n    at async p.set (/var/task/.next/server/chunks/98754.js:1:2905)""}}",prj_h3YjJQCfZGWT8WoxOTfhgyyskrXT,,,,,,,
2026-04-30 19:22:02,1777576922465,servicesartisans.fr/services/climaticien/celles-24,GET,nxtPservice=climaticien&nxtPlocation=celles-24,200,bdh5s-1777576921930-bdfd7334b594,Mozilla/5.0 (compatible; AhrefsBot/7.0; +http://ahrefs.com/robot/),error,production,master,MISS,function,/services/[service]/[location],servicesartisans.fr,servicesartisans.fr,dpl_P1EjsJibqJB8BDboagAcGoKcPdQA,,,,,"[2026-04-30T19:22:02.464Z] [ERROR] Redis command error {""error"":{""name"":""Error"",""message"":""HTTP 403"",""stack"":""Error: HTTP 403\n    at g (/var/task/.next/server/chunks/98754.js:1:2282)\n    at process.processTicksAndRejections (node:internal/process/task_queues:104:5)\n    at async p.set (/var/task/.next/server/chunks/98754.js:1:2905)""}}",prj_h3YjJQCfZGWT8WoxOTfhgyyskrXT,,,,,,,
2026-04-30 19:22:02,1777576922477,servicesartisans.fr/services/climaticien/celles-24,GET,nxtPservice=climaticien&nxtPlocation=celles-24,200,bdh5s-1777576921930-bdfd7334b594,Mozilla/5.0 (compatible; AhrefsBot/7.0; +http://ahrefs.com/robot/),error,production,master,MISS,function,/services/[service]/[location],servicesartisans.fr,servicesartisans.fr,dpl_P1EjsJibqJB8BDboagAcGoKcPdQA,,,,,"[2026-04-30T19:22:02.467Z] [ERROR] Redis command error {""error"":{""name"":""Error"",""message"":""HTTP 403"",""stack"":""Error: HTTP 403\n    at g (/var/task/.next/server/chunks/98754.js:1:2282)\n    at process.processTicksAndRejections (node:internal/process/task_queues:104:5)\n    at async p.set (/var/task/.next/server/chunks/98754.js:1:2905)""}}",prj_h3YjJQCfZGWT8WoxOTfhgyyskrXT,,,,,,,
2026-04-30 19:22:02,1777576922519,servicesartisans.fr/services/climaticien/celles-24,GET,nxtPservice=climaticien&nxtPlocation=celles-24,200,bdh5s-1777576921930-bdfd7334b594,Mozilla/5.0 (compatible; AhrefsBot/7.0; +http://ahrefs.com/robot/),error,production,master,MISS,function,/services/[service]/[location],servicesartisans.fr,servicesartisans.fr,dpl_P1EjsJibqJB8BDboagAcGoKcPdQA,,,,,"[2026-04-30T19:22:02.518Z] [ERROR] Upstash circuit breaker opened {""reason"":""HTTP 403"",""consecutiveAuthFailures"":3,""reopenInMs"":60000}",prj_h3YjJQCfZGWT8WoxOTfhgyyskrXT,,,,,,,
2026-04-30 19:22:02,1777576922545,servicesartisans.fr/services/climaticien/celles-24,GET,nxtPservice=climaticien&nxtPlocation=celles-24,200,bdh5s-1777576921930-bdfd7334b594,Mozilla/5.0 (compatible; AhrefsBot/7.0; +http://ahrefs.com/robot/),error,production,master,MISS,function,/services/[service]/[location],servicesartisans.fr,servicesartisans.fr,dpl_P1EjsJibqJB8BDboagAcGoKcPdQA,,,,,"[2026-04-30T19:22:02.545Z] [ERROR] Redis command error {""error"":{""name"":""Error"",""message"":""HTTP 403"",""stack"":""Error: HTTP 403\n    at g (/var/task/.next/server/chunks/98754.js:1:2282)\n    at process.processTicksAndRejections (node:internal/process/task_queues:104:5)\n    at async p.set (/var/task/.next/server/chunks/98754.js:1:2905)""}}",prj_h3YjJQCfZGWT8WoxOTfhgyyskrXT,,,,,,,
2026-04-30 19:22:02,1777576922565,servicesartisans.fr/services/climaticien/celles-24,GET,nxtPservice=climaticien&nxtPlocation=celles-24,200,bdh5s-1777576921930-bdfd7334b594,Mozilla/5.0 (compatible; AhrefsBot/7.0; +http://ahrefs.com/robot/),error,production,master,MISS,function,/services/[service]/[location],servicesartisans.fr,servicesartisans.fr,dpl_P1EjsJibqJB8BDboagAcGoKcPdQA,,,,,"[2026-04-30T19:22:02.564Z] [ERROR] Redis command error {""error"":{""name"":""Error"",""message"":""HTTP 403"",""stack"":""Error: HTTP 403\n    at g (/var/task/.next/server/chunks/98754.js:1:2282)\n    at process.processTicksAndRejections (node:internal/process/task_queues:104:5)\n    at async p.set (/var/task/.next/server/chunks/98754.js:1:2905)""}}",prj_h3YjJQCfZGWT8WoxOTfhgyyskrXT,,,,,,,
2026-04-30 19:22:01,1777576921930,servicesartisans.fr/services/climaticien/celles-24,GET,nxtPservice=climaticien&nxtPlocation=celles-24,200,bdh5s-1777576921930-bdfd7334b594,Mozilla/5.0 (compatible; AhrefsBot/7.0; +http://ahrefs.com/robot/),,production,master,MISS,middleware,src/middleware,servicesartisans.fr,servicesartisans.fr,dpl_P1EjsJibqJB8BDboagAcGoKcPdQA,7,yul1,301,2048,,prj_h3YjJQCfZGWT8WoxOTfhgyyskrXT,,,01KQFXEJTW8QEATZ9E140TAM6W,TCkx9wqq4Aof,1,,
2026-04-30 19:22:01,1777576921930,servicesartisans.fr/services/climaticien/celles-24,GET,nxtPservice=climaticien&nxtPlocation=celles-24,200,bdh5s-1777576921930-bdfd7334b594,Mozilla/5.0 (compatible; AhrefsBot/7.0; +http://ahrefs.com/robot/),,production,master,MISS,function,/services/[service]/[location],servicesartisans.fr,servicesartisans.fr,dpl_P1EjsJibqJB8BDboagAcGoKcPdQA,458,cdg1,522,2048,,prj_h3YjJQCfZGWT8WoxOTfhgyyskrXT,,,01KQFXEK02PGTSSNK1EK8F105R,fQRaFIGjlkr1,1,,
2026-04-30 19:21:58,1777576918159,servicesartisans.fr/api/stats/demand,GET,,200,dnqb4-1777576918116-4f95b47aa84f,"Mozilla/5.0 (iPhone; CPU iPhone OS 18_7_8 like Mac OS X) AppleWebKit/605.1.15 (KHTML, like Gecko) GSA/416.4.894748588 Mobile/15E148 Safari/604.1",error,production,master,MISS,middleware,/api/stats/demand,servicesartisans.fr,servicesartisans.fr,dpl_P1EjsJibqJB8BDboagAcGoKcPdQA,,,,,"[2026-04-30T19:21:58.154Z] [ERROR] [UpstashRateLimiter] Redis unavailable {""key"":""89.82.201.157:/api/stats/demand"",""failOpen"":true,""consecutiveFailures"":2}",prj_h3YjJQCfZGWT8WoxOTfhgyyskrXT,,,,,,,
2026-04-30 19:21:58,1777576918116,servicesartisans.fr/api/stats/demand,GET,,200,dnqb4-1777576918116-4f95b47aa84f,"Mozilla/5.0 (iPhone; CPU iPhone OS 18_7_8 like Mac OS X) AppleWebKit/605.1.15 (KHTML, like Gecko) GSA/416.4.894748588 Mobile/15E148 Safari/604.1",,production,master,MISS,middleware,src/middleware,servicesartisans.fr,servicesartisans.fr,dpl_P1EjsJibqJB8BDboagAcGoKcPdQA,61,cdg1,294,2048,,prj_h3YjJQCfZGWT8WoxOTfhgyyskrXT,,,01KQFXEEZZ5WNJ6W9JPE9J70KM,hJerlZyVvxSW,2,,
2026-04-30 19:21:58,1777576918116,servicesartisans.fr/api/stats/demand,GET,,200,dnqb4-1777576918116-4f95b47aa84f,"Mozilla/5.0 (iPhone; CPU iPhone OS 18_7_8 like Mac OS X) AppleWebKit/605.1.15 (KHTML, like Gecko) GSA/416.4.894748588 Mobile/15E148 Safari/604.1",,production,master,MISS,function,/api/stats/demand,servicesartisans.fr,servicesartisans.fr,dpl_P1EjsJibqJB8BDboagAcGoKcPdQA,377,cdg1,354,2048,,prj_h3YjJQCfZGWT8WoxOTfhgyyskrXT,,,01KQFXEF95WHC4TZWJBMQQ3CWF,fqRdCPV6yFI9,1,,
2026-04-30 19:21:58,1777576918106,servicesartisans.fr/api/geo/menu-data,GET,,304,6mslr-1777576918010-63bdec80c3ed,"Mozilla/5.0 (iPhone; CPU iPhone OS 18_7_8 like Mac OS X) AppleWebKit/605.1.15 (KHTML, like Gecko) GSA/416.4.894748588 Mobile/15E148 Safari/604.1",error,production,master,HIT,middleware,/api/geo/menu-data,servicesartisans.fr,servicesartisans.fr,dpl_P1EjsJibqJB8BDboagAcGoKcPdQA,,,,,"[2026-04-30T19:21:58.104Z] [ERROR] [UpstashRateLimiter] Redis unavailable {""key"":""89.82.201.157:/api/geo/menu-data"",""failOpen"":true,""consecutiveFailures"":1}",prj_h3YjJQCfZGWT8WoxOTfhgyyskrXT,,,,,,,
2026-04-30 19:21:58,1777576918010,servicesartisans.fr/api/geo/menu-data,GET,,304,6mslr-1777576918010-63bdec80c3ed,"Mozilla/5.0 (iPhone; CPU iPhone OS 18_7_8 like Mac OS X) AppleWebKit/605.1.15 (KHTML, like Gecko) GSA/416.4.894748588 Mobile/15E148 Safari/604.1",,production,master,HIT,middleware,src/middleware,servicesartisans.fr,servicesartisans.fr,dpl_P1EjsJibqJB8BDboagAcGoKcPdQA,138,cdg1,288,2048,,prj_h3YjJQCfZGWT8WoxOTfhgyyskrXT,,,01KQFXEEZZ5WNJ6W9JPE9J70KM,hJerlZyVvxSW,2,,
2026-04-30 19:21:58,1777576918010,servicesartisans.fr/api/geo/menu-data,GET,,304,6mslr-1777576918010-63bdec80c3ed,"Mozilla/5.0 (iPhone; CPU iPhone OS 18_7_8 like Mac OS X) AppleWebKit/605.1.15 (KHTML, like Gecko) GSA/416.4.894748588 Mobile/15E148 Safari/604.1",,production,master,HIT,static,/api/geo/menu-data,servicesartisans.fr,servicesartisans.fr,dpl_P1EjsJibqJB8BDboagAcGoKcPdQA,109,cdg1,,,,prj_h3YjJQCfZGWT8WoxOTfhgyyskrXT,,,,,,,
2026-04-30 19:21:54,1777576914798,servicesartisans.fr/api/geo/menu-data,GET,,304,ms8x7-1777576914730-899acf4d73b9,"Mozilla/5.0 (iPhone; CPU iPhone OS 18_7_8 like Mac OS X) AppleWebKit/605.1.15 (KHTML, like Gecko) GSA/416.4.894748588 Mobile/15E148 Safari/604.1",error,production,master,HIT,middleware,/api/geo/menu-data,servicesartisans.fr,servicesartisans.fr,dpl_P1EjsJibqJB8BDboagAcGoKcPdQA,,,,,"[2026-04-30T19:21:54.798Z] [ERROR] [UpstashRateLimiter] Circuit breaker opened {""consecutiveFailures"":4,""cooldownMs"":30000}",prj_h3YjJQCfZGWT8WoxOTfhgyyskrXT,,,,,,,
2026-04-30 19:21:54,1777576914798,servicesartisans.fr/api/geo/menu-data,GET,,304,ms8x7-1777576914730-899acf4d73b9,"Mozilla/5.0 (iPhone; CPU iPhone OS 18_7_8 like Mac OS X) AppleWebKit/605.1.15 (KHTML, like Gecko) GSA/416.4.894748588 Mobile/15E148 Safari/604.1",error,production,master,HIT,middleware,/api/geo/menu-data,servicesartisans.fr,servicesartisans.fr,dpl_P1EjsJibqJB8BDboagAcGoKcPdQA,,,,,"[2026-04-30T19:21:54.798Z] [ERROR] [UpstashRateLimiter] Redis unavailable {""key"":""89.82.201.157:/api/geo/menu-data"",""failOpen"":true,""consecutiveFailures"":4}",prj_h3YjJQCfZGWT8WoxOTfhgyyskrXT,,,,,,,
2026-04-30 19:21:54,1777576914730,servicesartisans.fr/api/geo/menu-data,GET,,304,ms8x7-1777576914730-899acf4d73b9,"Mozilla/5.0 (iPhone; CPU iPhone OS 18_7_8 like Mac OS X) AppleWebKit/605.1.15 (KHTML, like Gecko) GSA/416.4.894748588 Mobile/15E148 Safari/604.1",,production,master,HIT,middleware,src/middleware,servicesartisans.fr,servicesartisans.fr,dpl_P1EjsJibqJB8BDboagAcGoKcPdQA,53,cdg1,302,2048,,prj_h3YjJQCfZGWT8WoxOTfhgyyskrXT,,,01KQFXEBSH5MVAZ9G376QPJE89,bveefIVCsOZo,1,,
2026-04-30 19:21:54,1777576914730,servicesartisans.fr/api/geo/menu-data,GET,,304,ms8x7-1777576914730-899acf4d73b9,"Mozilla/5.0 (iPhone; CPU iPhone OS 18_7_8 like Mac OS X) AppleWebKit/605.1.15 (KHTML, like Gecko) GSA/416.4.894748588 Mobile/15E148 Safari/604.1",,production,master,HIT,static,/api/geo/menu-data,servicesartisans.fr,servicesartisans.fr,dpl_P1EjsJibqJB8BDboagAcGoKcPdQA,73,cdg1,,,,prj_h3YjJQCfZGWT8WoxOTfhgyyskrXT,,,,,,,
2026-04-30 19:21:46,1777576906593,servicesartisans.fr/api/geo/menu-data,GET,,200,vtl87-1777576906518-085b479d39d7,"Mozilla/5.0 (iPhone; CPU iPhone OS 18_7_8 like Mac OS X) AppleWebKit/605.1.15 (KHTML, like Gecko) GSA/416.4.894748588 Mobile/15E148 Safari/604.1",error,production,master,HIT,middleware,/api/geo/menu-data,servicesartisans.fr,servicesartisans.fr,dpl_P1EjsJibqJB8BDboagAcGoKcPdQA,,,,,"[2026-04-30T19:21:46.592Z] [ERROR] [UpstashRateLimiter] Circuit breaker opened {""consecutiveFailures"":6,""cooldownMs"":30000}",prj_h3YjJQCfZGWT8WoxOTfhgyyskrXT,,,,,,,
2026-04-30 19:21:46,1777576906593,servicesartisans.fr/api/geo/menu-data,GET,,200,vtl87-1777576906518-085b479d39d7,"Mozilla/5.0 (iPhone; CPU iPhone OS 18_7_8 like Mac OS X) AppleWebKit/605.1.15 (KHTML, like Gecko) GSA/416.4.894748588 Mobile/15E148 Safari/604.1",error,production,master,HIT,middleware,/api/geo/menu-data,servicesartisans.fr,servicesartisans.fr,dpl_P1EjsJibqJB8BDboagAcGoKcPdQA,,,,,"[2026-04-30T19:21:46.592Z] [ERROR] [UpstashRateLimiter] Redis unavailable {""key"":""89.82.201.157:/api/geo/menu-data"",""failOpen"":true,""consecutiveFailures"":6}",prj_h3YjJQCfZGWT8WoxOTfhgyyskrXT,,,,,,,
2026-04-30 19:21:46,1777576906518,servicesartisans.fr/api/geo/menu-data,GET,,200,vtl87-1777576906518-085b479d39d7,"Mozilla/5.0 (iPhone; CPU iPhone OS 18_7_8 like Mac OS X) AppleWebKit/605.1.15 (KHTML, like Gecko) GSA/416.4.894748588 Mobile/15E148 Safari/604.1",,production,master,HIT,middleware,src/middleware,servicesartisans.fr,servicesartisans.fr,dpl_P1EjsJibqJB8BDboagAcGoKcPdQA,57,cdg1,303,2048,,prj_h3YjJQCfZGWT8WoxOTfhgyyskrXT,,,01KQFXE3S0G1VNTP9ZJH8K3NKG,XLUMyIEvDBY1,1,,
2026-04-30 19:21:46,1777576906518,servicesartisans.fr/api/geo/menu-data,GET,,200,vtl87-1777576906518-085b479d39d7,"Mozilla/5.0 (iPhone; CPU iPhone OS 18_7_8 like Mac OS X) AppleWebKit/605.1.15 (KHTML, like Gecko) GSA/416.4.894748588 Mobile/15E148 Safari/604.1",,production,master,HIT,static,/api/geo/menu-data,servicesartisans.fr,servicesartisans.fr,dpl_P1EjsJibqJB8BDboagAcGoKcPdQA,81,cdg1,,,,prj_h3YjJQCfZGWT8WoxOTfhgyyskrXT,,,,,,,
2026-04-30 19:21:45,1777576905806,servicesartisans.fr/services/climaticien/consegudes,GET,nxtPservice=climaticien&nxtPlocation=consegudes,200,5z72k-1777576905517-a264fca7c9ad,Mozilla/5.0 (compatible; AhrefsBot/7.0; +http://ahrefs.com/robot/),error,production,master,MISS,function,/services/[service]/[location],servicesartisans.fr,servicesartisans.fr,dpl_P1EjsJibqJB8BDboagAcGoKcPdQA,,,,,"[2026-04-30T19:21:45.806Z] [ERROR] Redis command error {""error"":{""name"":""Error"",""message"":""HTTP 403"",""stack"":""Error: HTTP 403\n    at g (/var/task/.next/server/chunks/98754.js:1:2220)\n    at process.processTicksAndRejections (node:internal/process/task_queues:104:5)\n    at async p.set (/var/task/.next/server/chunks/98754.js:1:2843)""}}",prj_h3YjJQCfZGWT8WoxOTfhgyyskrXT,,,,,,,
2026-04-30 19:21:45,1777576905819,servicesartisans.fr/services/climaticien/consegudes,GET,nxtPservice=climaticien&nxtPlocation=consegudes,200,5z72k-1777576905517-a264fca7c9ad,Mozilla/5.0 (compatible; AhrefsBot/7.0; +http://ahrefs.com/robot/),error,production,master,MISS,function,/services/[service]/[location],servicesartisans.fr,servicesartisans.fr,dpl_P1EjsJibqJB8BDboagAcGoKcPdQA,,,,,"[2026-04-30T19:21:45.818Z] [ERROR] Redis command error {""error"":{""name"":""Error"",""message"":""HTTP 403"",""stack"":""Error: HTTP 403\n    at g (/var/task/.next/server/chunks/98754.js:1:2220)\n    at process.processTicksAndRejections (node:internal/process/task_queues:104:5)\n    at async p.set (/var/task/.next/server/chunks/98754.js:1:2843)""}}",prj_h3YjJQCfZGWT8WoxOTfhgyyskrXT,,,,,,,
2026-04-30 19:21:45,1777576905891,servicesartisans.fr/services/climaticien/consegudes,GET,nxtPservice=climaticien&nxtPlocation=consegudes,200,5z72k-1777576905517-a264fca7c9ad,Mozilla/5.0 (compatible; AhrefsBot/7.0; +http://ahrefs.com/robot/),error,production,master,MISS,function,/services/[service]/[location],servicesartisans.fr,servicesartisans.fr,dpl_P1EjsJibqJB8BDboagAcGoKcPdQA,,,,,"[2026-04-30T19:21:45.891Z] [ERROR] Redis command error {""error"":{""name"":""Error"",""message"":""HTTP 403"",""stack"":""Error: HTTP 403\n    at g (/var/task/.next/server/chunks/98754.js:1:2220)\n    at process.processTicksAndRejections (node:internal/process/task_queues:104:5)\n    at async p.set (/var/task/.next/server/chunks/98754.js:1:2843)""}}",prj_h3YjJQCfZGWT8WoxOTfhgyyskrXT,,,,,,,
2026-04-30 19:21:45,1777576905979,servicesartisans.fr/services/climaticien/consegudes,GET,nxtPservice=climaticien&nxtPlocation=consegudes,200,5z72k-1777576905517-a264fca7c9ad,Mozilla/5.0 (compatible; AhrefsBot/7.0; +http://ahrefs.com/robot/),error,production,master,MISS,function,/services/[service]/[location],servicesartisans.fr,servicesartisans.fr,dpl_P1EjsJibqJB8BDboagAcGoKcPdQA,,,,,"[2026-04-30T19:21:45.979Z] [ERROR] Redis command error {""error"":{""name"":""Error"",""message"":""HTTP 403"",""stack"":""Error: HTTP 403\n    at g (/var/task/.next/server/chunks/98754.js:1:2220)\n    at process.processTicksAndRejections (node:internal/process/task_queues:104:5)\n    at async p.set (/var/task/.next/server/chunks/98754.js:1:2843)""}}",prj_h3YjJQCfZGWT8WoxOTfhgyyskrXT,,,,,,,
2026-04-30 19:21:45,1777576905989,servicesartisans.fr/services/climaticien/consegudes,GET,nxtPservice=climaticien&nxtPlocation=consegudes,200,5z72k-1777576905517-a264fca7c9ad,Mozilla/5.0 (compatible; AhrefsBot/7.0; +http://ahrefs.com/robot/),error,production,master,MISS,function,/services/[service]/[location],servicesartisans.fr,servicesartisans.fr,dpl_P1EjsJibqJB8BDboagAcGoKcPdQA,,,,,"[2026-04-30T19:21:45.989Z] [ERROR] Redis command error {""error"":{""name"":""Error"",""message"":""HTTP 403"",""stack"":""Error: HTTP 403\n    at g (/var/task/.next/server/chunks/98754.js:1:2220)\n    at process.processTicksAndRejections (node:internal/process/task_queues:104:5)\n    at async p.set (/var/task/.next/server/chunks/98754.js:1:2843)""}}",prj_h3YjJQCfZGWT8WoxOTfhgyyskrXT,,,,,,,
2026-04-30 19:21:45,1777576905995,servicesartisans.fr/services/climaticien/consegudes,GET,nxtPservice=climaticien&nxtPlocation=consegudes,200,5z72k-1777576905517-a264fca7c9ad,Mozilla/5.0 (compatible; AhrefsBot/7.0; +http://ahrefs.com/robot/),error,production,master,MISS,function,/services/[service]/[location],servicesartisans.fr,servicesartisans.fr,dpl_P1EjsJibqJB8BDboagAcGoKcPdQA,,,,,"[2026-04-30T19:21:45.995Z] [ERROR] Redis command error {""error"":{""name"":""Error"",""message"":""HTTP 403"",""stack"":""Error: HTTP 403\n    at g (/var/task/.next/server/chunks/98754.js:1:2220)\n    at process.processTicksAndRejections (node:internal/process/task_queues:104:5)\n    at async p.set (/var/task/.next/server/chunks/98754.js:1:2843)""}}",prj_h3YjJQCfZGWT8WoxOTfhgyyskrXT,,,,,,,
2026-04-30 19:21:46,1777576906004,servicesartisans.fr/services/climaticien/consegudes,GET,nxtPservice=climaticien&nxtPlocation=consegudes,200,5z72k-1777576905517-a264fca7c9ad,Mozilla/5.0 (compatible; AhrefsBot/7.0; +http://ahrefs.com/robot/),error,production,master,MISS,function,/services/[service]/[location],servicesartisans.fr,servicesartisans.fr,dpl_P1EjsJibqJB8BDboagAcGoKcPdQA,,,,,"[2026-04-30T19:21:46.003Z] [ERROR] Redis command error {""error"":{""name"":""Error"",""message"":""HTTP 403"",""stack"":""Error: HTTP 403\n    at g (/var/task/.next/server/chunks/98754.js:1:2220)\n    at process.processTicksAndRejections (node:internal/process/task_queues:104:5)\n    at async p.set (/var/task/.next/server/chunks/98754.js:1:2843)""}}",prj_h3YjJQCfZGWT8WoxOTfhgyyskrXT,,,,,,,
2026-04-30 19:21:46,1777576906017,servicesartisans.fr/services/climaticien/consegudes,GET,nxtPservice=climaticien&nxtPlocation=consegudes,200,5z72k-1777576905517-a264fca7c9ad,Mozilla/5.0 (compatible; AhrefsBot/7.0; +http://ahrefs.com/robot/),error,production,master,MISS,function,/services/[service]/[location],servicesartisans.fr,servicesartisans.fr,dpl_P1EjsJibqJB8BDboagAcGoKcPdQA,,,,,"[2026-04-30T19:21:46.016Z] [ERROR] Upstash circuit breaker opened {""reason"":""HTTP 403"",""consecutiveAuthFailures"":3,""reopenInMs"":60000}",prj_h3YjJQCfZGWT8WoxOTfhgyyskrXT,,,,,,,
2026-04-30 19:21:45,1777576905517,servicesartisans.fr/services/climaticien/consegudes,GET,nxtPservice=climaticien&nxtPlocation=consegudes,200,5z72k-1777576905517-a264fca7c9ad,Mozilla/5.0 (compatible; AhrefsBot/7.0; +http://ahrefs.com/robot/),,production,master,MISS,middleware,src/middleware,servicesartisans.fr,servicesartisans.fr,dpl_P1EjsJibqJB8BDboagAcGoKcPdQA,6,yul1,301,2048,,prj_h3YjJQCfZGWT8WoxOTfhgyyskrXT,,,01KQFXE2STBRV7TY3SR0MD0NNT,TCkx9wqq4Aof,1,,
2026-04-30 19:21:45,1777576905517,servicesartisans.fr/services/climaticien/consegudes,GET,nxtPservice=climaticien&nxtPlocation=consegudes,200,5z72k-1777576905517-a264fca7c9ad,Mozilla/5.0 (compatible; AhrefsBot/7.0; +http://ahrefs.com/robot/),,production,master,MISS,function,/services/[service]/[location],servicesartisans.fr,servicesartisans.fr,dpl_P1EjsJibqJB8BDboagAcGoKcPdQA,527,cdg1,130,2048,,prj_h3YjJQCfZGWT8WoxOTfhgyyskrXT,,,hvc_1d67a7ea74d04aa99b410ea45e91,hvc_1d67a7ea74d04aa99b410ea45e91,1,,
2026-04-30 19:21:26,1777576886384,servicesartisans.fr/services/desinsectisation/la-roche-sur-yon/protection-phytosanitaire-du-vegetal-bioneo-prophy-vegetal-391975273,GET,,200,lz5jl-1777576885805-908f8104e356,"Mozilla/5.0 AppleWebKit/537.36 (KHTML, like Gecko; compatible; Amazonbot/0.1; +https://developer.amazon.com/support/amazonbot) Chrome/119.0.6045.214 Safari/537.36",error,production,master,MISS,function,/services/[service]/[location]/[publicId],servicesartisans.fr,servicesartisans.fr,dpl_P1EjsJibqJB8BDboagAcGoKcPdQA,,,,,"[2026-04-30T19:21:26.384Z] [ERROR] Redis command error {""error"":{""name"":""Error"",""message"":""HTTP 403"",""stack"":""Error: HTTP 403\n    at g (/var/task/.next/server/chunks/98754.js:1:2282)\n    at process.processTicksAndRejections (node:internal/process/task_queues:104:5)\n    at async p.set (/var/task/.next/server/chunks/98754.js:1:2905)""}}",prj_h3YjJQCfZGWT8WoxOTfhgyyskrXT,568111d54ed2340188ec4121f9e0c07f,,,,,,
2026-04-30 19:21:25,1777576885815,servicesartisans.fr/services/desinsectisation/la-roche-sur-yon/protection-phytosanitaire-du-vegetal-bioneo-prophy-vegetal-391975273,GET,,200,lz5jl-1777576885805-908f8104e356,"Mozilla/5.0 AppleWebKit/537.36 (KHTML, like Gecko; compatible; Amazonbot/0.1; +https://developer.amazon.com/support/amazonbot) Chrome/119.0.6045.214 Safari/537.36",info,production,master,MISS,middleware,/services/[service]/[location]/[publicId],servicesartisans.fr,servicesartisans.fr,dpl_P1EjsJibqJB8BDboagAcGoKcPdQA,,,,,[desinsectisation] / status=200,prj_h3YjJQCfZGWT8WoxOTfhgyyskrXT,568111d54ed2340188ec4121f9e0c07f,,,,,,
2026-04-30 19:21:26,1777576886442,servicesartisans.fr/services/desinsectisation/la-roche-sur-yon/protection-phytosanitaire-du-vegetal-bioneo-prophy-vegetal-391975273,GET,,200,lz5jl-1777576885805-908f8104e356,"Mozilla/5.0 AppleWebKit/537.36 (KHTML, like Gecko; compatible; Amazonbot/0.1; +https://developer.amazon.com/support/amazonbot) Chrome/119.0.6045.214 Safari/537.36",error,production,master,MISS,function,/services/[service]/[location]/[publicId],servicesartisans.fr,servicesartisans.fr,dpl_P1EjsJibqJB8BDboagAcGoKcPdQA,,,,,"[2026-04-30T19:21:26.440Z] [ERROR] Redis command error {""error"":{""name"":""Error"",""message"":""HTTP 403"",""stack"":""Error: HTTP 403\n    at g (/var/task/.next/server/chunks/98754.js:1:2282)\n    at process.processTicksAndRejections (node:internal/process/task_queues:104:5)\n    at async p.set (/var/task/.next/server/chunks/98754.js:1:2905)""}}",prj_h3YjJQCfZGWT8WoxOTfhgyyskrXT,568111d54ed2340188ec4121f9e0c07f,,,,,,
2026-04-30 19:21:26,1777576886442,servicesartisans.fr/services/desinsectisation/la-roche-sur-yon/protection-phytosanitaire-du-vegetal-bioneo-prophy-vegetal-391975273,GET,,200,lz5jl-1777576885805-908f8104e356,"Mozilla/5.0 AppleWebKit/537.36 (KHTML, like Gecko; compatible; Amazonbot/0.1; +https://developer.amazon.com/support/amazonbot) Chrome/119.0.6045.214 Safari/537.36",error,production,master,MISS,function,/services/[service]/[location]/[publicId],servicesartisans.fr,servicesartisans.fr,dpl_P1EjsJibqJB8BDboagAcGoKcPdQA,,,,,"[2026-04-30T19:21:26.441Z] [ERROR] Upstash circuit breaker opened {""reason"":""HTTP 403"",""consecutiveAuthFailures"":3,""reopenInMs"":60000}",prj_h3YjJQCfZGWT8WoxOTfhgyyskrXT,568111d54ed2340188ec4121f9e0c07f,,,,,,
2026-04-30 19:21:25,1777576885805,servicesartisans.fr/services/desinsectisation/la-roche-sur-yon/protection-phytosanitaire-du-vegetal-bioneo-prophy-vegetal-391975273,GET,,200,lz5jl-1777576885805-908f8104e356,"Mozilla/5.0 AppleWebKit/537.36 (KHTML, like Gecko; compatible; Amazonbot/0.1; +https://developer.amazon.com/support/amazonbot) Chrome/119.0.6045.214 Safari/537.36",,production,master,MISS,middleware,src/middleware,servicesartisans.fr,servicesartisans.fr,dpl_P1EjsJibqJB8BDboagAcGoKcPdQA,10,iad1,292,2048,,prj_h3YjJQCfZGWT8WoxOTfhgyyskrXT,568111d54ed2340188ec4121f9e0c07f,,01KQFXDFHQW5BF5RH7SXPW81ZC,W9UDtsWtsmCC,1,,
2026-04-30 19:21:25,1777576885805,servicesartisans.fr/services/desinsectisation/la-roche-sur-yon/protection-phytosanitaire-du-vegetal-bioneo-prophy-vegetal-391975273,GET,,200,lz5jl-1777576885805-908f8104e356,"Mozilla/5.0 AppleWebKit/537.36 (KHTML, like Gecko; compatible; Amazonbot/0.1; +https://developer.amazon.com/support/amazonbot) Chrome/119.0.6045.214 Safari/537.36",,production,master,MISS,function,/services/[service]/[location]/[publicId],servicesartisans.fr,servicesartisans.fr,dpl_P1EjsJibqJB8BDboagAcGoKcPdQA,450,cdg1,588,2048,,prj_h3YjJQCfZGWT8WoxOTfhgyyskrXT,568111d54ed2340188ec4121f9e0c07f,,01KQFXDFQHD792VWJKDEWZ5HH3,pyYPnyPdy4xa,1,,
2026-04-30 19:21:08,1777576868556,servicesartisans.fr/api/geo/menu-data,GET,,200,s9sqh-1777576868301-b24d518b39b9,"Mozilla/5.0 (Windows NT 10.0; Win64; x64) AppleWebKit/537.36 (KHTML, like Gecko) Chrome/146.0.0.0 Safari/537.36",error,production,master,HIT,middleware,/api/geo/menu-data,servicesartisans.fr,servicesartisans.fr,dpl_P1EjsJibqJB8BDboagAcGoKcPdQA,,,,,"[2026-04-30T19:21:08.555Z] [ERROR] [UpstashRateLimiter] Circuit breaker opened {""consecutiveFailures"":3,""cooldownMs"":30000}",prj_h3YjJQCfZGWT8WoxOTfhgyyskrXT,,,,,,,
2026-04-30 19:21:08,1777576868557,servicesartisans.fr/api/geo/menu-data,GET,,200,s9sqh-1777576868301-b24d518b39b9,"Mozilla/5.0 (Windows NT 10.0; Win64; x64) AppleWebKit/537.36 (KHTML, like Gecko) Chrome/146.0.0.0 Safari/537.36",error,production,master,HIT,middleware,/api/geo/menu-data,servicesartisans.fr,servicesartisans.fr,dpl_P1EjsJibqJB8BDboagAcGoKcPdQA,,,,,"[2026-04-30T19:21:08.556Z] [ERROR] [UpstashRateLimiter] Redis unavailable {""key"":""43.135.128.162:/api/geo/menu-data"",""failOpen"":true,""consecutiveFailures"":3}",prj_h3YjJQCfZGWT8WoxOTfhgyyskrXT,,,,,,,
2026-04-30 19:21:08,1777576868301,servicesartisans.fr/api/geo/menu-data,GET,,200,s9sqh-1777576868301-b24d518b39b9,"Mozilla/5.0 (Windows NT 10.0; Win64; x64) AppleWebKit/537.36 (KHTML, like Gecko) Chrome/146.0.0.0 Safari/537.36",,production,master,HIT,middleware,src/middleware,servicesartisans.fr,servicesartisans.fr,dpl_P1EjsJibqJB8BDboagAcGoKcPdQA,172,sfo1,286,2048,,prj_h3YjJQCfZGWT8WoxOTfhgyyskrXT,,,01KQFXCYG70K2MHB8EYR2HA6BQ,IqAKxDUSpgTO,2,,
2026-04-30 19:21:08,1777576868301,servicesartisans.fr/api/geo/menu-data,GET,,200,s9sqh-1777576868301-b24d518b39b9,"Mozilla/5.0 (Windows NT 10.0; Win64; x64) AppleWebKit/537.36 (KHTML, like Gecko) Chrome/146.0.0.0 Safari/537.36",,production,master,HIT,static,/api/geo/menu-data,servicesartisans.fr,servicesartisans.fr,dpl_P1EjsJibqJB8BDboagAcGoKcPdQA,404,sfo1,,,,prj_h3YjJQCfZGWT8WoxOTfhgyyskrXT,,,,,,,
2026-04-30 19:20:55,1777576855004,servicesartisans.fr/api/geo/menu-data,GET,,200,dg225-1777576854774-49a848b2fee3,"Mozilla/5.0 (Windows NT 10.0; Win64; x64) AppleWebKit/537.36 (KHTML, like Gecko) Chrome/143.0.0.0 Safari/537.36",error,production,master,HIT,middleware,/api/geo/menu-data,servicesartisans.fr,servicesartisans.fr,dpl_P1EjsJibqJB8BDboagAcGoKcPdQA,,,,,"[2026-04-30T19:20:55.002Z] [ERROR] [UpstashRateLimiter] Redis unavailable {""key"":""101.46.7.254:/api/geo/menu-data"",""failOpen"":true,""consecutiveFailures"":1}",prj_h3YjJQCfZGWT8WoxOTfhgyyskrXT,,,,,,,
2026-04-30 19:20:54,1777576854774,servicesartisans.fr/api/geo/menu-data,GET,,200,dg225-1777576854774-49a848b2fee3,"Mozilla/5.0 (Windows NT 10.0; Win64; x64) AppleWebKit/537.36 (KHTML, like Gecko) Chrome/143.0.0.0 Safari/537.36",,production,master,HIT,middleware,src/middleware,servicesartisans.fr,servicesartisans.fr,dpl_P1EjsJibqJB8BDboagAcGoKcPdQA,248,sin1,275,2048,,prj_h3YjJQCfZGWT8WoxOTfhgyyskrXT,,,01KQFXCH80YYYCZHWQ9JM2AJF3,cXaUpsFZ5QKR,2,,
2026-04-30 19:20:54,1777576854774,servicesartisans.fr/api/geo/menu-data,GET,,200,dg225-1777576854774-49a848b2fee3,"Mozilla/5.0 (Windows NT 10.0; Win64; x64) AppleWebKit/537.36 (KHTML, like Gecko) Chrome/143.0.0.0 Safari/537.36",,production,master,HIT,static,/api/geo/menu-data,servicesartisans.fr,servicesartisans.fr,dpl_P1EjsJibqJB8BDboagAcGoKcPdQA,244,sin1,,,,prj_h3YjJQCfZGWT8WoxOTfhgyyskrXT,,,,,,,
2026-04-30 19:20:45,1777576845187,servicesartisans-daw99au96-servicesartisans.vercel.app/api/cron/healthcheck,GET,,200,gcvmv-1777576845155-4ba9137ec78e,vercel-cron/1.0,error,production,master,BYPASS,middleware,/api/cron/healthcheck,servicesartisans-daw99au96-servicesartisans.vercel.app,servicesartisans-daw99au96-servicesartisans.vercel.app,dpl_P1EjsJibqJB8BDboagAcGoKcPdQA,,,,,"[2026-04-30T19:20:45.186Z] [ERROR] [UpstashRateLimiter] Redis unavailable {""key"":""54.174.67.65:/api/cron/healthcheck"",""failOpen"":true,""consecutiveFailures"":5}",prj_h3YjJQCfZGWT8WoxOTfhgyyskrXT,,,,,,,
2026-04-30 19:20:45,1777576845155,servicesartisans-daw99au96-servicesartisans.vercel.app/api/cron/healthcheck,GET,,200,gcvmv-1777576845155-4ba9137ec78e,vercel-cron/1.0,,production,master,BYPASS,function,/api/cron/healthcheck,servicesartisans-daw99au96-servicesartisans.vercel.app,servicesartisans-daw99au96-servicesartisans.vercel.app,dpl_P1EjsJibqJB8BDboagAcGoKcPdQA,124,cdg1,371,2048,,prj_h3YjJQCfZGWT8WoxOTfhgyyskrXT,,,01KQFXC7XHA02HDWX13XDFMCT7,Tm7ZvPvBWPkK,1,,
2026-04-30 19:20:45,1777576845155,servicesartisans-daw99au96-servicesartisans.vercel.app/api/cron/healthcheck,GET,,200,gcvmv-1777576845155-4ba9137ec78e,vercel-cron/1.0,,production,master,BYPASS,middleware,src/middleware,servicesartisans-daw99au96-servicesartisans.vercel.app,servicesartisans-daw99au96-servicesartisans.vercel.app,dpl_P1EjsJibqJB8BDboagAcGoKcPdQA,9,iad1,287,2048,,prj_h3YjJQCfZGWT8WoxOTfhgyyskrXT,,,01KQFXC7VHC8C8M394AYTNVYAG,W9UDtsWtsmCC,1,,
2026-04-30 19:20:45,1777576845155,servicesartisans-daw99au96-servicesartisans.vercel.app/api/cron/healthcheck,GET,,200,gcvmv-1777576845155-4ba9137ec78e,vercel-cron/1.0,,production,master,BYPASS,static,/api/cron/healthcheck,servicesartisans-daw99au96-servicesartisans.vercel.app,servicesartisans-daw99au96-servicesartisans.vercel.app,dpl_P1EjsJibqJB8BDboagAcGoKcPdQA,258,iad1,,,,prj_h3YjJQCfZGWT8WoxOTfhgyyskrXT,,,,,,,
2026-04-30 19:20:45,1777576845230,servicesartisans.fr/services/climaticien/imecourt,GET,nxtPservice=climaticien&nxtPlocation=imecourt,200,jngsq-1777576845025-4347ce4a0135,Mozilla/5.0 (compatible; AhrefsBot/7.0; +http://ahrefs.com/robot/),error,production,master,MISS,function,/services/[service]/[location],servicesartisans.fr,servicesartisans.fr,dpl_P1EjsJibqJB8BDboagAcGoKcPdQA,,,,,"[2026-04-30T19:20:45.230Z] [ERROR] Redis command error {""error"":{""name"":""Error"",""message"":""HTTP 403"",""stack"":""Error: HTTP 403\n    at g (/var/task/.next/server/chunks/98754.js:1:2220)\n    at process.processTicksAndRejections (node:internal/process/task_queues:104:5)\n    at async p.set (/var/task/.next/server/chunks/98754.js:1:2843)""}}",prj_h3YjJQCfZGWT8WoxOTfhgyyskrXT,,,,,,,
2026-04-30 19:20:45,1777576845292,servicesartisans.fr/services/climaticien/imecourt,GET,nxtPservice=climaticien&nxtPlocation=imecourt,200,jngsq-1777576845025-4347ce4a0135,Mozilla/5.0 (compatible; AhrefsBot/7.0; +http://ahrefs.com/robot/),error,production,master,MISS,function,/services/[service]/[location],servicesartisans.fr,servicesartisans.fr,dpl_P1EjsJibqJB8BDboagAcGoKcPdQA,,,,,"[2026-04-30T19:20:45.292Z] [ERROR] Redis command error {""error"":{""name"":""Error"",""message"":""HTTP 403"",""stack"":""Error: HTTP 403\n    at g (/var/task/.next/server/chunks/98754.js:1:2220)\n    at process.processTicksAndRejections (node:internal/process/task_queues:104:5)\n    at async p.set (/var/task/.next/server/chunks/98754.js:1:2843)""}}",prj_h3YjJQCfZGWT8WoxOTfhgyyskrXT,,,,,,,
2026-04-30 19:20:45,1777576845366,servicesartisans.fr/services/climaticien/imecourt,GET,nxtPservice=climaticien&nxtPlocation=imecourt,200,jngsq-1777576845025-4347ce4a0135,Mozilla/5.0 (compatible; AhrefsBot/7.0; +http://ahrefs.com/robot/),error,production,master,MISS,function,/services/[service]/[location],servicesartisans.fr,servicesartisans.fr,dpl_P1EjsJibqJB8BDboagAcGoKcPdQA,,,,,"[2026-04-30T19:20:45.366Z] [ERROR] Redis command error {""error"":{""name"":""Error"",""message"":""HTTP 403"",""stack"":""Error: HTTP 403\n    at g (/var/task/.next/server/chunks/98754.js:1:2220)\n    at process.processTicksAndRejections (node:internal/process/task_queues:104:5)\n    at async p.set (/var/task/.next/server/chunks/98754.js:1:2843)""}}",prj_h3YjJQCfZGWT8WoxOTfhgyyskrXT,,,,,,,
2026-04-30 19:20:45,1777576845381,servicesartisans.fr/services/climaticien/imecourt,GET,nxtPservice=climaticien&nxtPlocation=imecourt,200,jngsq-1777576845025-4347ce4a0135,Mozilla/5.0 (compatible; AhrefsBot/7.0; +http://ahrefs.com/robot/),error,production,master,MISS,function,/services/[service]/[location],servicesartisans.fr,servicesartisans.fr,dpl_P1EjsJibqJB8BDboagAcGoKcPdQA,,,,,"[2026-04-30T19:20:45.379Z] [ERROR] Redis command error {""error"":{""name"":""Error"",""message"":""HTTP 403"",""stack"":""Error: HTTP 403\n    at g (/var/task/.next/server/chunks/98754.js:1:2220)\n    at process.processTicksAndRejections (node:internal/process/task_queues:104:5)\n    at async p.set (/var/task/.next/server/chunks/98754.js:1:2843)""}}",prj_h3YjJQCfZGWT8WoxOTfhgyyskrXT,,,,,,,
2026-04-30 19:20:45,1777576845411,servicesartisans.fr/services/climaticien/imecourt,GET,nxtPservice=climaticien&nxtPlocation=imecourt,200,jngsq-1777576845025-4347ce4a0135,Mozilla/5.0 (compatible; AhrefsBot/7.0; +http://ahrefs.com/robot/),error,production,master,MISS,function,/services/[service]/[location],servicesartisans.fr,servicesartisans.fr,dpl_P1EjsJibqJB8BDboagAcGoKcPdQA,,,,,"[2026-04-30T19:20:45.411Z] [ERROR] Redis command error {""error"":{""name"":""Error"",""message"":""HTTP 403"",""stack"":""Error: HTTP 403\n    at g (/var/task/.next/server/chunks/98754.js:1:2220)\n    at process.processTicksAndRejections (node:internal/process/task_queues:104:5)\n    at async p.set (/var/task/.next/server/chunks/98754.js:1:2843)""}}",prj_h3YjJQCfZGWT8WoxOTfhgyyskrXT,,,,,,,
2026-04-30 19:20:45,1777576845453,servicesartisans.fr/services/climaticien/imecourt,GET,nxtPservice=climaticien&nxtPlocation=imecourt,200,jngsq-1777576845025-4347ce4a0135,Mozilla/5.0 (compatible; AhrefsBot/7.0; +http://ahrefs.com/robot/),error,production,master,MISS,function,/services/[service]/[location],servicesartisans.fr,servicesartisans.fr,dpl_P1EjsJibqJB8BDboagAcGoKcPdQA,,,,,"[2026-04-30T19:20:45.453Z] [ERROR] Redis command error {""error"":{""name"":""Error"",""message"":""HTTP 403"",""stack"":""Error: HTTP 403\n    at g (/var/task/.next/server/chunks/98754.js:1:2220)\n    at process.processTicksAndRejections (node:internal/process/task_queues:104:5)\n    at async p.set (/var/task/.next/server/chunks/98754.js:1:2843)""}}",prj_h3YjJQCfZGWT8WoxOTfhgyyskrXT,,,,,,,
2026-04-30 19:20:45,1777576845460,servicesartisans.fr/services/climaticien/imecourt,GET,nxtPservice=climaticien&nxtPlocation=imecourt,200,jngsq-1777576845025-4347ce4a0135,Mozilla/5.0 (compatible; AhrefsBot/7.0; +http://ahrefs.com/robot/),error,production,master,MISS,function,/services/[service]/[location],servicesartisans.fr,servicesartisans.fr,dpl_P1EjsJibqJB8BDboagAcGoKcPdQA,,,,,"[2026-04-30T19:20:45.460Z] [ERROR] Redis command error {""error"":{""name"":""Error"",""message"":""HTTP 403"",""stack"":""Error: HTTP 403\n    at g (/var/task/.next/server/chunks/98754.js:1:2220)\n    at process.processTicksAndRejections (node:internal/process/task_queues:104:5)\n    at async p.set (/var/task/.next/server/chunks/98754.js:1:2843)""}}",prj_h3YjJQCfZGWT8WoxOTfhgyyskrXT,,,,,,,
2026-04-30 19:20:45,1777576845470,servicesartisans.fr/services/climaticien/imecourt,GET,nxtPservice=climaticien&nxtPlocation=imecourt,200,jngsq-1777576845025-4347ce4a0135,Mozilla/5.0 (compatible; AhrefsBot/7.0; +http://ahrefs.com/robot/),error,production,master,MISS,function,/services/[service]/[location],servicesartisans.fr,servicesartisans.fr,dpl_P1EjsJibqJB8BDboagAcGoKcPdQA,,,,,"[2026-04-30T19:20:45.469Z] [ERROR] Upstash circuit breaker opened {""reason"":""HTTP 403"",""consecutiveAuthFailures"":3,""reopenInMs"":60000}",prj_h3YjJQCfZGWT8WoxOTfhgyyskrXT,,,,,,,
2026-04-30 19:20:45,1777576845025,servicesartisans.fr/services/climaticien/imecourt,GET,nxtPservice=climaticien&nxtPlocation=imecourt,200,jngsq-1777576845025-4347ce4a0135,Mozilla/5.0 (compatible; AhrefsBot/7.0; +http://ahrefs.com/robot/),,production,master,MISS,middleware,src/middleware,servicesartisans.fr,servicesartisans.fr,dpl_P1EjsJibqJB8BDboagAcGoKcPdQA,8,yul1,301,2048,,prj_h3YjJQCfZGWT8WoxOTfhgyyskrXT,,,01KQFXC7QBYRZXTWTK69WX45Z4,TCkx9wqq4Aof,1,,
2026-04-30 19:20:45,1777576845025,servicesartisans.fr/services/climaticien/imecourt,GET,nxtPservice=climaticien&nxtPlocation=imecourt,200,jngsq-1777576845025-4347ce4a0135,Mozilla/5.0 (compatible; AhrefsBot/7.0; +http://ahrefs.com/robot/),,production,master,MISS,function,/services/[service]/[location],servicesartisans.fr,servicesartisans.fr,dpl_P1EjsJibqJB8BDboagAcGoKcPdQA,488,cdg1,130,2048,,prj_h3YjJQCfZGWT8WoxOTfhgyyskrXT,,,hvc_1d67a7ea74d04aa99b410ea45e91,hvc_1d67a7ea74d04aa99b410ea45e91,1,,
2026-04-30 19:20:40,1777576840352,servicesartisans-daw99au96-servicesartisans.vercel.app/api/cron/send-reminders-1h,GET,,500,nkv87-1777576840307-491f9c2e6cf2,vercel-cron/1.0,error,production,master,BYPASS,middleware,/api/cron/send-reminders-1h,servicesartisans-daw99au96-servicesartisans.vercel.app,servicesartisans-daw99au96-servicesartisans.vercel.app,dpl_P1EjsJibqJB8BDboagAcGoKcPdQA,,,,,"[2026-04-30T19:20:40.351Z] [ERROR] [UpstashRateLimiter] Redis unavailable {""key"":""54.90.146.80:/api/cron/send-reminders-1h"",""failOpen"":true,""consecutiveFailures"":4}",prj_h3YjJQCfZGWT8WoxOTfhgyyskrXT,,,,,,,
2026-04-30 19:20:40,1777576840455,servicesartisans-daw99au96-servicesartisans.vercel.app/api/cron/send-reminders-1h,GET,,500,nkv87-1777576840307-491f9c2e6cf2,vercel-cron/1.0,error,production,master,BYPASS,function,/api/cron/send-reminders-1h,servicesartisans-daw99au96-servicesartisans.vercel.app,servicesartisans-daw99au96-servicesartisans.vercel.app,dpl_P1EjsJibqJB8BDboagAcGoKcPdQA,,,,,"[2026-04-30T19:20:40.454Z] [ERROR] [Cron 1h] Error fetching bookings: {""error"":{""code"":""42703"",""details"":null,""hint"":null,""message"":""column bookings.service_name does not exist""}}",prj_h3YjJQCfZGWT8WoxOTfhgyyskrXT,,,,,,,
2026-04-30 19:20:40,1777576840455,servicesartisans-daw99au96-servicesartisans.vercel.app/api/cron/send-reminders-1h,GET,,500,nkv87-1777576840307-491f9c2e6cf2,vercel-cron/1.0,error,production,master,BYPASS,function,/api/cron/send-reminders-1h,servicesartisans-daw99au96-servicesartisans.vercel.app,servicesartisans-daw99au96-servicesartisans.vercel.app,dpl_P1EjsJibqJB8BDboagAcGoKcPdQA,,,,,"[2026-04-30T19:20:40.454Z] [ERROR] [Cron 1h] Error in send-reminders-1h: {""error"":{""code"":""42703"",""details"":null,""hint"":null,""message"":""column bookings.service_name does not exist""}}",prj_h3YjJQCfZGWT8WoxOTfhgyyskrXT,,,,,,,
2026-04-30 19:20:40,1777576840307,servicesartisans-daw99au96-servicesartisans.vercel.app/api/cron/send-reminders-1h,GET,,500,nkv87-1777576840307-491f9c2e6cf2,vercel-cron/1.0,,production,master,BYPASS,function,/api/cron/send-reminders-1h,servicesartisans-daw99au96-servicesartisans.vercel.app,servicesartisans-daw99au96-servicesartisans.vercel.app,dpl_P1EjsJibqJB8BDboagAcGoKcPdQA,48,cdg1,371,2048,,prj_h3YjJQCfZGWT8WoxOTfhgyyskrXT,,,01KQFXC36E89XW617MNYWYSYDB,Tm7ZvPvBWPkK,1,,
2026-04-30 19:20:40,1777576840307,servicesartisans-daw99au96-servicesartisans.vercel.app/api/cron/send-reminders-1h,GET,,500,nkv87-1777576840307-491f9c2e6cf2,vercel-cron/1.0,,production,master,BYPASS,middleware,src/middleware,servicesartisans-daw99au96-servicesartisans.vercel.app,servicesartisans-daw99au96-servicesartisans.vercel.app,dpl_P1EjsJibqJB8BDboagAcGoKcPdQA,10,iad1,286,2048,,prj_h3YjJQCfZGWT8WoxOTfhgyyskrXT,,,01KQFXC348FV1X91FRJSFJG6XZ,W9UDtsWtsmCC,1,,
2026-04-30 19:20:40,1777576840307,servicesartisans-daw99au96-servicesartisans.vercel.app/api/cron/send-reminders-1h,GET,,500,nkv87-1777576840307-491f9c2e6cf2,vercel-cron/1.0,,production,master,BYPASS,static,/api/cron/send-reminders-1h,servicesartisans-daw99au96-servicesartisans.vercel.app,servicesartisans-daw99au96-servicesartisans.vercel.app,dpl_P1EjsJibqJB8BDboagAcGoKcPdQA,193,iad1,,,,prj_h3YjJQCfZGWT8WoxOTfhgyyskrXT,,,,,,,
2026-04-30 19:20:41,1777576841747,servicesartisans.fr/services/climaticien/la-brigue,GET,nxtPservice=climaticien&nxtPlocation=la-brigue,200,qq48m-1777576839968-6d432e1c85db,Mozilla/5.0 (compatible; AhrefsBot/7.0; +http://ahrefs.com/robot/),error,production,master,MISS,function,/services/[service]/[location],servicesartisans.fr,servicesartisans.fr,dpl_P1EjsJibqJB8BDboagAcGoKcPdQA,,,,,"[2026-04-30T19:20:41.745Z] [ERROR] Redis command error {""error"":{""name"":""Error"",""message"":""HTTP 403"",""stack"":""Error: HTTP 403\n    at g (/var/task/.next/server/chunks/98754.js:1:2220)\n    at process.processTicksAndRejections (node:internal/process/task_queues:104:5)\n    at async p.set (/var/task/.next/server/chunks/98754.js:1:2843)""}}",prj_h3YjJQCfZGWT8WoxOTfhgyyskrXT,,,,,,,
2026-04-30 19:20:41,1777576841769,servicesartisans.fr/services/climaticien/la-brigue,GET,nxtPservice=climaticien&nxtPlocation=la-brigue,200,qq48m-1777576839968-6d432e1c85db,Mozilla/5.0 (compatible; AhrefsBot/7.0; +http://ahrefs.com/robot/),error,production,master,MISS,function,/services/[service]/[location],servicesartisans.fr,servicesartisans.fr,dpl_P1EjsJibqJB8BDboagAcGoKcPdQA,,,,,"[2026-04-30T19:20:41.769Z] [ERROR] Redis command error {""error"":{""name"":""Error"",""message"":""HTTP 403"",""stack"":""Error: HTTP 403\n    at g (/var/task/.next/server/chunks/98754.js:1:2220)\n    at process.processTicksAndRejections (node:internal/process/task_queues:104:5)\n    at async p.set (/var/task/.next/server/chunks/98754.js:1:2843)""}}",prj_h3YjJQCfZGWT8WoxOTfhgyyskrXT,,,,,,,
2026-04-30 19:20:41,1777576841839,servicesartisans.fr/services/climaticien/la-brigue,GET,nxtPservice=climaticien&nxtPlocation=la-brigue,200,qq48m-1777576839968-6d432e1c85db,Mozilla/5.0 (compatible; AhrefsBot/7.0; +http://ahrefs.com/robot/),error,production,master,MISS,function,/services/[service]/[location],servicesartisans.fr,servicesartisans.fr,dpl_P1EjsJibqJB8BDboagAcGoKcPdQA,,,,,"[2026-04-30T19:20:41.839Z] [ERROR] Redis command error {""error"":{""name"":""Error"",""message"":""HTTP 403"",""stack"":""Error: HTTP 403\n    at g (/var/task/.next/server/chunks/98754.js:1:2220)\n    at process.processTicksAndRejections (node:internal/process/task_queues:104:5)\n    at async p.set (/var/task/.next/server/chunks/98754.js:1:2843)""}}",prj_h3YjJQCfZGWT8WoxOTfhgyyskrXT,,,,,,,
2026-04-30 19:20:41,1777576841935,servicesartisans.fr/services/climaticien/la-brigue,GET,nxtPservice=climaticien&nxtPlocation=la-brigue,200,qq48m-1777576839968-6d432e1c85db,Mozilla/5.0 (compatible; AhrefsBot/7.0; +http://ahrefs.com/robot/),error,production,master,MISS,function,/services/[service]/[location],servicesartisans.fr,servicesartisans.fr,dpl_P1EjsJibqJB8BDboagAcGoKcPdQA,,,,,"[2026-04-30T19:20:41.935Z] [ERROR] Redis command error {""error"":{""name"":""Error"",""message"":""HTTP 403"",""stack"":""Error: HTTP 403\n    at g (/var/task/.next/server/chunks/98754.js:1:2220)\n    at process.processTicksAndRejections (node:internal/process/task_queues:104:5)\n    at async p.set (/var/task/.next/server/chunks/98754.js:1:2843)""}}",prj_h3YjJQCfZGWT8WoxOTfhgyyskrXT,,,,,,,
2026-04-30 19:20:41,1777576841963,servicesartisans.fr/services/climaticien/la-brigue,GET,nxtPservice=climaticien&nxtPlocation=la-brigue,200,qq48m-1777576839968-6d432e1c85db,Mozilla/5.0 (compatible; AhrefsBot/7.0; +http://ahrefs.com/robot/),error,production,master,MISS,function,/services/[service]/[location],servicesartisans.fr,servicesartisans.fr,dpl_P1EjsJibqJB8BDboagAcGoKcPdQA,,,,,"[2026-04-30T19:20:41.963Z] [ERROR] Redis command error {""error"":{""name"":""Error"",""message"":""HTTP 403"",""stack"":""Error: HTTP 403\n    at g (/var/task/.next/server/chunks/98754.js:1:2220)\n    at process.processTicksAndRejections (node:internal/process/task_queues:104:5)\n    at async p.set (/var/task/.next/server/chunks/98754.js:1:2843)""}}",prj_h3YjJQCfZGWT8WoxOTfhgyyskrXT,,,,,,,
2026-04-30 19:20:41,1777576841984,servicesartisans.fr/services/climaticien/la-brigue,GET,nxtPservice=climaticien&nxtPlocation=la-brigue,200,qq48m-1777576839968-6d432e1c85db,Mozilla/5.0 (compatible; AhrefsBot/7.0; +http://ahrefs.com/robot/),error,production,master,MISS,function,/services/[service]/[location],servicesartisans.fr,servicesartisans.fr,dpl_P1EjsJibqJB8BDboagAcGoKcPdQA,,,,,"[2026-04-30T19:20:41.983Z] [ERROR] Redis command error {""error"":{""name"":""Error"",""message"":""HTTP 403"",""stack"":""Error: HTTP 403\n    at g (/var/task/.next/server/chunks/98754.js:1:2220)\n    at process.processTicksAndRejections (node:internal/process/task_queues:104:5)\n    at async p.set (/var/task/.next/server/chunks/98754.js:1:2843)""}}",prj_h3YjJQCfZGWT8WoxOTfhgyyskrXT,,,,,,,
2026-04-30 19:20:41,1777576841998,servicesartisans.fr/services/climaticien/la-brigue,GET,nxtPservice=climaticien&nxtPlocation=la-brigue,200,qq48m-1777576839968-6d432e1c85db,Mozilla/5.0 (compatible; AhrefsBot/7.0; +http://ahrefs.com/robot/),error,production,master,MISS,function,/services/[service]/[location],servicesartisans.fr,servicesartisans.fr,dpl_P1EjsJibqJB8BDboagAcGoKcPdQA,,,,,"[2026-04-30T19:20:41.998Z] [ERROR] Redis command error {""error"":{""name"":""Error"",""message"":""HTTP 403"",""stack"":""Error: HTTP 403\n    at g (/var/task/.next/server/chunks/98754.js:1:2220)\n    at process.processTicksAndRejections (node:internal/process/task_queues:104:5)\n    at async p.set (/var/task/.next/server/chunks/98754.js:1:2843)""}}",prj_h3YjJQCfZGWT8WoxOTfhgyyskrXT,,,,,,,
2026-04-30 19:20:42,1777576842014,servicesartisans.fr/services/climaticien/la-brigue,GET,nxtPservice=climaticien&nxtPlocation=la-brigue,200,qq48m-1777576839968-6d432e1c85db,Mozilla/5.0 (compatible; AhrefsBot/7.0; +http://ahrefs.com/robot/),error,production,master,MISS,function,/services/[service]/[location],servicesartisans.fr,servicesartisans.fr,dpl_P1EjsJibqJB8BDboagAcGoKcPdQA,,,,,"[2026-04-30T19:20:42.014Z] [ERROR] Redis command error {""error"":{""name"":""Error"",""message"":""HTTP 403"",""stack"":""Error: HTTP 403\n    at g (/var/task/.next/server/chunks/98754.js:1:2220)\n    at process.processTicksAndRejections (node:internal/process/task_queues:104:5)\n    at async p.set (/var/task/.next/server/chunks/98754.js:1:2843)""}}",prj_h3YjJQCfZGWT8WoxOTfhgyyskrXT,,,,,,,
2026-04-30 19:20:42,1777576842101,servicesartisans.fr/services/climaticien/la-brigue,GET,nxtPservice=climaticien&nxtPlocation=la-brigue,200,qq48m-1777576839968-6d432e1c85db,Mozilla/5.0 (compatible; AhrefsBot/7.0; +http://ahrefs.com/robot/),error,production,master,MISS,function,/services/[service]/[location],servicesartisans.fr,servicesartisans.fr,dpl_P1EjsJibqJB8BDboagAcGoKcPdQA,,,,,"[2026-04-30T19:20:42.100Z] [ERROR] Upstash circuit breaker opened {""reason"":""HTTP 403"",""consecutiveAuthFailures"":3,""reopenInMs"":60000}",prj_h3YjJQCfZGWT8WoxOTfhgyyskrXT,,,,,,,
2026-04-30 19:20:42,1777576842164,servicesartisans.fr/services/climaticien/la-brigue,GET,nxtPservice=climaticien&nxtPlocation=la-brigue,200,qq48m-1777576839968-6d432e1c85db,Mozilla/5.0 (compatible; AhrefsBot/7.0; +http://ahrefs.com/robot/),error,production,master,MISS,function,/services/[service]/[location],servicesartisans.fr,servicesartisans.fr,dpl_P1EjsJibqJB8BDboagAcGoKcPdQA,,,,,"[2026-04-30T19:20:42.164Z] [ERROR] Redis command error {""error"":{""name"":""Error"",""message"":""HTTP 403"",""stack"":""Error: HTTP 403\n    at g (/var/task/.next/server/chunks/98754.js:1:2220)\n    at process.processTicksAndRejections (node:internal/process/task_queues:104:5)\n    at async p.set (/var/task/.next/server/chunks/98754.js:1:2843)""}}",prj_h3YjJQCfZGWT8WoxOTfhgyyskrXT,,,,,,,
2026-04-30 19:20:39,1777576839968,servicesartisans.fr/services/climaticien/la-brigue,GET,nxtPservice=climaticien&nxtPlocation=la-brigue,200,qq48m-1777576839968-6d432e1c85db,Mozilla/5.0 (compatible; AhrefsBot/7.0; +http://ahrefs.com/robot/),,production,master,MISS,middleware,src/middleware,servicesartisans.fr,servicesartisans.fr,dpl_P1EjsJibqJB8BDboagAcGoKcPdQA,9,yul1,301,2048,,prj_h3YjJQCfZGWT8WoxOTfhgyyskrXT,,,01KQFXC2SV60BV8B6Q0N7PRN3J,TCkx9wqq4Aof,1,,
2026-04-30 19:20:39,1777576839968,servicesartisans.fr/services/climaticien/la-brigue,GET,nxtPservice=climaticien&nxtPlocation=la-brigue,200,qq48m-1777576839968-6d432e1c85db,Mozilla/5.0 (compatible; AhrefsBot/7.0; +http://ahrefs.com/robot/),,production,master,MISS,function,/services/[service]/[location],servicesartisans.fr,servicesartisans.fr,dpl_P1EjsJibqJB8BDboagAcGoKcPdQA,2209,cdg1,130,2048,,prj_h3YjJQCfZGWT8WoxOTfhgyyskrXT,,,hvc_1d67a7ea74d04aa99b410ea45e91,hvc_1d67a7ea74d04aa99b410ea45e91,1,,
2026-04-30 19:20:38,1777576838414,servicesartisans-daw99au96-servicesartisans.vercel.app/api/cron/prospection-process,GET,,200,n74g2-1777576838263-f3dd6c85ae81,vercel-cron/1.0,error,production,master,BYPASS,middleware,/api/cron/prospection-process,servicesartisans-daw99au96-servicesartisans.vercel.app,servicesartisans-daw99au96-servicesartisans.vercel.app,dpl_P1EjsJibqJB8BDboagAcGoKcPdQA,,,,,"[2026-04-30T19:20:38.413Z] [ERROR] [UpstashRateLimiter] Circuit breaker opened {""consecutiveFailures"":3,""cooldownMs"":30000}",prj_h3YjJQCfZGWT8WoxOTfhgyyskrXT,,,,,,,
2026-04-30 19:20:38,1777576838414,servicesartisans-daw99au96-servicesartisans.vercel.app/api/cron/prospection-process,GET,,200,n74g2-1777576838263-f3dd6c85ae81,vercel-cron/1.0,error,production,master,BYPASS,middleware,/api/cron/prospection-process,servicesartisans-daw99au96-servicesartisans.vercel.app,servicesartisans-daw99au96-servicesartisans.vercel.app,dpl_P1EjsJibqJB8BDboagAcGoKcPdQA,,,,,"[2026-04-30T19:20:38.413Z] [ERROR] [UpstashRateLimiter] Redis unavailable {""key"":""44.200.122.130:/api/cron/prospection-process"",""failOpen"":true,""consecutiveFailures"":3}",prj_h3YjJQCfZGWT8WoxOTfhgyyskrXT,,,,,,,
2026-04-30 19:20:38,1777576838263,servicesartisans-daw99au96-servicesartisans.vercel.app/api/cron/prospection-process,GET,,200,n74g2-1777576838263-f3dd6c85ae81,vercel-cron/1.0,,production,master,BYPASS,middleware,src/middleware,servicesartisans-daw99au96-servicesartisans.vercel.app,servicesartisans-daw99au96-servicesartisans.vercel.app,dpl_P1EjsJibqJB8BDboagAcGoKcPdQA,114,iad1,285,2048,,prj_h3YjJQCfZGWT8WoxOTfhgyyskrXT,,,01KQFXC14JCMY1JGMY186V8RG5,W9UDtsWtsmCC,1,,
2026-04-30 19:20:38,1777576838263,servicesartisans-daw99au96-servicesartisans.vercel.app/api/cron/prospection-process,GET,,200,n74g2-1777576838263-f3dd6c85ae81,vercel-cron/1.0,,production,master,BYPASS,function,/api/cron/prospection-process,servicesartisans-daw99au96-servicesartisans.vercel.app,servicesartisans-daw99au96-servicesartisans.vercel.app,dpl_P1EjsJibqJB8BDboagAcGoKcPdQA,227,cdg1,370,2048,,prj_h3YjJQCfZGWT8WoxOTfhgyyskrXT,,,01KQFXC19XFFHWQTZZPCVJ24X2,Tm7ZvPvBWPkK,1,,
2026-04-30 19:20:38,1777576838263,servicesartisans-daw99au96-servicesartisans.vercel.app/api/cron/prospection-process,GET,,200,n74g2-1777576838263-f3dd6c85ae81,vercel-cron/1.0,,production,master,BYPASS,static,/api/cron/prospection-process,servicesartisans-daw99au96-servicesartisans.vercel.app,servicesartisans-daw99au96-servicesartisans.vercel.app,dpl_P1EjsJibqJB8BDboagAcGoKcPdQA,477,iad1,,,,prj_h3YjJQCfZGWT8WoxOTfhgyyskrXT,,,,,,,
2026-04-30 19:20:31,1777576831289,servicesartisans-daw99au96-servicesartisans.vercel.app/api/cron/redis-health,GET,,200,vl8gj-1777576831107-664df498a410,vercel-cron/1.0,error,production,master,BYPASS,middleware,/api/cron/redis-health,servicesartisans-daw99au96-servicesartisans.vercel.app,servicesartisans-daw99au96-servicesartisans.vercel.app,dpl_P1EjsJibqJB8BDboagAcGoKcPdQA,,,,,"[2026-04-30T19:20:31.288Z] [ERROR] [UpstashRateLimiter] Redis unavailable {""key"":""3.238.82.134:/api/cron/redis-health"",""failOpen"":true,""consecutiveFailures"":2}",prj_h3YjJQCfZGWT8WoxOTfhgyyskrXT,,,,,,,
2026-04-30 19:20:31,1777576831107,servicesartisans-daw99au96-servicesartisans.vercel.app/api/cron/redis-health,GET,,200,vl8gj-1777576831107-664df498a410,vercel-cron/1.0,,production,master,BYPASS,middleware,src/middleware,servicesartisans-daw99au96-servicesartisans.vercel.app,servicesartisans-daw99au96-servicesartisans.vercel.app,dpl_P1EjsJibqJB8BDboagAcGoKcPdQA,160,iad1,306,2048,,prj_h3YjJQCfZGWT8WoxOTfhgyyskrXT,,,01KQFXBT4M64QJFA5SPE2901BN,W9UDtsWtsmCC,1,,
2026-04-30 19:20:31,1777576831107,servicesartisans-daw99au96-servicesartisans.vercel.app/api/cron/redis-health,GET,,200,vl8gj-1777576831107-664df498a410,vercel-cron/1.0,,production,master,BYPASS,function,/api/cron/redis-health,servicesartisans-daw99au96-servicesartisans.vercel.app,servicesartisans-daw99au96-servicesartisans.vercel.app,dpl_P1EjsJibqJB8BDboagAcGoKcPdQA,59,cdg1,371,2048,,prj_h3YjJQCfZGWT8WoxOTfhgyyskrXT,,,01KQFXBTB8MAJJGMQWWS7CJ5A7,Tm7ZvPvBWPkK,1,,
2026-04-30 19:20:31,1777576831107,servicesartisans-daw99au96-servicesartisans.vercel.app/api/cron/redis-health,GET,,200,vl8gj-1777576831107-664df498a410,vercel-cron/1.0,,production,master,BYPASS,static,/api/cron/redis-health,servicesartisans-daw99au96-servicesartisans.vercel.app,servicesartisans-daw99au96-servicesartisans.vercel.app,dpl_P1EjsJibqJB8BDboagAcGoKcPdQA,345,iad1,,,,prj_h3YjJQCfZGWT8WoxOTfhgyyskrXT,,,,,,,
2026-04-30 19:20:26,1777576826802,servicesartisans.fr/services/couvreur/lyon,GET,_rsc=1k5ku,200,27fgp-1777576826707-920c840d4f8f,"Mozilla/5.0 (Macintosh; Intel Mac OS X 10_15_7) AppleWebKit/605.1.15 (KHTML, like Gecko) Version/26.3 Safari/605.1.15",error,production,master,MISS,function,/services/[service]/[location],servicesartisans.fr,servicesartisans.fr,dpl_P1EjsJibqJB8BDboagAcGoKcPdQA,,,,,"[2026-04-30T19:20:26.801Z] [ERROR] Redis command error {""error"":{""name"":""Error"",""message"":""HTTP 403"",""stack"":""Error: HTTP 403\n    at g (/var/task/.next/server/chunks/98754.js:1:2282)\n    at process.processTicksAndRejections (node:internal/process/task_queues:104:5)\n    at async p.set (/var/task/.next/server/chunks/98754.js:1:2905)""}}",prj_h3YjJQCfZGWT8WoxOTfhgyyskrXT,,,,,,,
2026-04-30 19:20:26,1777576826803,servicesartisans.fr/services/couvreur/lyon,GET,_rsc=1k5ku,200,27fgp-1777576826707-920c840d4f8f,"Mozilla/5.0 (Macintosh; Intel Mac OS X 10_15_7) AppleWebKit/605.1.15 (KHTML, like Gecko) Version/26.3 Safari/605.1.15",error,production,master,MISS,function,/services/[service]/[location],servicesartisans.fr,servicesartisans.fr,dpl_P1EjsJibqJB8BDboagAcGoKcPdQA,,,,,"[2026-04-30T19:20:26.802Z] [ERROR] Redis command error {""error"":{""name"":""Error"",""message"":""HTTP 403"",""stack"":""Error: HTTP 403\n    at g (/var/task/.next/server/chunks/98754.js:1:2282)\n    at process.processTicksAndRejections (node:internal/process/task_queues:104:5)\n    at async p.set (/var/task/.next/server/chunks/98754.js:1:2905)""}}",prj_h3YjJQCfZGWT8WoxOTfhgyyskrXT,,,,,,,
2026-04-30 19:20:26,1777576826804,servicesartisans.fr/services/couvreur/lyon,GET,_rsc=1k5ku,200,27fgp-1777576826707-920c840d4f8f,"Mozilla/5.0 (Macintosh; Intel Mac OS X 10_15_7) AppleWebKit/605.1.15 (KHTML, like Gecko) Version/26.3 Safari/605.1.15",error,production,master,MISS,function,/services/[service]/[location],servicesartisans.fr,servicesartisans.fr,dpl_P1EjsJibqJB8BDboagAcGoKcPdQA,,,,,"[2026-04-30T19:20:26.803Z] [ERROR] Upstash circuit breaker opened {""reason"":""HTTP 403"",""consecutiveAuthFailures"":3,""reopenInMs"":60000}",prj_h3YjJQCfZGWT8WoxOTfhgyyskrXT,,,,,,,
2026-04-30 19:20:26,1777576826707,servicesartisans.fr/services/couvreur/lyon,GET,_rsc=1k5ku,200,27fgp-1777576826707-920c840d4f8f,"Mozilla/5.0 (Macintosh; Intel Mac OS X 10_15_7) AppleWebKit/605.1.15 (KHTML, like Gecko) Version/26.3 Safari/605.1.15",,production,master,MISS,function,/services/[service]/[location].rsc,servicesartisans.fr,servicesartisans.fr,dpl_P1EjsJibqJB8BDboagAcGoKcPdQA,67,cdg1,462,2048,,prj_h3YjJQCfZGWT8WoxOTfhgyyskrXT,,,01KQFXBNX5MCBAH4DCEZH7X12H,FLTSyCut21ue,1,,
2026-04-30 19:20:26,1777576826707,servicesartisans.fr/services/couvreur/lyon,GET,_rsc=1k5ku,200,27fgp-1777576826707-920c840d4f8f,"Mozilla/5.0 (Macintosh; Intel Mac OS X 10_15_7) AppleWebKit/605.1.15 (KHTML, like Gecko) Version/26.3 Safari/605.1.15",,production,master,MISS,middleware,src/middleware,servicesartisans.fr,servicesartisans.fr,dpl_P1EjsJibqJB8BDboagAcGoKcPdQA,10,iad1,283,2048,,prj_h3YjJQCfZGWT8WoxOTfhgyyskrXT,,,01KQFXBNV1BAFSDPWPBMK0ED84,Sr0zrhsUYkUI,1,,
2026-04-30 19:20:26,1777576826573,servicesartisans.fr/services/serrurier/toulouse,GET,_rsc=1k5ku,200,ngkrl-1777576826480-e442df098d20,"Mozilla/5.0 (Macintosh; Intel Mac OS X 10_15_7) AppleWebKit/605.1.15 (KHTML, like Gecko) Version/26.3 Safari/605.1.15",error,production,master,MISS,function,/services/[service]/[location],servicesartisans.fr,servicesartisans.fr,dpl_P1EjsJibqJB8BDboagAcGoKcPdQA,,,,,"[2026-04-30T19:20:26.571Z] [ERROR] Redis command error {""error"":{""name"":""Error"",""message"":""HTTP 403"",""stack"":""Error: HTTP 403\n    at g (/var/task/.next/server/chunks/98754.js:1:2282)\n    at process.processTicksAndRejections (node:internal/process/task_queues:104:5)\n    at async p.set (/var/task/.next/server/chunks/98754.js:1:2905)""}}",prj_h3YjJQCfZGWT8WoxOTfhgyyskrXT,,,,,,,
2026-04-30 19:20:26,1777576826573,servicesartisans.fr/services/serrurier/toulouse,GET,_rsc=1k5ku,200,ngkrl-1777576826480-e442df098d20,"Mozilla/5.0 (Macintosh; Intel Mac OS X 10_15_7) AppleWebKit/605.1.15 (KHTML, like Gecko) Version/26.3 Safari/605.1.15",error,production,master,MISS,function,/services/[service]/[location],servicesartisans.fr,servicesartisans.fr,dpl_P1EjsJibqJB8BDboagAcGoKcPdQA,,,,,"[2026-04-30T19:20:26.572Z] [ERROR] Redis command error {""error"":{""name"":""Error"",""message"":""HTTP 403"",""stack"":""Error: HTTP 403\n    at g (/var/task/.next/server/chunks/98754.js:1:2282)\n    at process.processTicksAndRejections (node:internal/process/task_queues:104:5)\n    at async p.set (/var/task/.next/server/chunks/98754.js:1:2905)""}}",prj_h3YjJQCfZGWT8WoxOTfhgyyskrXT,,,,,,,
2026-04-30 19:20:26,1777576826480,servicesartisans.fr/services/serrurier/toulouse,GET,_rsc=1k5ku,200,ngkrl-1777576826480-e442df098d20,"Mozilla/5.0 (Macintosh; Intel Mac OS X 10_15_7) AppleWebKit/605.1.15 (KHTML, like Gecko) Version/26.3 Safari/605.1.15",,production,master,MISS,middleware,src/middleware,servicesartisans.fr,servicesartisans.fr,dpl_P1EjsJibqJB8BDboagAcGoKcPdQA,7,iad1,313,2048,,prj_h3YjJQCfZGWT8WoxOTfhgyyskrXT,,,01KQFXBNM0TP8EH8MBVA46ZSDJ,JEC2Voc8zvCx,1,,
2026-04-30 19:20:26,1777576826480,servicesartisans.fr/services/serrurier/toulouse,GET,_rsc=1k5ku,200,ngkrl-1777576826480-e442df098d20,"Mozilla/5.0 (Macintosh; Intel Mac OS X 10_15_7) AppleWebKit/605.1.15 (KHTML, like Gecko) Version/26.3 Safari/605.1.15",,production,master,MISS,function,/services/[service]/[location].rsc,servicesartisans.fr,servicesartisans.fr,dpl_P1EjsJibqJB8BDboagAcGoKcPdQA,50,cdg1,458,2048,,prj_h3YjJQCfZGWT8WoxOTfhgyyskrXT,,,01KQFXBNNZXVQSS9HQXXX6SGCS,FLTSyCut21ue,1,,
2026-04-30 19:20:26,1777576826369,servicesartisans.fr/services/serrurier/lyon,GET,_rsc=1k5ku,200,fttbz-1777576826234-8a8a4f106ea0,"Mozilla/5.0 (Macintosh; Intel Mac OS X 10_15_7) AppleWebKit/605.1.15 (KHTML, like Gecko) Version/26.3 Safari/605.1.15",error,production,master,MISS,function,/services/[service]/[location],servicesartisans.fr,servicesartisans.fr,dpl_P1EjsJibqJB8BDboagAcGoKcPdQA,,,,,"[2026-04-30T19:20:26.368Z] [ERROR] Redis command error {""error"":{""name"":""Error"",""message"":""HTTP 403"",""stack"":""Error: HTTP 403\n    at g (/var/task/.next/server/chunks/98754.js:1:2282)\n    at process.processTicksAndRejections (node:internal/process/task_queues:104:5)\n    at async p.set (/var/task/.next/server/chunks/98754.js:1:2905)""}}",prj_h3YjJQCfZGWT8WoxOTfhgyyskrXT,,,,,,,
2026-04-30 19:20:26,1777576826234,servicesartisans.fr/services/serrurier/lyon,GET,_rsc=1k5ku,200,fttbz-1777576826234-8a8a4f106ea0,"Mozilla/5.0 (Macintosh; Intel Mac OS X 10_15_7) AppleWebKit/605.1.15 (KHTML, like Gecko) Version/26.3 Safari/605.1.15",,production,master,MISS,middleware,src/middleware,servicesartisans.fr,servicesartisans.fr,dpl_P1EjsJibqJB8BDboagAcGoKcPdQA,9,iad1,282,2048,,prj_h3YjJQCfZGWT8WoxOTfhgyyskrXT,,,01KQFXBNC2XHYZBAXP6HZWS3YA,Sr0zrhsUYkUI,1,,
2026-04-30 19:20:26,1777576826234,servicesartisans.fr/services/serrurier/lyon,GET,_rsc=1k5ku,200,fttbz-1777576826234-8a8a4f106ea0,"Mozilla/5.0 (Macintosh; Intel Mac OS X 10_15_7) AppleWebKit/605.1.15 (KHTML, like Gecko) Version/26.3 Safari/605.1.15",,production,master,MISS,function,/services/[service]/[location].rsc,servicesartisans.fr,servicesartisans.fr,dpl_P1EjsJibqJB8BDboagAcGoKcPdQA,75,cdg1,456,2048,,prj_h3YjJQCfZGWT8WoxOTfhgyyskrXT,,,01KQFXBNE1D7H6VWJPER8NA8TK,FLTSyCut21ue,1,,
2026-04-30 19:20:26,1777576826318,servicesartisans.fr/services/electricien/toulouse,GET,_rsc=1k5ku,200,sbx59-1777576826225-dad1cb5d1117,"Mozilla/5.0 (Macintosh; Intel Mac OS X 10_15_7) AppleWebKit/605.1.15 (KHTML, like Gecko) Version/26.3 Safari/605.1.15",error,production,master,MISS,function,/services/[service]/[location],servicesartisans.fr,servicesartisans.fr,dpl_P1EjsJibqJB8BDboagAcGoKcPdQA,,,,,"[2026-04-30T19:20:26.318Z] [ERROR] Redis command error {""error"":{""name"":""Error"",""message"":""HTTP 403"",""stack"":""Error: HTTP 403\n    at g (/var/task/.next/server/chunks/98754.js:1:2282)\n    at process.processTicksAndRejections (node:internal/process/task_queues:104:5)\n    at async p.set (/var/task/.next/server/chunks/98754.js:1:2905)""}}",prj_h3YjJQCfZGWT8WoxOTfhgyyskrXT,,,,,,,
2026-04-30 19:20:26,1777576826225,servicesartisans.fr/services/electricien/toulouse,GET,_rsc=1k5ku,200,sbx59-1777576826225-dad1cb5d1117,"Mozilla/5.0 (Macintosh; Intel Mac OS X 10_15_7) AppleWebKit/605.1.15 (KHTML, like Gecko) Version/26.3 Safari/605.1.15",,production,master,MISS,middleware,src/middleware,servicesartisans.fr,servicesartisans.fr,dpl_P1EjsJibqJB8BDboagAcGoKcPdQA,7,iad1,313,2048,,prj_h3YjJQCfZGWT8WoxOTfhgyyskrXT,,,01KQFXBNC4850T3GDC2Z65YHH3,JEC2Voc8zvCx,1,,
2026-04-30 19:20:26,1777576826225,servicesartisans.fr/services/electricien/toulouse,GET,_rsc=1k5ku,200,sbx59-1777576826225-dad1cb5d1117,"Mozilla/5.0 (Macintosh; Intel Mac OS X 10_15_7) AppleWebKit/605.1.15 (KHTML, like Gecko) Version/26.3 Safari/605.1.15",,production,master,MISS,function,/services/[service]/[location].rsc,servicesartisans.fr,servicesartisans.fr,dpl_P1EjsJibqJB8BDboagAcGoKcPdQA,102,cdg1,440,2048,,prj_h3YjJQCfZGWT8WoxOTfhgyyskrXT,,,01KQFXBNCXZMS1H65JMHRRMNSD,sQvh0ub00N5U,2,,
2026-04-30 19:20:26,1777576826286,servicesartisans.fr/services/electricien/lyon,GET,_rsc=1k5ku,200,hlwx9-1777576826158-916545881ac4,"Mozilla/5.0 (Macintosh; Intel Mac OS X 10_15_7) AppleWebKit/605.1.15 (KHTML, like Gecko) Version/26.3 Safari/605.1.15",error,production,master,MISS,function,/services/[service]/[location],servicesartisans.fr,servicesartisans.fr,dpl_P1EjsJibqJB8BDboagAcGoKcPdQA,,,,,"[2026-04-30T19:20:26.285Z] [ERROR] Redis command error {""error"":{""name"":""Error"",""message"":""HTTP 403"",""stack"":""Error: HTTP 403\n    at g (/var/task/.next/server/chunks/98754.js:1:2282)\n    at process.processTicksAndRejections (node:internal/process/task_queues:104:5)\n    at async p.set (/var/task/.next/server/chunks/98754.js:1:2905)""}}",prj_h3YjJQCfZGWT8WoxOTfhgyyskrXT,,,,,,,
2026-04-30 19:20:26,1777576826304,servicesartisans.fr/services/electricien/lyon,GET,_rsc=1k5ku,200,hlwx9-1777576826158-916545881ac4,"Mozilla/5.0 (Macintosh; Intel Mac OS X 10_15_7) AppleWebKit/605.1.15 (KHTML, like Gecko) Version/26.3 Safari/605.1.15",error,production,master,MISS,function,/services/[service]/[location],servicesartisans.fr,servicesartisans.fr,dpl_P1EjsJibqJB8BDboagAcGoKcPdQA,,,,,"[2026-04-30T19:20:26.303Z] [ERROR] Upstash circuit breaker opened {""reason"":""HTTP 403"",""consecutiveAuthFailures"":3,""reopenInMs"":60000}",prj_h3YjJQCfZGWT8WoxOTfhgyyskrXT,,,,,,,
2026-04-30 19:20:26,1777576826318,servicesartisans.fr/services/electricien/lyon,GET,_rsc=1k5ku,200,hlwx9-1777576826158-916545881ac4,"Mozilla/5.0 (Macintosh; Intel Mac OS X 10_15_7) AppleWebKit/605.1.15 (KHTML, like Gecko) Version/26.3 Safari/605.1.15",error,production,master,MISS,function,/services/[service]/[location],servicesartisans.fr,servicesartisans.fr,dpl_P1EjsJibqJB8BDboagAcGoKcPdQA,,,,,"[2026-04-30T19:20:26.318Z] [ERROR] Redis command error {""error"":{""name"":""Error"",""message"":""HTTP 403"",""stack"":""Error: HTTP 403\n    at g (/var/task/.next/server/chunks/98754.js:1:2282)\n    at process.processTicksAndRejections (node:internal/process/task_queues:104:5)\n    at async p.set (/var/task/.next/server/chunks/98754.js:1:2905)""}}",prj_h3YjJQCfZGWT8WoxOTfhgyyskrXT,,,,,,,
2026-04-30 19:20:26,1777576826347,servicesartisans.fr/services/electricien/lyon,GET,_rsc=1k5ku,200,hlwx9-1777576826158-916545881ac4,"Mozilla/5.0 (Macintosh; Intel Mac OS X 10_15_7) AppleWebKit/605.1.15 (KHTML, like Gecko) Version/26.3 Safari/605.1.15",error,production,master,MISS,function,/services/[service]/[location],servicesartisans.fr,servicesartisans.fr,dpl_P1EjsJibqJB8BDboagAcGoKcPdQA,,,,,"[2026-04-30T19:20:26.346Z] [ERROR] Redis command error {""error"":{""name"":""Error"",""message"":""HTTP 403"",""stack"":""Error: HTTP 403\n    at g (/var/task/.next/server/chunks/98754.js:1:2282)\n    at process.processTicksAndRejections (node:internal/process/task_queues:104:5)\n    at async p.set (/var/task/.next/server/chunks/98754.js:1:2905)""}}",prj_h3YjJQCfZGWT8WoxOTfhgyyskrXT,,,,,,,
2026-04-30 19:20:26,1777576826366,servicesartisans.fr/services/electricien/lyon,GET,_rsc=1k5ku,200,hlwx9-1777576826158-916545881ac4,"Mozilla/5.0 (Macintosh; Intel Mac OS X 10_15_7) AppleWebKit/605.1.15 (KHTML, like Gecko) Version/26.3 Safari/605.1.15",error,production,master,MISS,function,/services/[service]/[location],servicesartisans.fr,servicesartisans.fr,dpl_P1EjsJibqJB8BDboagAcGoKcPdQA,,,,,"[2026-04-30T19:20:26.365Z] [ERROR] Redis command error {""error"":{""name"":""Error"",""message"":""HTTP 403"",""stack"":""Error: HTTP 403\n    at g (/var/task/.next/server/chunks/98754.js:1:2282)\n    at process.processTicksAndRejections (node:internal/process/task_queues:104:5)\n    at async p.set (/var/task/.next/server/chunks/98754.js:1:2905)""}}",prj_h3YjJQCfZGWT8WoxOTfhgyyskrXT,,,,,,,
2026-04-30 19:20:26,1777576826158,servicesartisans.fr/services/electricien/lyon,GET,_rsc=1k5ku,200,hlwx9-1777576826158-916545881ac4,"Mozilla/5.0 (Macintosh; Intel Mac OS X 10_15_7) AppleWebKit/605.1.15 (KHTML, like Gecko) Version/26.3 Safari/605.1.15",,production,master,MISS,middleware,src/middleware,servicesartisans.fr,servicesartisans.fr,dpl_P1EjsJibqJB8BDboagAcGoKcPdQA,10,iad1,282,2048,,prj_h3YjJQCfZGWT8WoxOTfhgyyskrXT,,,01KQFXBNA4AKEZNJMZS16C6Z2W,Sr0zrhsUYkUI,1,,
2026-04-30 19:20:26,1777576826158,servicesartisans.fr/services/electricien/lyon,GET,_rsc=1k5ku,200,hlwx9-1777576826158-916545881ac4,"Mozilla/5.0 (Macintosh; Intel Mac OS X 10_15_7) AppleWebKit/605.1.15 (KHTML, like Gecko) Version/26.3 Safari/605.1.15",,production,master,MISS,function,/services/[service]/[location].rsc,servicesartisans.fr,servicesartisans.fr,dpl_P1EjsJibqJB8BDboagAcGoKcPdQA,94,cdg1,439,2048,,prj_h3YjJQCfZGWT8WoxOTfhgyyskrXT,,,01KQFXBNCXZMS1H65JMHRRMNSD,sQvh0ub00N5U,2,,
2026-04-30 19:20:26,1777576826066,servicesartisans.fr/services/plombier/toulouse,GET,_rsc=1k5ku,200,hqlbx-1777576825962-c813b0f15294,"Mozilla/5.0 (Macintosh; Intel Mac OS X 10_15_7) AppleWebKit/605.1.15 (KHTML, like Gecko) Version/26.3 Safari/605.1.15",error,production,master,MISS,function,/services/[service]/[location],servicesartisans.fr,servicesartisans.fr,dpl_P1EjsJibqJB8BDboagAcGoKcPdQA,,,,,"[2026-04-30T19:20:26.065Z] [ERROR] Redis command error {""error"":{""name"":""TimeoutError"",""message"":""The operation was aborted due to timeout"",""stack"":""TimeoutError: The operation was aborted due to timeout""}}",prj_h3YjJQCfZGWT8WoxOTfhgyyskrXT,,,,,,,
2026-04-30 19:20:26,1777576826066,servicesartisans.fr/services/plombier/toulouse,GET,_rsc=1k5ku,200,hqlbx-1777576825962-c813b0f15294,"Mozilla/5.0 (Macintosh; Intel Mac OS X 10_15_7) AppleWebKit/605.1.15 (KHTML, like Gecko) Version/26.3 Safari/605.1.15",error,production,master,MISS,function,/services/[service]/[location],servicesartisans.fr,servicesartisans.fr,dpl_P1EjsJibqJB8BDboagAcGoKcPdQA,,,,,"[2026-04-30T19:20:26.066Z] [ERROR] Redis command error {""error"":{""name"":""TimeoutError"",""message"":""The operation was aborted due to timeout"",""stack"":""TimeoutError: The operation was aborted due to timeout""}}",prj_h3YjJQCfZGWT8WoxOTfhgyyskrXT,,,,,,,
2026-04-30 19:20:26,1777576826164,servicesartisans.fr/services/plombier/toulouse,GET,_rsc=1k5ku,200,hqlbx-1777576825962-c813b0f15294,"Mozilla/5.0 (Macintosh; Intel Mac OS X 10_15_7) AppleWebKit/605.1.15 (KHTML, like Gecko) Version/26.3 Safari/605.1.15",error,production,master,MISS,function,/services/[service]/[location],servicesartisans.fr,servicesartisans.fr,dpl_P1EjsJibqJB8BDboagAcGoKcPdQA,,,,,"[2026-04-30T19:20:26.163Z] [ERROR] Redis command error {""error"":{""name"":""Error"",""message"":""HTTP 403"",""stack"":""Error: HTTP 403\n    at g (/var/task/.next/server/chunks/98754.js:1:2282)\n    at process.processTicksAndRejections (node:internal/process/task_queues:104:5)\n    at async p.set (/var/task/.next/server/chunks/98754.js:1:2905)""}}",prj_h3YjJQCfZGWT8WoxOTfhgyyskrXT,,,,,,,
2026-04-30 19:20:25,1777576825962,servicesartisans.fr/services/plombier/toulouse,GET,_rsc=1k5ku,200,hqlbx-1777576825962-c813b0f15294,"Mozilla/5.0 (Macintosh; Intel Mac OS X 10_15_7) AppleWebKit/605.1.15 (KHTML, like Gecko) Version/26.3 Safari/605.1.15",,production,master,MISS,middleware,src/middleware,servicesartisans.fr,servicesartisans.fr,dpl_P1EjsJibqJB8BDboagAcGoKcPdQA,13,iad1,281,2048,,prj_h3YjJQCfZGWT8WoxOTfhgyyskrXT,,,01KQFXBN3KX4EYTN5WARK0RN2K,Sr0zrhsUYkUI,1,,
2026-04-30 19:20:25,1777576825962,servicesartisans.fr/services/plombier/toulouse,GET,_rsc=1k5ku,200,hqlbx-1777576825962-c813b0f15294,"Mozilla/5.0 (Macintosh; Intel Mac OS X 10_15_7) AppleWebKit/605.1.15 (KHTML, like Gecko) Version/26.3 Safari/605.1.15",,production,master,MISS,function,/services/[service]/[location].rsc,servicesartisans.fr,servicesartisans.fr,dpl_P1EjsJibqJB8BDboagAcGoKcPdQA,107,cdg1,435,2048,,prj_h3YjJQCfZGWT8WoxOTfhgyyskrXT,,,01KQFXBN5Y3E1S9TGNDYHGGBZ4,sQvh0ub00N5U,1,,
2026-04-30 19:20:26,1777576826036,servicesartisans.fr/services/plombier/lyon,GET,_rsc=1k5ku,200,rst4h-1777576825923-43f0da76a199,"Mozilla/5.0 (Macintosh; Intel Mac OS X 10_15_7) AppleWebKit/605.1.15 (KHTML, like Gecko) Version/26.3 Safari/605.1.15",error,production,master,MISS,function,/services/[service]/[location],servicesartisans.fr,servicesartisans.fr,dpl_P1EjsJibqJB8BDboagAcGoKcPdQA,,,,,"[2026-04-30T19:20:26.036Z] [ERROR] Redis command error {""error"":{""name"":""TimeoutError"",""message"":""The operation was aborted due to timeout"",""stack"":""TimeoutError: The operation was aborted due to timeout""}}",prj_h3YjJQCfZGWT8WoxOTfhgyyskrXT,,,,,,,
2026-04-30 19:20:26,1777576826037,servicesartisans.fr/services/plombier/lyon,GET,_rsc=1k5ku,200,rst4h-1777576825923-43f0da76a199,"Mozilla/5.0 (Macintosh; Intel Mac OS X 10_15_7) AppleWebKit/605.1.15 (KHTML, like Gecko) Version/26.3 Safari/605.1.15",error,production,master,MISS,function,/services/[service]/[location],servicesartisans.fr,servicesartisans.fr,dpl_P1EjsJibqJB8BDboagAcGoKcPdQA,,,,,"[2026-04-30T19:20:26.037Z] [ERROR] Redis command error {""error"":{""name"":""TimeoutError"",""message"":""The operation was aborted due to timeout"",""stack"":""TimeoutError: The operation was aborted due to timeout""}}",prj_h3YjJQCfZGWT8WoxOTfhgyyskrXT,,,,,,,
2026-04-30 19:20:25,1777576825923,servicesartisans.fr/services/plombier/lyon,GET,_rsc=1k5ku,200,rst4h-1777576825923-43f0da76a199,"Mozilla/5.0 (Macintosh; Intel Mac OS X 10_15_7) AppleWebKit/605.1.15 (KHTML, like Gecko) Version/26.3 Safari/605.1.15",,production,master,MISS,middleware,src/middleware,servicesartisans.fr,servicesartisans.fr,dpl_P1EjsJibqJB8BDboagAcGoKcPdQA,17,iad1,283,2048,,prj_h3YjJQCfZGWT8WoxOTfhgyyskrXT,,,01KQFXBN2JTGWYFAJRNHZGHMT9,BIkONOxw39A7,1,,
2026-04-30 19:20:25,1777576825923,servicesartisans.fr/services/plombier/lyon,GET,_rsc=1k5ku,200,rst4h-1777576825923-43f0da76a199,"Mozilla/5.0 (Macintosh; Intel Mac OS X 10_15_7) AppleWebKit/605.1.15 (KHTML, like Gecko) Version/26.3 Safari/605.1.15",,production,master,MISS,function,/services/[service]/[location].rsc,servicesartisans.fr,servicesartisans.fr,dpl_P1EjsJibqJB8BDboagAcGoKcPdQA,39,cdg1,454,2048,,prj_h3YjJQCfZGWT8WoxOTfhgyyskrXT,,,01KQFXBN4ZRYFRZ42272G7GBQ7,FLTSyCut21ue,1,,
2026-04-30 19:20:24,1777576824255,servicesartisans.fr/api/analytics,POST,,204,xtczg-1777576824233-ec36c91c7002,"Mozilla/5.0 (Macintosh; Intel Mac OS X 10_15_7) AppleWebKit/605.1.15 (KHTML, like Gecko) Version/26.3 Safari/605.1.15",error,production,master,MISS,middleware,/api/analytics,servicesartisans.fr,servicesartisans.fr,dpl_P1EjsJibqJB8BDboagAcGoKcPdQA,,,,,"[2026-04-30T19:20:24.254Z] [ERROR] [UpstashRateLimiter] Redis unavailable {""key"":""83.203.33.48:/api/analytics"",""failOpen"":true,""consecutiveFailures"":18}",prj_h3YjJQCfZGWT8WoxOTfhgyyskrXT,,,,,,,
2026-04-30 19:20:24,1777576824326,servicesartisans.fr/api/analytics,POST,,204,xtczg-1777576824233-ec36c91c7002,"Mozilla/5.0 (Macintosh; Intel Mac OS X 10_15_7) AppleWebKit/605.1.15 (KHTML, like Gecko) Version/26.3 Safari/605.1.15",error,production,master,MISS,function,/api/analytics,servicesartisans.fr,servicesartisans.fr,dpl_P1EjsJibqJB8BDboagAcGoKcPdQA,,,,,"[2026-04-30T19:20:24.325Z] [ERROR] [UpstashRateLimiter] Redis unavailable {""key"":""analytics:83.203.33.48"",""failOpen"":true,""consecutiveFailures"":11}",prj_h3YjJQCfZGWT8WoxOTfhgyyskrXT,,,,,,,
2026-04-30 19:20:24,1777576824233,servicesartisans.fr/api/analytics,POST,,204,xtczg-1777576824233-ec36c91c7002,"Mozilla/5.0 (Macintosh; Intel Mac OS X 10_15_7) AppleWebKit/605.1.15 (KHTML, like Gecko) Version/26.3 Safari/605.1.15",,production,master,MISS,function,/api/analytics,servicesartisans.fr,servicesartisans.fr,dpl_P1EjsJibqJB8BDboagAcGoKcPdQA,58,cdg1,354,2048,,prj_h3YjJQCfZGWT8WoxOTfhgyyskrXT,,,01KQFXBKFKJEK3F6JTGJREAPRF,fqRdCPV6yFI9,1,,
2026-04-30 19:20:24,1777576824233,servicesartisans.fr/api/analytics,POST,,204,xtczg-1777576824233-ec36c91c7002,"Mozilla/5.0 (Macintosh; Intel Mac OS X 10_15_7) AppleWebKit/605.1.15 (KHTML, like Gecko) Version/26.3 Safari/605.1.15",,production,master,MISS,middleware,src/middleware,servicesartisans.fr,servicesartisans.fr,dpl_P1EjsJibqJB8BDboagAcGoKcPdQA,9,iad1,306,2048,,prj_h3YjJQCfZGWT8WoxOTfhgyyskrXT,,,01KQFXBKDGSY2MHK2RJA39K0W0,UGtGifRuMg0b,1,,
2026-04-30 19:20:24,1777576824385,servicesartisans.fr/api/gdpr/consent,POST,,429,f4pvs-1777576824210-9494604f6cf2,"Mozilla/5.0 (Macintosh; Intel Mac OS X 10_15_7) AppleWebKit/605.1.15 (KHTML, like Gecko) Version/26.3 Safari/605.1.15",error,production,master,,middleware,/api/gdpr/consent,servicesartisans.fr,servicesartisans.fr,dpl_P1EjsJibqJB8BDboagAcGoKcPdQA,,,,,"[2026-04-30T19:20:24.384Z] [ERROR] [UpstashRateLimiter] Redis unavailable {""key"":""83.203.33.48:/api/gdpr/consent"",""failOpen"":false,""consecutiveFailures"":1}",prj_h3YjJQCfZGWT8WoxOTfhgyyskrXT,,,,,,,
2026-04-30 19:20:24,1777576824210,servicesartisans.fr/api/gdpr/consent,POST,,429,f4pvs-1777576824210-9494604f6cf2,"Mozilla/5.0 (Macintosh; Intel Mac OS X 10_15_7) AppleWebKit/605.1.15 (KHTML, like Gecko) Version/26.3 Safari/605.1.15",,production,master,,middleware,src/middleware,servicesartisans.fr,servicesartisans.fr,dpl_P1EjsJibqJB8BDboagAcGoKcPdQA,252,iad1,292,2048,,prj_h3YjJQCfZGWT8WoxOTfhgyyskrXT,,,01KQFXBKCVNJ7BMYA5CGXGXC9G,W9UDtsWtsmCC,1,,
2026-04-30 19:20:24,1777576824210,servicesartisans.fr/api/gdpr/consent,POST,,429,f4pvs-1777576824210-9494604f6cf2,"Mozilla/5.0 (Macintosh; Intel Mac OS X 10_15_7) AppleWebKit/605.1.15 (KHTML, like Gecko) Version/26.3 Safari/605.1.15",,production,master,,static,/api/gdpr/consent,servicesartisans.fr,servicesartisans.fr,dpl_P1EjsJibqJB8BDboagAcGoKcPdQA,187,iad1,,,,prj_h3YjJQCfZGWT8WoxOTfhgyyskrXT,,,,,,,
2026-04-30 19:20:24,1777576824178,servicesartisans.fr/services/carreleur/albi,GET,nxtPservice=carreleur&nxtPlocation=albi,200,z96gp-1777576824124-3c6c8aa1f4d4,"Mozilla/5.0 AppleWebKit/537.36 (KHTML, like Gecko); compatible; ChatGPT-User/1.0; +https://openai.com/bot",error,production,master,MISS,function,/services/[service]/[location],servicesartisans.fr,servicesartisans.fr,dpl_P1EjsJibqJB8BDboagAcGoKcPdQA,,,,,"[2026-04-30T19:20:24.177Z] [ERROR] Upstash circuit breaker opened {""reason"":""HTTP 403"",""consecutiveAuthFailures"":3,""reopenInMs"":60000}",prj_h3YjJQCfZGWT8WoxOTfhgyyskrXT,,,,,,,
2026-04-30 19:20:24,1777576824124,servicesartisans.fr/services/carreleur/albi,GET,nxtPservice=carreleur&nxtPlocation=albi,200,z96gp-1777576824124-3c6c8aa1f4d4,"Mozilla/5.0 AppleWebKit/537.36 (KHTML, like Gecko); compatible; ChatGPT-User/1.0; +https://openai.com/bot",,production,master,MISS,middleware,src/middleware,servicesartisans.fr,servicesartisans.fr,dpl_P1EjsJibqJB8BDboagAcGoKcPdQA,9,cdg1,301,2048,,prj_h3YjJQCfZGWT8WoxOTfhgyyskrXT,,,01KQFXBKA55HT3EKGMPC2MTF4Y,bveefIVCsOZo,1,,
2026-04-30 19:20:24,1777576824124,servicesartisans.fr/services/carreleur/albi,GET,nxtPservice=carreleur&nxtPlocation=albi,200,z96gp-1777576824124-3c6c8aa1f4d4,"Mozilla/5.0 AppleWebKit/537.36 (KHTML, like Gecko); compatible; ChatGPT-User/1.0; +https://openai.com/bot",,production,master,MISS,function,/services/[service]/[location],servicesartisans.fr,servicesartisans.fr,dpl_P1EjsJibqJB8BDboagAcGoKcPdQA,709,cdg1,483,2048,,prj_h3YjJQCfZGWT8WoxOTfhgyyskrXT,,,01KQFXBKAXBAMVVGZBJWN6T97Z,YTC5LrHCBUln,1,,
2026-04-30 19:20:22,1777576822690,servicesartisans.fr/api/analytics,POST,,204,79cg2-1777576822643-5448f03e9a4d,"Mozilla/5.0 (iPhone; CPU iPhone OS 18_7 like Mac OS X) AppleWebKit/605.1.15 (KHTML, like Gecko) Version/26.3 Mobile/15E148 Safari/604.1",error,production,master,MISS,middleware,/api/analytics,servicesartisans.fr,servicesartisans.fr,dpl_P1EjsJibqJB8BDboagAcGoKcPdQA,,,,,"[2026-04-30T19:20:22.690Z] [ERROR] [UpstashRateLimiter] Redis unavailable {""key"":""176.191.187.154:/api/analytics"",""failOpen"":true,""consecutiveFailures"":2}",prj_h3YjJQCfZGWT8WoxOTfhgyyskrXT,,,,,,,
2026-04-30 19:20:22,1777576822760,servicesartisans.fr/api/analytics,POST,,204,79cg2-1777576822643-5448f03e9a4d,"Mozilla/5.0 (iPhone; CPU iPhone OS 18_7 like Mac OS X) AppleWebKit/605.1.15 (KHTML, like Gecko) Version/26.3 Mobile/15E148 Safari/604.1",error,production,master,MISS,function,/api/analytics,servicesartisans.fr,servicesartisans.fr,dpl_P1EjsJibqJB8BDboagAcGoKcPdQA,,,,,"[2026-04-30T19:20:22.760Z] [ERROR] [UpstashRateLimiter] Circuit breaker opened {""consecutiveFailures"":10,""cooldownMs"":30000}",prj_h3YjJQCfZGWT8WoxOTfhgyyskrXT,,,,,,,
2026-04-30 19:20:22,1777576822761,servicesartisans.fr/api/analytics,POST,,204,79cg2-1777576822643-5448f03e9a4d,"Mozilla/5.0 (iPhone; CPU iPhone OS 18_7 like Mac OS X) AppleWebKit/605.1.15 (KHTML, like Gecko) Version/26.3 Mobile/15E148 Safari/604.1",error,production,master,MISS,function,/api/analytics,servicesartisans.fr,servicesartisans.fr,dpl_P1EjsJibqJB8BDboagAcGoKcPdQA,,,,,"[2026-04-30T19:20:22.760Z] [ERROR] [UpstashRateLimiter] Redis unavailable {""key"":""analytics:176.191.187.154"",""failOpen"":true,""consecutiveFailures"":10}",prj_h3YjJQCfZGWT8WoxOTfhgyyskrXT,,,,,,,
2026-04-30 19:20:22,1777576822643,servicesartisans.fr/api/analytics,POST,,204,79cg2-1777576822643-5448f03e9a4d,"Mozilla/5.0 (iPhone; CPU iPhone OS 18_7 like Mac OS X) AppleWebKit/605.1.15 (KHTML, like Gecko) Version/26.3 Mobile/15E148 Safari/604.1",,production,master,MISS,middleware,src/middleware,servicesartisans.fr,servicesartisans.fr,dpl_P1EjsJibqJB8BDboagAcGoKcPdQA,31,cdg1,300,2048,,prj_h3YjJQCfZGWT8WoxOTfhgyyskrXT,,,01KQFXBHVV171WJXG7XA2ZY0PS,bveefIVCsOZo,2,,
2026-04-30 19:20:22,1777576822643,servicesartisans.fr/api/analytics,POST,,204,79cg2-1777576822643-5448f03e9a4d,"Mozilla/5.0 (iPhone; CPU iPhone OS 18_7 like Mac OS X) AppleWebKit/605.1.15 (KHTML, like Gecko) Version/26.3 Mobile/15E148 Safari/604.1",,production,master,MISS,function,/api/analytics,servicesartisans.fr,servicesartisans.fr,dpl_P1EjsJibqJB8BDboagAcGoKcPdQA,109,cdg1,354,2048,,prj_h3YjJQCfZGWT8WoxOTfhgyyskrXT,,,01KQFXBHX7XRM7S4EE7D2GTNN4,fqRdCPV6yFI9,1,,
2026-04-30 19:20:22,1777576822723,servicesartisans.fr/api/gdpr/consent,POST,,429,lhp7n-1777576822636-3f5fed868d83,"Mozilla/5.0 (iPhone; CPU iPhone OS 18_7 like Mac OS X) AppleWebKit/605.1.15 (KHTML, like Gecko) Version/26.3 Mobile/15E148 Safari/604.1",error,production,master,,middleware,/api/gdpr/consent,servicesartisans.fr,servicesartisans.fr,dpl_P1EjsJibqJB8BDboagAcGoKcPdQA,,,,,"[2026-04-30T19:20:22.723Z] [ERROR] [UpstashRateLimiter] Circuit breaker opened {""consecutiveFailures"":3,""cooldownMs"":30000}",prj_h3YjJQCfZGWT8WoxOTfhgyyskrXT,,,,,,,
2026-04-30 19:20:22,1777576822724,servicesartisans.fr/api/gdpr/consent,POST,,429,lhp7n-1777576822636-3f5fed868d83,"Mozilla/5.0 (iPhone; CPU iPhone OS 18_7 like Mac OS X) AppleWebKit/605.1.15 (KHTML, like Gecko) Version/26.3 Mobile/15E148 Safari/604.1",error,production,master,,middleware,/api/gdpr/consent,servicesartisans.fr,servicesartisans.fr,dpl_P1EjsJibqJB8BDboagAcGoKcPdQA,,,,,"[2026-04-30T19:20:22.723Z] [ERROR] [UpstashRateLimiter] Redis unavailable {""key"":""176.191.187.154:/api/gdpr/consent"",""failOpen"":false,""consecutiveFailures"":3}",prj_h3YjJQCfZGWT8WoxOTfhgyyskrXT,,,,,,,
2026-04-30 19:20:22,1777576822636,servicesartisans.fr/api/gdpr/consent,POST,,429,lhp7n-1777576822636-3f5fed868d83,"Mozilla/5.0 (iPhone; CPU iPhone OS 18_7 like Mac OS X) AppleWebKit/605.1.15 (KHTML, like Gecko) Version/26.3 Mobile/15E148 Safari/604.1",,production,master,,middleware,src/middleware,servicesartisans.fr,servicesartisans.fr,dpl_P1EjsJibqJB8BDboagAcGoKcPdQA,52,cdg1,300,2048,,prj_h3YjJQCfZGWT8WoxOTfhgyyskrXT,,,01KQFXBHVV171WJXG7XA2ZY0PS,bveefIVCsOZo,2,,
2026-04-30 19:20:22,1777576822636,servicesartisans.fr/api/gdpr/consent,POST,,429,lhp7n-1777576822636-3f5fed868d83,"Mozilla/5.0 (iPhone; CPU iPhone OS 18_7 like Mac OS X) AppleWebKit/605.1.15 (KHTML, like Gecko) Version/26.3 Mobile/15E148 Safari/604.1",,production,master,,static,/api/gdpr/consent,servicesartisans.fr,servicesartisans.fr,dpl_P1EjsJibqJB8BDboagAcGoKcPdQA,94,cdg1,,,,prj_h3YjJQCfZGWT8WoxOTfhgyyskrXT,,,,,,,
2026-04-30 19:20:21,1777576821756,servicesartisans.fr/services/chauffagiste/toulouse,GET,_rsc=1at92,200,msdtq-1777576821713-77e0c9875e48,"Mozilla/5.0 (iPhone; CPU iPhone OS 18_7 like Mac OS X) AppleWebKit/605.1.15 (KHTML, like Gecko) Version/26.3 Mobile/15E148 Safari/604.1",error,production,master,MISS,function,/services/[service]/[location],servicesartisans.fr,servicesartisans.fr,dpl_P1EjsJibqJB8BDboagAcGoKcPdQA,,,,,"[2026-04-30T19:20:21.755Z] [ERROR] Redis command error {""error"":{""name"":""Error"",""message"":""HTTP 403"",""stack"":""Error: HTTP 403\n    at g (/var/task/.next/server/chunks/98754.js:1:2282)\n    at process.processTicksAndRejections (node:internal/process/task_queues:104:5)\n    at async p.set (/var/task/.next/server/chunks/98754.js:1:2905)""}}",prj_h3YjJQCfZGWT8WoxOTfhgyyskrXT,,,,,,,
2026-04-30 19:20:21,1777576821757,servicesartisans.fr/services/chauffagiste/toulouse,GET,_rsc=1at92,200,msdtq-1777576821713-77e0c9875e48,"Mozilla/5.0 (iPhone; CPU iPhone OS 18_7 like Mac OS X) AppleWebKit/605.1.15 (KHTML, like Gecko) Version/26.3 Mobile/15E148 Safari/604.1",error,production,master,MISS,function,/services/[service]/[location],servicesartisans.fr,servicesartisans.fr,dpl_P1EjsJibqJB8BDboagAcGoKcPdQA,,,,,"[2026-04-30T19:20:21.756Z] [ERROR] Upstash circuit breaker opened {""reason"":""HTTP 403"",""consecutiveAuthFailures"":3,""reopenInMs"":60000}",prj_h3YjJQCfZGWT8WoxOTfhgyyskrXT,,,,,,,
2026-04-30 19:20:21,1777576821713,servicesartisans.fr/services/chauffagiste/toulouse,GET,_rsc=1at92,200,msdtq-1777576821713-77e0c9875e48,"Mozilla/5.0 (iPhone; CPU iPhone OS 18_7 like Mac OS X) AppleWebKit/605.1.15 (KHTML, like Gecko) Version/26.3 Mobile/15E148 Safari/604.1",,production,master,MISS,middleware,src/middleware,servicesartisans.fr,servicesartisans.fr,dpl_P1EjsJibqJB8BDboagAcGoKcPdQA,9,cdg1,299,2048,,prj_h3YjJQCfZGWT8WoxOTfhgyyskrXT,,,01KQFXBGYNYMJEGDNF9ZFYD7SM,bveefIVCsOZo,1,,
2026-04-30 19:20:21,1777576821713,servicesartisans.fr/services/chauffagiste/toulouse,GET,_rsc=1at92,200,msdtq-1777576821713-77e0c9875e48,"Mozilla/5.0 (iPhone; CPU iPhone OS 18_7 like Mac OS X) AppleWebKit/605.1.15 (KHTML, like Gecko) Version/26.3 Mobile/15E148 Safari/604.1",,production,master,MISS,function,/services/[service]/[location].rsc,servicesartisans.fr,servicesartisans.fr,dpl_P1EjsJibqJB8BDboagAcGoKcPdQA,77,cdg1,522,2048,,prj_h3YjJQCfZGWT8WoxOTfhgyyskrXT,,,01KQFXBGZDVPV3CHA7KC83VKM9,fQRaFIGjlkr1,1,,
2026-04-30 19:20:23,1777576823347,servicesartisans.fr/services/serrurier/paris,GET,_rsc=1at92,200,fkxf7-1777576821473-1ea21ef6006e,"Mozilla/5.0 (iPhone; CPU iPhone OS 18_7 like Mac OS X) AppleWebKit/605.1.15 (KHTML, like Gecko) Version/26.3 Mobile/15E148 Safari/604.1",error,production,master,MISS,function,/services/[service]/[location],servicesartisans.fr,servicesartisans.fr,dpl_P1EjsJibqJB8BDboagAcGoKcPdQA,,,,,"[2026-04-30T19:20:23.346Z] [ERROR] Redis command error {""error"":{""name"":""Error"",""message"":""HTTP 403"",""stack"":""Error: HTTP 403\n    at g (/var/task/.next/server/chunks/98754.js:1:2282)\n    at process.processTicksAndRejections (node:internal/process/task_queues:104:5)\n    at async p.set (/var/task/.next/server/chunks/98754.js:1:2905)""}}",prj_h3YjJQCfZGWT8WoxOTfhgyyskrXT,,,,,,,
2026-04-30 19:20:23,1777576823395,servicesartisans.fr/services/serrurier/paris,GET,_rsc=1at92,200,fkxf7-1777576821473-1ea21ef6006e,"Mozilla/5.0 (iPhone; CPU iPhone OS 18_7 like Mac OS X) AppleWebKit/605.1.15 (KHTML, like Gecko) Version/26.3 Mobile/15E148 Safari/604.1",error,production,master,MISS,function,/services/[service]/[location],servicesartisans.fr,servicesartisans.fr,dpl_P1EjsJibqJB8BDboagAcGoKcPdQA,,,,,"[2026-04-30T19:20:23.395Z] [ERROR] Redis command error {""error"":{""name"":""Error"",""message"":""HTTP 403"",""stack"":""Error: HTTP 403\n    at g (/var/task/.next/server/chunks/98754.js:1:2282)\n    at process.processTicksAndRejections (node:internal/process/task_queues:104:5)\n    at async p.set (/var/task/.next/server/chunks/98754.js:1:2905)""}}",prj_h3YjJQCfZGWT8WoxOTfhgyyskrXT,,,,,,,
2026-04-30 19:20:21,1777576821473,servicesartisans.fr/services/serrurier/paris,GET,_rsc=1at92,200,fkxf7-1777576821473-1ea21ef6006e,"Mozilla/5.0 (iPhone; CPU iPhone OS 18_7 like Mac OS X) AppleWebKit/605.1.15 (KHTML, like Gecko) Version/26.3 Mobile/15E148 Safari/604.1",,production,master,MISS,function,/services/[service]/[location].rsc,servicesartisans.fr,servicesartisans.fr,dpl_P1EjsJibqJB8BDboagAcGoKcPdQA,1724,cdg1,454,2048,,prj_h3YjJQCfZGWT8WoxOTfhgyyskrXT,,,01KQFXBGR31Y6YVG4Z7S1YR3AE,sQvh0ub00N5U,1,,
2026-04-30 19:20:21,1777576821473,servicesartisans.fr/services/serrurier/paris,GET,_rsc=1at92,200,fkxf7-1777576821473-1ea21ef6006e,"Mozilla/5.0 (iPhone; CPU iPhone OS 18_7 like Mac OS X) AppleWebKit/605.1.15 (KHTML, like Gecko) Version/26.3 Mobile/15E148 Safari/604.1",,production,master,MISS,middleware,src/middleware,servicesartisans.fr,servicesartisans.fr,dpl_P1EjsJibqJB8BDboagAcGoKcPdQA,8,cdg1,302,2048,,prj_h3YjJQCfZGWT8WoxOTfhgyyskrXT,,,01KQFXBGQAV67P6WY8F4SA1BT3,XLUMyIEvDBY1,1,,
2026-04-30 19:20:21,1777576821490,servicesartisans.fr/services/electricien/lyon,GET,_rsc=1at92,200,hbqhx-1777576821396-b71c9e6b16d6,"Mozilla/5.0 (iPhone; CPU iPhone OS 18_7 like Mac OS X) AppleWebKit/605.1.15 (KHTML, like Gecko) Version/26.3 Mobile/15E148 Safari/604.1",error,production,master,MISS,function,/services/[service]/[location],servicesartisans.fr,servicesartisans.fr,dpl_P1EjsJibqJB8BDboagAcGoKcPdQA,,,,,"[2026-04-30T19:20:21.490Z] [ERROR] Redis command error {""error"":{""name"":""Error"",""message"":""HTTP 403"",""stack"":""Error: HTTP 403\n    at g (/var/task/.next/server/chunks/98754.js:1:2282)\n    at process.processTicksAndRejections (node:internal/process/task_queues:104:5)\n    at async p.set (/var/task/.next/server/chunks/98754.js:1:2905)""}}",prj_h3YjJQCfZGWT8WoxOTfhgyyskrXT,,,,,,,
2026-04-30 19:20:21,1777576821396,servicesartisans.fr/services/electricien/lyon,GET,_rsc=1at92,200,hbqhx-1777576821396-b71c9e6b16d6,"Mozilla/5.0 (iPhone; CPU iPhone OS 18_7 like Mac OS X) AppleWebKit/605.1.15 (KHTML, like Gecko) Version/26.3 Mobile/15E148 Safari/604.1",,production,master,MISS,function,/services/[service]/[location].rsc,servicesartisans.fr,servicesartisans.fr,dpl_P1EjsJibqJB8BDboagAcGoKcPdQA,101,cdg1,522,2048,,prj_h3YjJQCfZGWT8WoxOTfhgyyskrXT,,,01KQFXBGKASYGYSYSB5HY21SZS,fQRaFIGjlkr1,2,,
2026-04-30 19:20:21,1777576821396,servicesartisans.fr/services/electricien/lyon,GET,_rsc=1at92,200,hbqhx-1777576821396-b71c9e6b16d6,"Mozilla/5.0 (iPhone; CPU iPhone OS 18_7 like Mac OS X) AppleWebKit/605.1.15 (KHTML, like Gecko) Version/26.3 Mobile/15E148 Safari/604.1",,production,master,MISS,middleware,src/middleware,servicesartisans.fr,servicesartisans.fr,dpl_P1EjsJibqJB8BDboagAcGoKcPdQA,9,cdg1,288,2048,,prj_h3YjJQCfZGWT8WoxOTfhgyyskrXT,,,01KQFXBGMT1FF3806XPQMC81AR,FqOV31JNPvu0,1,,
2026-04-30 19:20:23,1777576823399,servicesartisans.fr/services/plombier/toulouse,GET,_rsc=1at92,200,j2pps-1777576821235-860838711107,"Mozilla/5.0 (iPhone; CPU iPhone OS 18_7 like Mac OS X) AppleWebKit/605.1.15 (KHTML, like Gecko) Version/26.3 Mobile/15E148 Safari/604.1",error,production,master,MISS,function,/services/[service]/[location],servicesartisans.fr,servicesartisans.fr,dpl_P1EjsJibqJB8BDboagAcGoKcPdQA,,,,,"[2026-04-30T19:20:23.398Z] [ERROR] Redis command error {""error"":{""name"":""Error"",""message"":""HTTP 403"",""stack"":""Error: HTTP 403\n    at g (/var/task/.next/server/chunks/98754.js:1:2282)\n    at process.processTicksAndRejections (node:internal/process/task_queues:104:5)\n    at async p.set (/var/task/.next/server/chunks/98754.js:1:2905)""}}",prj_h3YjJQCfZGWT8WoxOTfhgyyskrXT,,,,,,,
2026-04-30 19:20:23,1777576823446,servicesartisans.fr/services/plombier/toulouse,GET,_rsc=1at92,200,j2pps-1777576821235-860838711107,"Mozilla/5.0 (iPhone; CPU iPhone OS 18_7 like Mac OS X) AppleWebKit/605.1.15 (KHTML, like Gecko) Version/26.3 Mobile/15E148 Safari/604.1",error,production,master,MISS,function,/services/[service]/[location],servicesartisans.fr,servicesartisans.fr,dpl_P1EjsJibqJB8BDboagAcGoKcPdQA,,,,,"[2026-04-30T19:20:23.446Z] [ERROR] Redis command error {""error"":{""name"":""Error"",""message"":""HTTP 403"",""stack"":""Error: HTTP 403\n    at g (/var/task/.next/server/chunks/98754.js:1:2282)\n    at process.processTicksAndRejections (node:internal/process/task_queues:104:5)\n    at async p.set (/var/task/.next/server/chunks/98754.js:1:2905)""}}",prj_h3YjJQCfZGWT8WoxOTfhgyyskrXT,,,,,,,
2026-04-30 19:20:21,1777576821235,servicesartisans.fr/services/plombier/toulouse,GET,_rsc=1at92,200,j2pps-1777576821235-860838711107,"Mozilla/5.0 (iPhone; CPU iPhone OS 18_7 like Mac OS X) AppleWebKit/605.1.15 (KHTML, like Gecko) Version/26.3 Mobile/15E148 Safari/604.1",,production,master,MISS,middleware,src/middleware,servicesartisans.fr,servicesartisans.fr,dpl_P1EjsJibqJB8BDboagAcGoKcPdQA,9,cdg1,287,2048,,prj_h3YjJQCfZGWT8WoxOTfhgyyskrXT,,,01KQFXBGH2W10ZR133K56EH2PD,FqOV31JNPvu0,1,,
2026-04-30 19:20:21,1777576821235,servicesartisans.fr/services/plombier/toulouse,GET,_rsc=1at92,200,j2pps-1777576821235-860838711107,"Mozilla/5.0 (iPhone; CPU iPhone OS 18_7 like Mac OS X) AppleWebKit/605.1.15 (KHTML, like Gecko) Version/26.3 Mobile/15E148 Safari/604.1",,production,master,MISS,function,/services/[service]/[location].rsc,servicesartisans.fr,servicesartisans.fr,dpl_P1EjsJibqJB8BDboagAcGoKcPdQA,1780,cdg1,453,2048,,prj_h3YjJQCfZGWT8WoxOTfhgyyskrXT,,,01KQFXBGKMM6YHPDDH47F17EZG,YTC5LrHCBUln,1,,
2026-04-30 19:20:21,1777576821449,servicesartisans.fr/services/electricien/paris,GET,_rsc=1at92,200,9xclc-1777576821234-e5e2588ddcf7,"Mozilla/5.0 (iPhone; CPU iPhone OS 18_7 like Mac OS X) AppleWebKit/605.1.15 (KHTML, like Gecko) Version/26.3 Mobile/15E148 Safari/604.1",error,production,master,MISS,function,/services/[service]/[location],servicesartisans.fr,servicesartisans.fr,dpl_P1EjsJibqJB8BDboagAcGoKcPdQA,,,,,"[2026-04-30T19:20:21.449Z] [ERROR] Redis command error {""error"":{""name"":""Error"",""message"":""HTTP 403"",""stack"":""Error: HTTP 403\n    at g (/var/task/.next/server/chunks/98754.js:1:2282)\n    at process.processTicksAndRejections (node:internal/process/task_queues:104:5)\n    at async p.set (/var/task/.next/server/chunks/98754.js:1:2905)""}}",prj_h3YjJQCfZGWT8WoxOTfhgyyskrXT,,,,,,,
2026-04-30 19:20:21,1777576821459,servicesartisans.fr/services/electricien/paris,GET,_rsc=1at92,200,9xclc-1777576821234-e5e2588ddcf7,"Mozilla/5.0 (iPhone; CPU iPhone OS 18_7 like Mac OS X) AppleWebKit/605.1.15 (KHTML, like Gecko) Version/26.3 Mobile/15E148 Safari/604.1",error,production,master,MISS,function,/services/[service]/[location],servicesartisans.fr,servicesartisans.fr,dpl_P1EjsJibqJB8BDboagAcGoKcPdQA,,,,,"[2026-04-30T19:20:21.458Z] [ERROR] Redis command error {""error"":{""name"":""Error"",""message"":""HTTP 403"",""stack"":""Error: HTTP 403\n    at g (/var/task/.next/server/chunks/98754.js:1:2282)\n    at process.processTicksAndRejections (node:internal/process/task_queues:104:5)\n    at async p.set (/var/task/.next/server/chunks/98754.js:1:2905)""}}",prj_h3YjJQCfZGWT8WoxOTfhgyyskrXT,,,,,,,
2026-04-30 19:20:21,1777576821234,servicesartisans.fr/services/electricien/paris,GET,_rsc=1at92,200,9xclc-1777576821234-e5e2588ddcf7,"Mozilla/5.0 (iPhone; CPU iPhone OS 18_7 like Mac OS X) AppleWebKit/605.1.15 (KHTML, like Gecko) Version/26.3 Mobile/15E148 Safari/604.1",,production,master,MISS,middleware,src/middleware,servicesartisans.fr,servicesartisans.fr,dpl_P1EjsJibqJB8BDboagAcGoKcPdQA,10,cdg1,286,2048,,prj_h3YjJQCfZGWT8WoxOTfhgyyskrXT,,,01KQFXBGFS5TPKM08VH3BY5NHW,FqOV31JNPvu0,1,,
2026-04-30 19:20:21,1777576821234,servicesartisans.fr/services/electricien/paris,GET,_rsc=1at92,200,9xclc-1777576821234-e5e2588ddcf7,"Mozilla/5.0 (iPhone; CPU iPhone OS 18_7 like Mac OS X) AppleWebKit/605.1.15 (KHTML, like Gecko) Version/26.3 Mobile/15E148 Safari/604.1",,production,master,MISS,function,/services/[service]/[location].rsc,servicesartisans.fr,servicesartisans.fr,dpl_P1EjsJibqJB8BDboagAcGoKcPdQA,120,cdg1,522,2048,,prj_h3YjJQCfZGWT8WoxOTfhgyyskrXT,,,01KQFXBGKASYGYSYSB5HY21SZS,fQRaFIGjlkr1,2,,
2026-04-30 19:20:23,1777576823391,servicesartisans.fr/services/plombier/lyon,GET,_rsc=1at92,200,s9cln-1777576821161-21fc25ab147b,"Mozilla/5.0 (iPhone; CPU iPhone OS 18_7 like Mac OS X) AppleWebKit/605.1.15 (KHTML, like Gecko) Version/26.3 Mobile/15E148 Safari/604.1",error,production,master,MISS,function,/services/[service]/[location],servicesartisans.fr,servicesartisans.fr,dpl_P1EjsJibqJB8BDboagAcGoKcPdQA,,,,,"[2026-04-30T19:20:23.391Z] [ERROR] Redis command error {""error"":{""name"":""Error"",""message"":""HTTP 403"",""stack"":""Error: HTTP 403\n    at g (/var/task/.next/server/chunks/98754.js:1:2282)\n    at process.processTicksAndRejections (node:internal/process/task_queues:104:5)\n    at async p.set (/var/task/.next/server/chunks/98754.js:1:2905)""}}",prj_h3YjJQCfZGWT8WoxOTfhgyyskrXT,,,,,,,
2026-04-30 19:20:23,1777576823402,servicesartisans.fr/services/plombier/lyon,GET,_rsc=1at92,200,s9cln-1777576821161-21fc25ab147b,"Mozilla/5.0 (iPhone; CPU iPhone OS 18_7 like Mac OS X) AppleWebKit/605.1.15 (KHTML, like Gecko) Version/26.3 Mobile/15E148 Safari/604.1",error,production,master,MISS,function,/services/[service]/[location],servicesartisans.fr,servicesartisans.fr,dpl_P1EjsJibqJB8BDboagAcGoKcPdQA,,,,,"[2026-04-30T19:20:23.401Z] [ERROR] Redis command error {""error"":{""name"":""Error"",""message"":""HTTP 403"",""stack"":""Error: HTTP 403\n    at g (/var/task/.next/server/chunks/98754.js:1:2282)\n    at process.processTicksAndRejections (node:internal/process/task_queues:104:5)\n    at async p.set (/var/task/.next/server/chunks/98754.js:1:2905)""}}",prj_h3YjJQCfZGWT8WoxOTfhgyyskrXT,,,,,,,
2026-04-30 19:20:21,1777576821161,servicesartisans.fr/services/plombier/lyon,GET,_rsc=1at92,200,s9cln-1777576821161-21fc25ab147b,"Mozilla/5.0 (iPhone; CPU iPhone OS 18_7 like Mac OS X) AppleWebKit/605.1.15 (KHTML, like Gecko) Version/26.3 Mobile/15E148 Safari/604.1",,production,master,MISS,middleware,src/middleware,servicesartisans.fr,servicesartisans.fr,dpl_P1EjsJibqJB8BDboagAcGoKcPdQA,9,cdg1,285,2048,,prj_h3YjJQCfZGWT8WoxOTfhgyyskrXT,,,01KQFXBGEBQVWM9339SDYS8F31,FqOV31JNPvu0,1,,
2026-04-30 19:20:21,1777576821161,servicesartisans.fr/services/plombier/lyon,GET,_rsc=1at92,200,s9cln-1777576821161-21fc25ab147b,"Mozilla/5.0 (iPhone; CPU iPhone OS 18_7 like Mac OS X) AppleWebKit/605.1.15 (KHTML, like Gecko) Version/26.3 Mobile/15E148 Safari/604.1",,production,master,MISS,function,/services/[service]/[location].rsc,servicesartisans.fr,servicesartisans.fr,dpl_P1EjsJibqJB8BDboagAcGoKcPdQA,1730,cdg1,454,2048,,prj_h3YjJQCfZGWT8WoxOTfhgyyskrXT,,,01KQFXBGKEFXZA5D0GZ3HR3Q7W,FLTSyCut21ue,1,,
2026-04-30 19:20:20,1777576820581,servicesartisans.fr/api/geo/menu-data,GET,,200,rj25x-1777576820372-d8b0485a11b6,"Mozilla/5.0 (Macintosh; Intel Mac OS X 10_15_7) AppleWebKit/605.1.15 (KHTML, like Gecko) Version/26.3 Safari/605.1.15",error,production,master,HIT,middleware,/api/geo/menu-data,servicesartisans.fr,servicesartisans.fr,dpl_P1EjsJibqJB8BDboagAcGoKcPdQA,,,,,"[2026-04-30T19:20:20.580Z] [ERROR] [UpstashRateLimiter] Circuit breaker opened {""consecutiveFailures"":17,""cooldownMs"":30000}",prj_h3YjJQCfZGWT8WoxOTfhgyyskrXT,,,,,,,
2026-04-30 19:20:20,1777576820581,servicesartisans.fr/api/geo/menu-data,GET,,200,rj25x-1777576820372-d8b0485a11b6,"Mozilla/5.0 (Macintosh; Intel Mac OS X 10_15_7) AppleWebKit/605.1.15 (KHTML, like Gecko) Version/26.3 Safari/605.1.15",error,production,master,HIT,middleware,/api/geo/menu-data,servicesartisans.fr,servicesartisans.fr,dpl_P1EjsJibqJB8BDboagAcGoKcPdQA,,,,,"[2026-04-30T19:20:20.580Z] [ERROR] [UpstashRateLimiter] Redis unavailable {""key"":""83.203.33.48:/api/geo/menu-data"",""failOpen"":true,""consecutiveFailures"":17}",prj_h3YjJQCfZGWT8WoxOTfhgyyskrXT,,,,,,,
2026-04-30 19:20:20,1777576820372,servicesartisans.fr/api/geo/menu-data,GET,,200,rj25x-1777576820372-d8b0485a11b6,"Mozilla/5.0 (Macintosh; Intel Mac OS X 10_15_7) AppleWebKit/605.1.15 (KHTML, like Gecko) Version/26.3 Safari/605.1.15",,production,master,HIT,middleware,src/middleware,servicesartisans.fr,servicesartisans.fr,dpl_P1EjsJibqJB8BDboagAcGoKcPdQA,109,iad1,306,2048,,prj_h3YjJQCfZGWT8WoxOTfhgyyskrXT,,,01KQFXBFQ30CJ8QG64QZ5KZFX0,UGtGifRuMg0b,2,,
2026-04-30 19:20:20,1777576820372,servicesartisans.fr/api/geo/menu-data,GET,,200,rj25x-1777576820372-d8b0485a11b6,"Mozilla/5.0 (Macintosh; Intel Mac OS X 10_15_7) AppleWebKit/605.1.15 (KHTML, like Gecko) Version/26.3 Safari/605.1.15",,production,master,HIT,static,/api/geo/menu-data,servicesartisans.fr,servicesartisans.fr,dpl_P1EjsJibqJB8BDboagAcGoKcPdQA,217,iad1,,,,prj_h3YjJQCfZGWT8WoxOTfhgyyskrXT,,,,,,,
2026-04-30 19:20:19,1777576819278,servicesartisans.fr/api/geo/menu-data,GET,,200,vvbbj-1777576819080-d5e1ad577baa,"Mozilla/5.0 (iPhone; CPU iPhone OS 18_7 like Mac OS X) AppleWebKit/605.1.15 (KHTML, like Gecko) Version/26.3 Mobile/15E148 Safari/604.1",error,production,master,HIT,middleware,/api/geo/menu-data,servicesartisans.fr,servicesartisans.fr,dpl_P1EjsJibqJB8BDboagAcGoKcPdQA,,,,,"[2026-04-30T19:20:19.276Z] [ERROR] [UpstashRateLimiter] Redis unavailable {""key"":""176.191.187.154:/api/geo/menu-data"",""failOpen"":true,""consecutiveFailures"":1}",prj_h3YjJQCfZGWT8WoxOTfhgyyskrXT,,,,,,,
2026-04-30 19:20:19,1777576819080,servicesartisans.fr/api/geo/menu-data,GET,,200,vvbbj-1777576819080-d5e1ad577baa,"Mozilla/5.0 (iPhone; CPU iPhone OS 18_7 like Mac OS X) AppleWebKit/605.1.15 (KHTML, like Gecko) Version/26.3 Mobile/15E148 Safari/604.1",,production,master,HIT,middleware,src/middleware,servicesartisans.fr,servicesartisans.fr,dpl_P1EjsJibqJB8BDboagAcGoKcPdQA,867,cdg1,283,2048,,prj_h3YjJQCfZGWT8WoxOTfhgyyskrXT,,,01KQFXBECM3WGCQJSVM1JY8YK4,bveefIVCsOZo,1,,
2026-04-30 19:20:19,1777576819080,servicesartisans.fr/api/geo/menu-data,GET,,200,vvbbj-1777576819080-d5e1ad577baa,"Mozilla/5.0 (iPhone; CPU iPhone OS 18_7 like Mac OS X) AppleWebKit/605.1.15 (KHTML, like Gecko) Version/26.3 Mobile/15E148 Safari/604.1",,production,master,HIT,static,/api/geo/menu-data,servicesartisans.fr,servicesartisans.fr,dpl_P1EjsJibqJB8BDboagAcGoKcPdQA,214,cdg1,,,,prj_h3YjJQCfZGWT8WoxOTfhgyyskrXT,,,,,,,
2026-04-30 19:20:18,1777576818217,servicesartisans.fr/services/electricien/tilly-sur-seulles/clement-jouet-ac-elec-531617702,GET,,200,qrrmq-1777576818194-70e2d46a63e3,"Mozilla/5.0 (iPhone; CPU iPhone OS 18_7 like Mac OS X) AppleWebKit/605.1.15 (KHTML, like Gecko) Version/26.3 Mobile/15E148 Safari/604.1",info,production,master,MISS,middleware,/services/[service]/[location]/[publicId],servicesartisans.fr,servicesartisans.fr,dpl_P1EjsJibqJB8BDboagAcGoKcPdQA,,,,,[electricien] / status=200,prj_h3YjJQCfZGWT8WoxOTfhgyyskrXT,,,,,,,
2026-04-30 19:20:18,1777576818463,servicesartisans.fr/services/electricien/tilly-sur-seulles/clement-jouet-ac-elec-531617702,GET,,200,qrrmq-1777576818194-70e2d46a63e3,"Mozilla/5.0 (iPhone; CPU iPhone OS 18_7 like Mac OS X) AppleWebKit/605.1.15 (KHTML, like Gecko) Version/26.3 Mobile/15E148 Safari/604.1",error,production,master,MISS,function,/services/[service]/[location]/[publicId],servicesartisans.fr,servicesartisans.fr,dpl_P1EjsJibqJB8BDboagAcGoKcPdQA,,,,,"[2026-04-30T19:20:18.463Z] [ERROR] Redis command error {""error"":{""name"":""Error"",""message"":""HTTP 403"",""stack"":""Error: HTTP 403\n    at g (/var/task/.next/server/chunks/98754.js:1:2282)\n    at process.processTicksAndRejections (node:internal/process/task_queues:104:5)\n    at async p.set (/var/task/.next/server/chunks/98754.js:1:2905)""}}",prj_h3YjJQCfZGWT8WoxOTfhgyyskrXT,,,,,,,
2026-04-30 19:20:18,1777576818523,servicesartisans.fr/services/electricien/tilly-sur-seulles/clement-jouet-ac-elec-531617702,GET,,200,qrrmq-1777576818194-70e2d46a63e3,"Mozilla/5.0 (iPhone; CPU iPhone OS 18_7 like Mac OS X) AppleWebKit/605.1.15 (KHTML, like Gecko) Version/26.3 Mobile/15E148 Safari/604.1",error,production,master,MISS,function,/services/[service]/[location]/[publicId],servicesartisans.fr,servicesartisans.fr,dpl_P1EjsJibqJB8BDboagAcGoKcPdQA,,,,,"[2026-04-30T19:20:18.523Z] [ERROR] Redis command error {""error"":{""name"":""Error"",""message"":""HTTP 403"",""stack"":""Error: HTTP 403\n    at g (/var/task/.next/server/chunks/98754.js:1:2282)\n    at process.processTicksAndRejections (node:internal/process/task_queues:104:5)\n    at async p.set (/var/task/.next/server/chunks/98754.js:1:2905)""}}",prj_h3YjJQCfZGWT8WoxOTfhgyyskrXT,,,,,,,
2026-04-30 19:20:18,1777576818563,servicesartisans.fr/services/electricien/tilly-sur-seulles/clement-jouet-ac-elec-531617702,GET,,200,qrrmq-1777576818194-70e2d46a63e3,"Mozilla/5.0 (iPhone; CPU iPhone OS 18_7 like Mac OS X) AppleWebKit/605.1.15 (KHTML, like Gecko) Version/26.3 Mobile/15E148 Safari/604.1",error,production,master,MISS,function,/services/[service]/[location]/[publicId],servicesartisans.fr,servicesartisans.fr,dpl_P1EjsJibqJB8BDboagAcGoKcPdQA,,,,,"[2026-04-30T19:20:18.562Z] [ERROR] Upstash circuit breaker opened {""reason"":""HTTP 403"",""consecutiveAuthFailures"":3,""reopenInMs"":60000}",prj_h3YjJQCfZGWT8WoxOTfhgyyskrXT,,,,,,,
2026-04-30 19:20:18,1777576818194,servicesartisans.fr/services/electricien/tilly-sur-seulles/clement-jouet-ac-elec-531617702,GET,,200,qrrmq-1777576818194-70e2d46a63e3,"Mozilla/5.0 (iPhone; CPU iPhone OS 18_7 like Mac OS X) AppleWebKit/605.1.15 (KHTML, like Gecko) Version/26.3 Mobile/15E148 Safari/604.1",,production,master,MISS,function,/services/[service]/[location]/[publicId],servicesartisans.fr,servicesartisans.fr,dpl_P1EjsJibqJB8BDboagAcGoKcPdQA,306,cdg1,493,2048,,prj_h3YjJQCfZGWT8WoxOTfhgyyskrXT,,,01KQFXBDJKPK3DX5SVSMX8F7TP,pyYPnyPdy4xa,1,,
2026-04-30 19:20:18,1777576818194,servicesartisans.fr/services/electricien/tilly-sur-seulles/clement-jouet-ac-elec-531617702,GET,,200,qrrmq-1777576818194-70e2d46a63e3,"Mozilla/5.0 (iPhone; CPU iPhone OS 18_7 like Mac OS X) AppleWebKit/605.1.15 (KHTML, like Gecko) Version/26.3 Mobile/15E148 Safari/604.1",,production,master,MISS,middleware,src/middleware,servicesartisans.fr,servicesartisans.fr,dpl_P1EjsJibqJB8BDboagAcGoKcPdQA,11,cdg1,300,2048,,prj_h3YjJQCfZGWT8WoxOTfhgyyskrXT,,,01KQFXBDH92AYXA00GBGM244YH,XLUMyIEvDBY1,1,,
2026-04-30 19:20:14,1777576814817,servicesartisans.fr/services/alarme-securite/dugny,GET,nxtPservice=alarme-securite&nxtPlocation=dugny,200,whg6l-1777576814513-979de384cd8a,"Mozilla/5.0 (Windows NT 10.0; Win64; x64) AppleWebKit/537.36 (KHTML, like Gecko) Chrome/141.0.0.0 Safari/537.36",error,production,master,MISS,function,/services/[service]/[location],servicesartisans.fr,servicesartisans.fr,dpl_P1EjsJibqJB8BDboagAcGoKcPdQA,,,,,"[2026-04-30T19:20:14.816Z] [ERROR] Redis command error {""error"":{""name"":""Error"",""message"":""HTTP 403"",""stack"":""Error: HTTP 403\n    at g (/var/task/.next/server/chunks/98754.js:1:2282)\n    at process.processTicksAndRejections (node:internal/process/task_queues:104:5)\n    at async p.set (/var/task/.next/server/chunks/98754.js:1:2905)""}}",prj_h3YjJQCfZGWT8WoxOTfhgyyskrXT,,,,,,,
2026-04-30 19:20:14,1777576814827,servicesartisans.fr/services/alarme-securite/dugny,GET,nxtPservice=alarme-securite&nxtPlocation=dugny,200,whg6l-1777576814513-979de384cd8a,"Mozilla/5.0 (Windows NT 10.0; Win64; x64) AppleWebKit/537.36 (KHTML, like Gecko) Chrome/141.0.0.0 Safari/537.36",error,production,master,MISS,function,/services/[service]/[location],servicesartisans.fr,servicesartisans.fr,dpl_P1EjsJibqJB8BDboagAcGoKcPdQA,,,,,"[2026-04-30T19:20:14.826Z] [ERROR] Redis command error {""error"":{""name"":""Error"",""message"":""HTTP 403"",""stack"":""Error: HTTP 403\n    at g (/var/task/.next/server/chunks/98754.js:1:2282)\n    at process.processTicksAndRejections (node:internal/process/task_queues:104:5)\n    at async p.set (/var/task/.next/server/chunks/98754.js:1:2905)""}}",prj_h3YjJQCfZGWT8WoxOTfhgyyskrXT,,,,,,,
2026-04-30 19:20:14,1777576814900,servicesartisans.fr/services/alarme-securite/dugny,GET,nxtPservice=alarme-securite&nxtPlocation=dugny,200,whg6l-1777576814513-979de384cd8a,"Mozilla/5.0 (Windows NT 10.0; Win64; x64) AppleWebKit/537.36 (KHTML, like Gecko) Chrome/141.0.0.0 Safari/537.36",error,production,master,MISS,function,/services/[service]/[location],servicesartisans.fr,servicesartisans.fr,dpl_P1EjsJibqJB8BDboagAcGoKcPdQA,,,,,"[2026-04-30T19:20:14.899Z] [ERROR] Redis command error {""error"":{""name"":""Error"",""message"":""HTTP 403"",""stack"":""Error: HTTP 403\n    at g (/var/task/.next/server/chunks/98754.js:1:2282)\n    at process.processTicksAndRejections (node:internal/process/task_queues:104:5)\n    at async p.set (/var/task/.next/server/chunks/98754.js:1:2905)""}}",prj_h3YjJQCfZGWT8WoxOTfhgyyskrXT,,,,,,,
2026-04-30 19:20:14,1777576814919,servicesartisans.fr/services/alarme-securite/dugny,GET,nxtPservice=alarme-securite&nxtPlocation=dugny,200,whg6l-1777576814513-979de384cd8a,"Mozilla/5.0 (Windows NT 10.0; Win64; x64) AppleWebKit/537.36 (KHTML, like Gecko) Chrome/141.0.0.0 Safari/537.36",error,production,master,MISS,function,/services/[service]/[location],servicesartisans.fr,servicesartisans.fr,dpl_P1EjsJibqJB8BDboagAcGoKcPdQA,,,,,"[2026-04-30T19:20:14.919Z] [ERROR] Redis command error {""error"":{""name"":""Error"",""message"":""HTTP 403"",""stack"":""Error: HTTP 403\n    at g (/var/task/.next/server/chunks/98754.js:1:2282)\n    at process.processTicksAndRejections (node:internal/process/task_queues:104:5)\n    at async p.set (/var/task/.next/server/chunks/98754.js:1:2905)""}}",prj_h3YjJQCfZGWT8WoxOTfhgyyskrXT,,,,,,,
2026-04-30 19:20:14,1777576814920,servicesartisans.fr/services/alarme-securite/dugny,GET,nxtPservice=alarme-securite&nxtPlocation=dugny,200,whg6l-1777576814513-979de384cd8a,"Mozilla/5.0 (Windows NT 10.0; Win64; x64) AppleWebKit/537.36 (KHTML, like Gecko) Chrome/141.0.0.0 Safari/537.36",error,production,master,MISS,function,/services/[service]/[location],servicesartisans.fr,servicesartisans.fr,dpl_P1EjsJibqJB8BDboagAcGoKcPdQA,,,,,"[2026-04-30T19:20:14.919Z] [ERROR] Redis command error {""error"":{""name"":""Error"",""message"":""HTTP 403"",""stack"":""Error: HTTP 403\n    at g (/var/task/.next/server/chunks/98754.js:1:2282)\n    at process.processTicksAndRejections (node:internal/process/task_queues:104:5)\n    at async p.set (/var/task/.next/server/chunks/98754.js:1:2905)""}}",prj_h3YjJQCfZGWT8WoxOTfhgyyskrXT,,,,,,,
2026-04-30 19:20:14,1777576814942,servicesartisans.fr/services/alarme-securite/dugny,GET,nxtPservice=alarme-securite&nxtPlocation=dugny,200,whg6l-1777576814513-979de384cd8a,"Mozilla/5.0 (Windows NT 10.0; Win64; x64) AppleWebKit/537.36 (KHTML, like Gecko) Chrome/141.0.0.0 Safari/537.36",error,production,master,MISS,function,/services/[service]/[location],servicesartisans.fr,servicesartisans.fr,dpl_P1EjsJibqJB8BDboagAcGoKcPdQA,,,,,"[2026-04-30T19:20:14.942Z] [ERROR] Redis command error {""error"":{""name"":""Error"",""message"":""HTTP 403"",""stack"":""Error: HTTP 403\n    at g (/var/task/.next/server/chunks/98754.js:1:2282)\n    at process.processTicksAndRejections (node:internal/process/task_queues:104:5)\n    at async p.set (/var/task/.next/server/chunks/98754.js:1:2905)""}}",prj_h3YjJQCfZGWT8WoxOTfhgyyskrXT,,,,,,,
2026-04-30 19:20:14,1777576814943,servicesartisans.fr/services/alarme-securite/dugny,GET,nxtPservice=alarme-securite&nxtPlocation=dugny,200,whg6l-1777576814513-979de384cd8a,"Mozilla/5.0 (Windows NT 10.0; Win64; x64) AppleWebKit/537.36 (KHTML, like Gecko) Chrome/141.0.0.0 Safari/537.36",error,production,master,MISS,function,/services/[service]/[location],servicesartisans.fr,servicesartisans.fr,dpl_P1EjsJibqJB8BDboagAcGoKcPdQA,,,,,"[2026-04-30T19:20:14.943Z] [ERROR] Redis command error {""error"":{""name"":""Error"",""message"":""HTTP 403"",""stack"":""Error: HTTP 403\n    at g (/var/task/.next/server/chunks/98754.js:1:2282)\n    at process.processTicksAndRejections (node:internal/process/task_queues:104:5)\n    at async p.set (/var/task/.next/server/chunks/98754.js:1:2905)""}}",prj_h3YjJQCfZGWT8WoxOTfhgyyskrXT,,,,,,,
2026-04-30 19:20:14,1777576814955,servicesartisans.fr/services/alarme-securite/dugny,GET,nxtPservice=alarme-securite&nxtPlocation=dugny,200,whg6l-1777576814513-979de384cd8a,"Mozilla/5.0 (Windows NT 10.0; Win64; x64) AppleWebKit/537.36 (KHTML, like Gecko) Chrome/141.0.0.0 Safari/537.36",error,production,master,MISS,function,/services/[service]/[location],servicesartisans.fr,servicesartisans.fr,dpl_P1EjsJibqJB8BDboagAcGoKcPdQA,,,,,"[2026-04-30T19:20:14.949Z] [ERROR] Upstash circuit breaker opened {""reason"":""HTTP 403"",""consecutiveAuthFailures"":3,""reopenInMs"":60000}",prj_h3YjJQCfZGWT8WoxOTfhgyyskrXT,,,,,,,
2026-04-30 19:20:14,1777576814513,servicesartisans.fr/services/alarme-securite/dugny,GET,nxtPservice=alarme-securite&nxtPlocation=dugny,200,whg6l-1777576814513-979de384cd8a,"Mozilla/5.0 (Windows NT 10.0; Win64; x64) AppleWebKit/537.36 (KHTML, like Gecko) Chrome/141.0.0.0 Safari/537.36",,production,master,MISS,function,/services/[service]/[location],servicesartisans.fr,servicesartisans.fr,dpl_P1EjsJibqJB8BDboagAcGoKcPdQA,325,cdg1,503,2048,,prj_h3YjJQCfZGWT8WoxOTfhgyyskrXT,,,01KQFXBA2MSGPQ6B5P7ABTWC0D,ZEdv9bfMDKP0,1,,
2026-04-30 19:20:14,1777576814513,servicesartisans.fr/services/alarme-securite/dugny,GET,nxtPservice=alarme-securite&nxtPlocation=dugny,200,whg6l-1777576814513-979de384cd8a,"Mozilla/5.0 (Windows NT 10.0; Win64; x64) AppleWebKit/537.36 (KHTML, like Gecko) Chrome/141.0.0.0 Safari/537.36",,production,master,MISS,middleware,src/middleware,servicesartisans.fr,servicesartisans.fr,dpl_P1EjsJibqJB8BDboagAcGoKcPdQA,51,sin1,288,2048,,prj_h3YjJQCfZGWT8WoxOTfhgyyskrXT,,,01KQFXB9Y04731ARKBHB9RJ54T,cXaUpsFZ5QKR,1,,
2026-04-30 19:19:38,1777576778955,servicesartisans.fr/avis/storiste/aulnoy-lez-valenciennes,GET,,200,mmdhx-1777576778581-19f41fc81bec,"Mozilla/5.0 AppleWebKit/537.36 (KHTML, like Gecko; compatible; Amazonbot/0.1; +https://developer.amazon.com/support/amazonbot) Chrome/119.0.6045.214 Safari/537.36",error,production,master,MISS,function,/avis/[service]/[ville],servicesartisans.fr,servicesartisans.fr,dpl_P1EjsJibqJB8BDboagAcGoKcPdQA,,,,,"[2026-04-30T19:19:38.954Z] [ERROR] Redis command error {""error"":{""name"":""Error"",""message"":""HTTP 403"",""stack"":""Error: HTTP 403\n    at g (/var/task/.next/server/chunks/98754.js:1:2282)\n    at process.processTicksAndRejections (node:internal/process/task_queues:104:5)\n    at async p.set (/var/task/.next/server/chunks/98754.js:1:2905)""}}",prj_h3YjJQCfZGWT8WoxOTfhgyyskrXT,ea0db3bc6d72986b35fff765ec61d369,,,,,,
2026-04-30 19:19:38,1777576778969,servicesartisans.fr/avis/storiste/aulnoy-lez-valenciennes,GET,,200,mmdhx-1777576778581-19f41fc81bec,"Mozilla/5.0 AppleWebKit/537.36 (KHTML, like Gecko; compatible; Amazonbot/0.1; +https://developer.amazon.com/support/amazonbot) Chrome/119.0.6045.214 Safari/537.36",error,production,master,MISS,function,/avis/[service]/[ville],servicesartisans.fr,servicesartisans.fr,dpl_P1EjsJibqJB8BDboagAcGoKcPdQA,,,,,"[2026-04-30T19:19:38.958Z] [ERROR] Redis command error {""error"":{""name"":""Error"",""message"":""HTTP 403"",""stack"":""Error: HTTP 403\n    at g (/var/task/.next/server/chunks/98754.js:1:2282)\n    at process.processTicksAndRejections (node:internal/process/task_queues:104:5)\n    at async p.set (/var/task/.next/server/chunks/98754.js:1:2905)""}}",prj_h3YjJQCfZGWT8WoxOTfhgyyskrXT,ea0db3bc6d72986b35fff765ec61d369,,,,,,
2026-04-30 19:19:39,1777576779011,servicesartisans.fr/avis/storiste/aulnoy-lez-valenciennes,GET,,200,mmdhx-1777576778581-19f41fc81bec,"Mozilla/5.0 AppleWebKit/537.36 (KHTML, like Gecko; compatible; Amazonbot/0.1; +https://developer.amazon.com/support/amazonbot) Chrome/119.0.6045.214 Safari/537.36",error,production,master,MISS,function,/avis/[service]/[ville],servicesartisans.fr,servicesartisans.fr,dpl_P1EjsJibqJB8BDboagAcGoKcPdQA,,,,,"[2026-04-30T19:19:39.010Z] [ERROR] Redis command error {""error"":{""name"":""Error"",""message"":""HTTP 403"",""stack"":""Error: HTTP 403\n    at g (/var/task/.next/server/chunks/98754.js:1:2282)\n    at process.processTicksAndRejections (node:internal/process/task_queues:104:5)\n    at async p.set (/var/task/.next/server/chunks/98754.js:1:2905)""}}",prj_h3YjJQCfZGWT8WoxOTfhgyyskrXT,ea0db3bc6d72986b35fff765ec61d369,,,,,,
2026-04-30 19:19:39,1777576779013,servicesartisans.fr/avis/storiste/aulnoy-lez-valenciennes,GET,,200,mmdhx-1777576778581-19f41fc81bec,"Mozilla/5.0 AppleWebKit/537.36 (KHTML, like Gecko; compatible; Amazonbot/0.1; +https://developer.amazon.com/support/amazonbot) Chrome/119.0.6045.214 Safari/537.36",error,production,master,MISS,function,/avis/[service]/[ville],servicesartisans.fr,servicesartisans.fr,dpl_P1EjsJibqJB8BDboagAcGoKcPdQA,,,,,"[2026-04-30T19:19:39.013Z] [ERROR] Redis command error {""error"":{""name"":""Error"",""message"":""HTTP 403"",""stack"":""Error: HTTP 403\n    at g (/var/task/.next/server/chunks/98754.js:1:2282)\n    at process.processTicksAndRejections (node:internal/process/task_queues:104:5)\n    at async p.set (/var/task/.next/server/chunks/98754.js:1:2905)""}}",prj_h3YjJQCfZGWT8WoxOTfhgyyskrXT,ea0db3bc6d72986b35fff765ec61d369,,,,,,
2026-04-30 19:19:39,1777576779115,servicesartisans.fr/avis/storiste/aulnoy-lez-valenciennes,GET,,200,mmdhx-1777576778581-19f41fc81bec,"Mozilla/5.0 AppleWebKit/537.36 (KHTML, like Gecko; compatible; Amazonbot/0.1; +https://developer.amazon.com/support/amazonbot) Chrome/119.0.6045.214 Safari/537.36",error,production,master,MISS,function,/avis/[service]/[ville],servicesartisans.fr,servicesartisans.fr,dpl_P1EjsJibqJB8BDboagAcGoKcPdQA,,,,,"[2026-04-30T19:19:39.114Z] [ERROR] Redis command error {""error"":{""name"":""Error"",""message"":""HTTP 403"",""stack"":""Error: HTTP 403\n    at g (/var/task/.next/server/chunks/98754.js:1:2282)\n    at process.processTicksAndRejections (node:internal/process/task_queues:104:5)\n    at async p.set (/var/task/.next/server/chunks/98754.js:1:2905)""}}",prj_h3YjJQCfZGWT8WoxOTfhgyyskrXT,ea0db3bc6d72986b35fff765ec61d369,,,,,,
2026-04-30 19:19:39,1777576779140,servicesartisans.fr/avis/storiste/aulnoy-lez-valenciennes,GET,,200,mmdhx-1777576778581-19f41fc81bec,"Mozilla/5.0 AppleWebKit/537.36 (KHTML, like Gecko; compatible; Amazonbot/0.1; +https://developer.amazon.com/support/amazonbot) Chrome/119.0.6045.214 Safari/537.36",error,production,master,MISS,function,/avis/[service]/[ville],servicesartisans.fr,servicesartisans.fr,dpl_P1EjsJibqJB8BDboagAcGoKcPdQA,,,,,"[2026-04-30T19:19:39.140Z] [ERROR] Redis command error {""error"":{""name"":""Error"",""message"":""HTTP 403"",""stack"":""Error: HTTP 403\n    at g (/var/task/.next/server/chunks/98754.js:1:2282)\n    at process.processTicksAndRejections (node:internal/process/task_queues:104:5)\n    at async p.set (/var/task/.next/server/chunks/98754.js:1:2905)""}}",prj_h3YjJQCfZGWT8WoxOTfhgyyskrXT,ea0db3bc6d72986b35fff765ec61d369,,,,,,
2026-04-30 19:19:39,1777576779162,servicesartisans.fr/avis/storiste/aulnoy-lez-valenciennes,GET,,200,mmdhx-1777576778581-19f41fc81bec,"Mozilla/5.0 AppleWebKit/537.36 (KHTML, like Gecko; compatible; Amazonbot/0.1; +https://developer.amazon.com/support/amazonbot) Chrome/119.0.6045.214 Safari/537.36",error,production,master,MISS,function,/avis/[service]/[ville],servicesartisans.fr,servicesartisans.fr,dpl_P1EjsJibqJB8BDboagAcGoKcPdQA,,,,,"[2026-04-30T19:19:39.161Z] [ERROR] Redis command error {""error"":{""name"":""Error"",""message"":""HTTP 403"",""stack"":""Error: HTTP 403\n    at g (/var/task/.next/server/chunks/98754.js:1:2282)\n    at process.processTicksAndRejections (node:internal/process/task_queues:104:5)\n    at async p.set (/var/task/.next/server/chunks/98754.js:1:2905)""}}",prj_h3YjJQCfZGWT8WoxOTfhgyyskrXT,ea0db3bc6d72986b35fff765ec61d369,,,,,,
2026-04-30 19:19:39,1777576779235,servicesartisans.fr/avis/storiste/aulnoy-lez-valenciennes,GET,,200,mmdhx-1777576778581-19f41fc81bec,"Mozilla/5.0 AppleWebKit/537.36 (KHTML, like Gecko; compatible; Amazonbot/0.1; +https://developer.amazon.com/support/amazonbot) Chrome/119.0.6045.214 Safari/537.36",error,production,master,MISS,function,/avis/[service]/[ville],servicesartisans.fr,servicesartisans.fr,dpl_P1EjsJibqJB8BDboagAcGoKcPdQA,,,,,"[2026-04-30T19:19:39.235Z] [ERROR] Redis command error {""error"":{""name"":""Error"",""message"":""HTTP 403"",""stack"":""Error: HTTP 403\n    at g (/var/task/.next/server/chunks/98754.js:1:2282)\n    at process.processTicksAndRejections (node:internal/process/task_queues:104:5)\n    at async p.set (/var/task/.next/server/chunks/98754.js:1:2905)""}}",prj_h3YjJQCfZGWT8WoxOTfhgyyskrXT,ea0db3bc6d72986b35fff765ec61d369,,,,,,
2026-04-30 19:19:39,1777576779240,servicesartisans.fr/avis/storiste/aulnoy-lez-valenciennes,GET,,200,mmdhx-1777576778581-19f41fc81bec,"Mozilla/5.0 AppleWebKit/537.36 (KHTML, like Gecko; compatible; Amazonbot/0.1; +https://developer.amazon.com/support/amazonbot) Chrome/119.0.6045.214 Safari/537.36",error,production,master,MISS,function,/avis/[service]/[ville],servicesartisans.fr,servicesartisans.fr,dpl_P1EjsJibqJB8BDboagAcGoKcPdQA,,,,,"[2026-04-30T19:19:39.240Z] [ERROR] Redis command error {""error"":{""name"":""Error"",""message"":""HTTP 403"",""stack"":""Error: HTTP 403\n    at g (/var/task/.next/server/chunks/98754.js:1:2282)\n    at process.processTicksAndRejections (node:internal/process/task_queues:104:5)\n    at async p.set (/var/task/.next/server/chunks/98754.js:1:2905)""}}",prj_h3YjJQCfZGWT8WoxOTfhgyyskrXT,ea0db3bc6d72986b35fff765ec61d369,,,,,,
2026-04-30 19:19:39,1777576779341,servicesartisans.fr/avis/storiste/aulnoy-lez-valenciennes,GET,,200,mmdhx-1777576778581-19f41fc81bec,"Mozilla/5.0 AppleWebKit/537.36 (KHTML, like Gecko; compatible; Amazonbot/0.1; +https://developer.amazon.com/support/amazonbot) Chrome/119.0.6045.214 Safari/537.36",error,production,master,MISS,function,/avis/[service]/[ville],servicesartisans.fr,servicesartisans.fr,dpl_P1EjsJibqJB8BDboagAcGoKcPdQA,,,,,"[2026-04-30T19:19:39.337Z] [ERROR] Upstash circuit breaker opened {""reason"":""HTTP 403"",""consecutiveAuthFailures"":3,""reopenInMs"":60000}",prj_h3YjJQCfZGWT8WoxOTfhgyyskrXT,ea0db3bc6d72986b35fff765ec61d369,,,,,,
2026-04-30 19:19:38,1777576778581,servicesartisans.fr/avis/storiste/aulnoy-lez-valenciennes,GET,,200,mmdhx-1777576778581-19f41fc81bec,"Mozilla/5.0 AppleWebKit/537.36 (KHTML, like Gecko; compatible; Amazonbot/0.1; +https://developer.amazon.com/support/amazonbot) Chrome/119.0.6045.214 Safari/537.36",,production,master,MISS,middleware,src/middleware,servicesartisans.fr,servicesartisans.fr,dpl_P1EjsJibqJB8BDboagAcGoKcPdQA,9,iad1,306,2048,,prj_h3YjJQCfZGWT8WoxOTfhgyyskrXT,ea0db3bc6d72986b35fff765ec61d369,,01KQFXA6V8M0Z36GFYPA9D5N3E,UGtGifRuMg0b,1,,
2026-04-30 19:19:38,1777576778581,servicesartisans.fr/avis/storiste/aulnoy-lez-valenciennes,GET,,200,mmdhx-1777576778581-19f41fc81bec,"Mozilla/5.0 AppleWebKit/537.36 (KHTML, like Gecko; compatible; Amazonbot/0.1; +https://developer.amazon.com/support/amazonbot) Chrome/119.0.6045.214 Safari/537.36",,production,master,MISS,function,/avis/[service]/[ville],servicesartisans.fr,servicesartisans.fr,dpl_P1EjsJibqJB8BDboagAcGoKcPdQA,573,cdg1,609,2048,,prj_h3YjJQCfZGWT8WoxOTfhgyyskrXT,ea0db3bc6d72986b35fff765ec61d369,,01KQFXA70KCTGWV6EBQJF4Q5K1,8lka2FWpcGeS,1,,
2026-04-30 19:19:06,1777576746168,servicesartisans.fr/services/cuisiniste/gond-pontouvre,GET,nxtPservice=cuisiniste&nxtPlocation=gond-pontouvre,200,xzds8-1777576745963-f3f3c94f70d6,"Mozilla/5.0 (Linux; Android 6.0.1; Nexus 5X Build/MMB29P) AppleWebKit/537.36 (KHTML, like Gecko) Chrome/147.0.7727.116 Mobile Safari/537.36 (compatible; Googlebot/2.1; +http://www.google.com/bot.html)",error,production,master,MISS,function,/services/[service]/[location],servicesartisans.fr,servicesartisans.fr,dpl_P1EjsJibqJB8BDboagAcGoKcPdQA,,,,,"[2026-04-30T19:19:06.167Z] [ERROR] Redis command error {""error"":{""name"":""Error"",""message"":""HTTP 403"",""stack"":""Error: HTTP 403\n    at g (/var/task/.next/server/chunks/98754.js:1:2282)\n    at process.processTicksAndRejections (node:internal/process/task_queues:104:5)\n    at async p.set (/var/task/.next/server/chunks/98754.js:1:2905)""}}",prj_h3YjJQCfZGWT8WoxOTfhgyyskrXT,,,,,,,
2026-04-30 19:19:06,1777576746227,servicesartisans.fr/services/cuisiniste/gond-pontouvre,GET,nxtPservice=cuisiniste&nxtPlocation=gond-pontouvre,200,xzds8-1777576745963-f3f3c94f70d6,"Mozilla/5.0 (Linux; Android 6.0.1; Nexus 5X Build/MMB29P) AppleWebKit/537.36 (KHTML, like Gecko) Chrome/147.0.7727.116 Mobile Safari/537.36 (compatible; Googlebot/2.1; +http://www.google.com/bot.html)",error,production,master,MISS,function,/services/[service]/[location],servicesartisans.fr,servicesartisans.fr,dpl_P1EjsJibqJB8BDboagAcGoKcPdQA,,,,,"[2026-04-30T19:19:06.226Z] [ERROR] Redis command error {""error"":{""name"":""Error"",""message"":""HTTP 403"",""stack"":""Error: HTTP 403\n    at g (/var/task/.next/server/chunks/98754.js:1:2282)\n    at process.processTicksAndRejections (node:internal/process/task_queues:104:5)\n    at async p.set (/var/task/.next/server/chunks/98754.js:1:2905)""}}",prj_h3YjJQCfZGWT8WoxOTfhgyyskrXT,,,,,,,
2026-04-30 19:19:06,1777576746272,servicesartisans.fr/services/cuisiniste/gond-pontouvre,GET,nxtPservice=cuisiniste&nxtPlocation=gond-pontouvre,200,xzds8-1777576745963-f3f3c94f70d6,"Mozilla/5.0 (Linux; Android 6.0.1; Nexus 5X Build/MMB29P) AppleWebKit/537.36 (KHTML, like Gecko) Chrome/147.0.7727.116 Mobile Safari/537.36 (compatible; Googlebot/2.1; +http://www.google.com/bot.html)",error,production,master,MISS,function,/services/[service]/[location],servicesartisans.fr,servicesartisans.fr,dpl_P1EjsJibqJB8BDboagAcGoKcPdQA,,,,,"[2026-04-30T19:19:06.271Z] [ERROR] Redis command error {""error"":{""name"":""Error"",""message"":""HTTP 403"",""stack"":""Error: HTTP 403\n    at g (/var/task/.next/server/chunks/98754.js:1:2282)\n    at process.processTicksAndRejections (node:internal/process/task_queues:104:5)\n    at async p.set (/var/task/.next/server/chunks/98754.js:1:2905)""}}",prj_h3YjJQCfZGWT8WoxOTfhgyyskrXT,,,,,,,
2026-04-30 19:19:06,1777576746286,servicesartisans.fr/services/cuisiniste/gond-pontouvre,GET,nxtPservice=cuisiniste&nxtPlocation=gond-pontouvre,200,xzds8-1777576745963-f3f3c94f70d6,"Mozilla/5.0 (Linux; Android 6.0.1; Nexus 5X Build/MMB29P) AppleWebKit/537.36 (KHTML, like Gecko) Chrome/147.0.7727.116 Mobile Safari/537.36 (compatible; Googlebot/2.1; +http://www.google.com/bot.html)",error,production,master,MISS,function,/services/[service]/[location],servicesartisans.fr,servicesartisans.fr,dpl_P1EjsJibqJB8BDboagAcGoKcPdQA,,,,,"[2026-04-30T19:19:06.286Z] [ERROR] Redis command error {""error"":{""name"":""Error"",""message"":""HTTP 403"",""stack"":""Error: HTTP 403\n    at g (/var/task/.next/server/chunks/98754.js:1:2282)\n    at process.processTicksAndRejections (node:internal/process/task_queues:104:5)\n    at async p.set (/var/task/.next/server/chunks/98754.js:1:2905)""}}",prj_h3YjJQCfZGWT8WoxOTfhgyyskrXT,,,,,,,
2026-04-30 19:19:06,1777576746297,servicesartisans.fr/services/cuisiniste/gond-pontouvre,GET,nxtPservice=cuisiniste&nxtPlocation=gond-pontouvre,200,xzds8-1777576745963-f3f3c94f70d6,"Mozilla/5.0 (Linux; Android 6.0.1; Nexus 5X Build/MMB29P) AppleWebKit/537.36 (KHTML, like Gecko) Chrome/147.0.7727.116 Mobile Safari/537.36 (compatible; Googlebot/2.1; +http://www.google.com/bot.html)",error,production,master,MISS,function,/services/[service]/[location],servicesartisans.fr,servicesartisans.fr,dpl_P1EjsJibqJB8BDboagAcGoKcPdQA,,,,,"[2026-04-30T19:19:06.297Z] [ERROR] Redis command error {""error"":{""name"":""Error"",""message"":""HTTP 403"",""stack"":""Error: HTTP 403\n    at g (/var/task/.next/server/chunks/98754.js:1:2282)\n    at process.processTicksAndRejections (node:internal/process/task_queues:104:5)\n    at async p.set (/var/task/.next/server/chunks/98754.js:1:2905)""}}",prj_h3YjJQCfZGWT8WoxOTfhgyyskrXT,,,,,,,
2026-04-30 19:19:06,1777576746345,servicesartisans.fr/services/cuisiniste/gond-pontouvre,GET,nxtPservice=cuisiniste&nxtPlocation=gond-pontouvre,200,xzds8-1777576745963-f3f3c94f70d6,"Mozilla/5.0 (Linux; Android 6.0.1; Nexus 5X Build/MMB29P) AppleWebKit/537.36 (KHTML, like Gecko) Chrome/147.0.7727.116 Mobile Safari/537.36 (compatible; Googlebot/2.1; +http://www.google.com/bot.html)",error,production,master,MISS,function,/services/[service]/[location],servicesartisans.fr,servicesartisans.fr,dpl_P1EjsJibqJB8BDboagAcGoKcPdQA,,,,,"[2026-04-30T19:19:06.345Z] [ERROR] Upstash circuit breaker opened {""reason"":""HTTP 403"",""consecutiveAuthFailures"":3,""reopenInMs"":60000}",prj_h3YjJQCfZGWT8WoxOTfhgyyskrXT,,,,,,,
2026-04-30 19:19:06,1777576746363,servicesartisans.fr/services/cuisiniste/gond-pontouvre,GET,nxtPservice=cuisiniste&nxtPlocation=gond-pontouvre,200,xzds8-1777576745963-f3f3c94f70d6,"Mozilla/5.0 (Linux; Android 6.0.1; Nexus 5X Build/MMB29P) AppleWebKit/537.36 (KHTML, like Gecko) Chrome/147.0.7727.116 Mobile Safari/537.36 (compatible; Googlebot/2.1; +http://www.google.com/bot.html)",error,production,master,MISS,function,/services/[service]/[location],servicesartisans.fr,servicesartisans.fr,dpl_P1EjsJibqJB8BDboagAcGoKcPdQA,,,,,"[2026-04-30T19:19:06.362Z] [ERROR] Redis command error {""error"":{""name"":""Error"",""message"":""HTTP 403"",""stack"":""Error: HTTP 403\n    at g (/var/task/.next/server/chunks/98754.js:1:2282)\n    at process.processTicksAndRejections (node:internal/process/task_queues:104:5)\n    at async p.set (/var/task/.next/server/chunks/98754.js:1:2905)""}}",prj_h3YjJQCfZGWT8WoxOTfhgyyskrXT,,,,,,,
2026-04-30 19:19:06,1777576746372,servicesartisans.fr/services/cuisiniste/gond-pontouvre,GET,nxtPservice=cuisiniste&nxtPlocation=gond-pontouvre,200,xzds8-1777576745963-f3f3c94f70d6,"Mozilla/5.0 (Linux; Android 6.0.1; Nexus 5X Build/MMB29P) AppleWebKit/537.36 (KHTML, like Gecko) Chrome/147.0.7727.116 Mobile Safari/537.36 (compatible; Googlebot/2.1; +http://www.google.com/bot.html)",error,production,master,MISS,function,/services/[service]/[location],servicesartisans.fr,servicesartisans.fr,dpl_P1EjsJibqJB8BDboagAcGoKcPdQA,,,,,"[2026-04-30T19:19:06.371Z] [ERROR] Redis command error {""error"":{""name"":""Error"",""message"":""HTTP 403"",""stack"":""Error: HTTP 403\n    at g (/var/task/.next/server/chunks/98754.js:1:2282)\n    at process.processTicksAndRejections (node:internal/process/task_queues:104:5)\n    at async p.set (/var/task/.next/server/chunks/98754.js:1:2905)""}}",prj_h3YjJQCfZGWT8WoxOTfhgyyskrXT,,,,,,,
2026-04-30 19:19:06,1777576746385,servicesartisans.fr/services/cuisiniste/gond-pontouvre,GET,nxtPservice=cuisiniste&nxtPlocation=gond-pontouvre,200,xzds8-1777576745963-f3f3c94f70d6,"Mozilla/5.0 (Linux; Android 6.0.1; Nexus 5X Build/MMB29P) AppleWebKit/537.36 (KHTML, like Gecko) Chrome/147.0.7727.116 Mobile Safari/537.36 (compatible; Googlebot/2.1; +http://www.google.com/bot.html)",error,production,master,MISS,function,/services/[service]/[location],servicesartisans.fr,servicesartisans.fr,dpl_P1EjsJibqJB8BDboagAcGoKcPdQA,,,,,"[2026-04-30T19:19:06.384Z] [ERROR] Redis command error {""error"":{""name"":""Error"",""message"":""HTTP 403"",""stack"":""Error: HTTP 403\n    at g (/var/task/.next/server/chunks/98754.js:1:2282)\n    at process.processTicksAndRejections (node:internal/process/task_queues:104:5)\n    at async p.set (/var/task/.next/server/chunks/98754.js:1:2905)""}}",prj_h3YjJQCfZGWT8WoxOTfhgyyskrXT,,,,,,,
2026-04-30 19:19:06,1777576746390,servicesartisans.fr/services/cuisiniste/gond-pontouvre,GET,nxtPservice=cuisiniste&nxtPlocation=gond-pontouvre,200,xzds8-1777576745963-f3f3c94f70d6,"Mozilla/5.0 (Linux; Android 6.0.1; Nexus 5X Build/MMB29P) AppleWebKit/537.36 (KHTML, like Gecko) Chrome/147.0.7727.116 Mobile Safari/537.36 (compatible; Googlebot/2.1; +http://www.google.com/bot.html)",error,production,master,MISS,function,/services/[service]/[location],servicesartisans.fr,servicesartisans.fr,dpl_P1EjsJibqJB8BDboagAcGoKcPdQA,,,,,"[2026-04-30T19:19:06.389Z] [ERROR] Upstash circuit breaker opened {""reason"":""HTTP 403"",""consecutiveAuthFailures"":3,""reopenInMs"":60000}",prj_h3YjJQCfZGWT8WoxOTfhgyyskrXT,,,,,,,
2026-04-30 19:19:05,1777576745963,servicesartisans.fr/services/cuisiniste/gond-pontouvre,GET,nxtPservice=cuisiniste&nxtPlocation=gond-pontouvre,200,xzds8-1777576745963-f3f3c94f70d6,"Mozilla/5.0 (Linux; Android 6.0.1; Nexus 5X Build/MMB29P) AppleWebKit/537.36 (KHTML, like Gecko) Chrome/147.0.7727.116 Mobile Safari/537.36 (compatible; Googlebot/2.1; +http://www.google.com/bot.html)",,production,master,MISS,middleware,src/middleware,servicesartisans.fr,servicesartisans.fr,dpl_P1EjsJibqJB8BDboagAcGoKcPdQA,258,iad1,306,2048,,prj_h3YjJQCfZGWT8WoxOTfhgyyskrXT,,,01KQFX96ZN8CSNBQ0DSDTG91RJ,UGtGifRuMg0b,1,,
2026-04-30 19:19:05,1777576745963,servicesartisans.fr/services/cuisiniste/gond-pontouvre,GET,nxtPservice=cuisiniste&nxtPlocation=gond-pontouvre,200,xzds8-1777576745963-f3f3c94f70d6,"Mozilla/5.0 (Linux; Android 6.0.1; Nexus 5X Build/MMB29P) AppleWebKit/537.36 (KHTML, like Gecko) Chrome/147.0.7727.116 Mobile Safari/537.36 (compatible; Googlebot/2.1; +http://www.google.com/bot.html)",,production,master,MISS,function,/services/[service]/[location],servicesartisans.fr,servicesartisans.fr,dpl_P1EjsJibqJB8BDboagAcGoKcPdQA,377,cdg1,504,2048,,prj_h3YjJQCfZGWT8WoxOTfhgyyskrXT,,,01KQFX971W4CAJS9JPBSVXZAD7,ZEdv9bfMDKP0,1,,
2026-04-30 19:18:38,1777576718313,servicesartisans-daw99au96-servicesartisans.vercel.app/api/cron/prospection-process,GET,,200,cllgb-1777576718169-9e5aa0451536,vercel-cron/1.0,error,production,master,BYPASS,middleware,/api/cron/prospection-process,servicesartisans-daw99au96-servicesartisans.vercel.app,servicesartisans-daw99au96-servicesartisans.vercel.app,dpl_P1EjsJibqJB8BDboagAcGoKcPdQA,,,,,"[2026-04-30T19:18:38.312Z] [ERROR] [UpstashRateLimiter] Circuit breaker opened {""consecutiveFailures"":16,""cooldownMs"":30000}",prj_h3YjJQCfZGWT8WoxOTfhgyyskrXT,,,,,,,
2026-04-30 19:18:38,1777576718313,servicesartisans-daw99au96-servicesartisans.vercel.app/api/cron/prospection-process,GET,,200,cllgb-1777576718169-9e5aa0451536,vercel-cron/1.0,error,production,master,BYPASS,middleware,/api/cron/prospection-process,servicesartisans-daw99au96-servicesartisans.vercel.app,servicesartisans-daw99au96-servicesartisans.vercel.app,dpl_P1EjsJibqJB8BDboagAcGoKcPdQA,,,,,"[2026-04-30T19:18:38.312Z] [ERROR] [UpstashRateLimiter] Redis unavailable {""key"":""34.239.170.206:/api/cron/prospection-process"",""failOpen"":true,""consecutiveFailures"":16}",prj_h3YjJQCfZGWT8WoxOTfhgyyskrXT,,,,,,,
2026-04-30 19:18:38,1777576718169,servicesartisans-daw99au96-servicesartisans.vercel.app/api/cron/prospection-process,GET,,200,cllgb-1777576718169-9e5aa0451536,vercel-cron/1.0,,production,master,BYPASS,function,/api/cron/prospection-process,servicesartisans-daw99au96-servicesartisans.vercel.app,servicesartisans-daw99au96-servicesartisans.vercel.app,dpl_P1EjsJibqJB8BDboagAcGoKcPdQA,233,cdg1,371,2048,,prj_h3YjJQCfZGWT8WoxOTfhgyyskrXT,,,01KQFX8C0QCFN9CVHJRVHCVYZW,Tm7ZvPvBWPkK,1,,
2026-04-30 19:18:38,1777576718169,servicesartisans-daw99au96-servicesartisans.vercel.app/api/cron/prospection-process,GET,,200,cllgb-1777576718169-9e5aa0451536,vercel-cron/1.0,,production,master,BYPASS,middleware,src/middleware,servicesartisans-daw99au96-servicesartisans.vercel.app,servicesartisans-daw99au96-servicesartisans.vercel.app,dpl_P1EjsJibqJB8BDboagAcGoKcPdQA,130,iad1,306,2048,,prj_h3YjJQCfZGWT8WoxOTfhgyyskrXT,,,01KQFX8BVJ57436BJZ013X73NP,UGtGifRuMg0b,2,,
2026-04-30 19:18:38,1777576718169,servicesartisans-daw99au96-servicesartisans.vercel.app/api/cron/prospection-process,GET,,200,cllgb-1777576718169-9e5aa0451536,vercel-cron/1.0,,production,master,BYPASS,static,/api/cron/prospection-process,servicesartisans-daw99au96-servicesartisans.vercel.app,servicesartisans-daw99au96-servicesartisans.vercel.app,dpl_P1EjsJibqJB8BDboagAcGoKcPdQA,480,iad1,,,,prj_h3YjJQCfZGWT8WoxOTfhgyyskrXT,,,,,,,
2026-04-30 19:18:23,1777576703166,servicesartisans.fr/avis/charpentier/boulogne-sur-mer,GET,,200,nkv87-1777576702844-5ab0755155fb,"Mozilla/5.0 AppleWebKit/537.36 (KHTML, like Gecko; compatible; bingbot/2.0; +http://www.bing.com/bingbot.htm) Chrome/116.0.1938.76 Safari/537.36",error,production,master,MISS,function,/avis/[service]/[ville],servicesartisans.fr,servicesartisans.fr,dpl_P1EjsJibqJB8BDboagAcGoKcPdQA,,,,,"[2026-04-30T19:18:23.165Z] [ERROR] Redis command error {""error"":{""name"":""Error"",""message"":""HTTP 403"",""stack"":""Error: HTTP 403\n    at g (/var/task/.next/server/chunks/98754.js:1:2282)\n    at process.processTicksAndRejections (node:internal/process/task_queues:104:5)\n    at async p.set (/var/task/.next/server/chunks/98754.js:1:2905)""}}",prj_h3YjJQCfZGWT8WoxOTfhgyyskrXT,,,,,,,
2026-04-30 19:18:23,1777576703190,servicesartisans.fr/avis/charpentier/boulogne-sur-mer,GET,,200,nkv87-1777576702844-5ab0755155fb,"Mozilla/5.0 AppleWebKit/537.36 (KHTML, like Gecko; compatible; bingbot/2.0; +http://www.bing.com/bingbot.htm) Chrome/116.0.1938.76 Safari/537.36",error,production,master,MISS,function,/avis/[service]/[ville],servicesartisans.fr,servicesartisans.fr,dpl_P1EjsJibqJB8BDboagAcGoKcPdQA,,,,,"[2026-04-30T19:18:23.189Z] [ERROR] Redis command error {""error"":{""name"":""Error"",""message"":""HTTP 403"",""stack"":""Error: HTTP 403\n    at g (/var/task/.next/server/chunks/98754.js:1:2282)\n    at process.processTicksAndRejections (node:internal/process/task_queues:104:5)\n    at async p.set (/var/task/.next/server/chunks/98754.js:1:2905)""}}",prj_h3YjJQCfZGWT8WoxOTfhgyyskrXT,,,,,,,
2026-04-30 19:18:23,1777576703229,servicesartisans.fr/avis/charpentier/boulogne-sur-mer,GET,,200,nkv87-1777576702844-5ab0755155fb,"Mozilla/5.0 AppleWebKit/537.36 (KHTML, like Gecko; compatible; bingbot/2.0; +http://www.bing.com/bingbot.htm) Chrome/116.0.1938.76 Safari/537.36",error,production,master,MISS,function,/avis/[service]/[ville],servicesartisans.fr,servicesartisans.fr,dpl_P1EjsJibqJB8BDboagAcGoKcPdQA,,,,,"[2026-04-30T19:18:23.227Z] [ERROR] Upstash circuit breaker opened {""reason"":""HTTP 403"",""consecutiveAuthFailures"":3,""reopenInMs"":60000}",prj_h3YjJQCfZGWT8WoxOTfhgyyskrXT,,,,,,,
2026-04-30 19:18:23,1777576703251,servicesartisans.fr/avis/charpentier/boulogne-sur-mer,GET,,200,nkv87-1777576702844-5ab0755155fb,"Mozilla/5.0 AppleWebKit/537.36 (KHTML, like Gecko; compatible; bingbot/2.0; +http://www.bing.com/bingbot.htm) Chrome/116.0.1938.76 Safari/537.36",error,production,master,MISS,function,/avis/[service]/[ville],servicesartisans.fr,servicesartisans.fr,dpl_P1EjsJibqJB8BDboagAcGoKcPdQA,,,,,"[2026-04-30T19:18:23.250Z] [ERROR] Redis command error {""error"":{""name"":""Error"",""message"":""HTTP 403"",""stack"":""Error: HTTP 403\n    at g (/var/task/.next/server/chunks/98754.js:1:2282)\n    at process.processTicksAndRejections (node:internal/process/task_queues:104:5)\n    at async p.set (/var/task/.next/server/chunks/98754.js:1:2905)""}}",prj_h3YjJQCfZGWT8WoxOTfhgyyskrXT,,,,,,,
2026-04-30 19:18:23,1777576703318,servicesartisans.fr/avis/charpentier/boulogne-sur-mer,GET,,200,nkv87-1777576702844-5ab0755155fb,"Mozilla/5.0 AppleWebKit/537.36 (KHTML, like Gecko; compatible; bingbot/2.0; +http://www.bing.com/bingbot.htm) Chrome/116.0.1938.76 Safari/537.36",error,production,master,MISS,function,/avis/[service]/[ville],servicesartisans.fr,servicesartisans.fr,dpl_P1EjsJibqJB8BDboagAcGoKcPdQA,,,,,"[2026-04-30T19:18:23.317Z] [ERROR] Redis command error {""error"":{""name"":""Error"",""message"":""HTTP 403"",""stack"":""Error: HTTP 403\n    at g (/var/task/.next/server/chunks/98754.js:1:2282)\n    at process.processTicksAndRejections (node:internal/process/task_queues:104:5)\n    at async p.set (/var/task/.next/server/chunks/98754.js:1:2905)""}}",prj_h3YjJQCfZGWT8WoxOTfhgyyskrXT,,,,,,,
2026-04-30 19:18:23,1777576703346,servicesartisans.fr/avis/charpentier/boulogne-sur-mer,GET,,200,nkv87-1777576702844-5ab0755155fb,"Mozilla/5.0 AppleWebKit/537.36 (KHTML, like Gecko; compatible; bingbot/2.0; +http://www.bing.com/bingbot.htm) Chrome/116.0.1938.76 Safari/537.36",error,production,master,MISS,function,/avis/[service]/[ville],servicesartisans.fr,servicesartisans.fr,dpl_P1EjsJibqJB8BDboagAcGoKcPdQA,,,,,"[2026-04-30T19:18:23.345Z] [ERROR] Redis command error {""error"":{""name"":""Error"",""message"":""HTTP 403"",""stack"":""Error: HTTP 403\n    at g (/var/task/.next/server/chunks/98754.js:1:2282)\n    at process.processTicksAndRejections (node:internal/process/task_queues:104:5)\n    at async p.set (/var/task/.next/server/chunks/98754.js:1:2905)""}}",prj_h3YjJQCfZGWT8WoxOTfhgyyskrXT,,,,,,,
2026-04-30 19:18:23,1777576703364,servicesartisans.fr/avis/charpentier/boulogne-sur-mer,GET,,200,nkv87-1777576702844-5ab0755155fb,"Mozilla/5.0 AppleWebKit/537.36 (KHTML, like Gecko; compatible; bingbot/2.0; +http://www.bing.com/bingbot.htm) Chrome/116.0.1938.76 Safari/537.36",error,production,master,MISS,function,/avis/[service]/[ville],servicesartisans.fr,servicesartisans.fr,dpl_P1EjsJibqJB8BDboagAcGoKcPdQA,,,,,"[2026-04-30T19:18:23.364Z] [ERROR] Upstash circuit breaker opened {""reason"":""HTTP 403"",""consecutiveAuthFailures"":3,""reopenInMs"":60000}",prj_h3YjJQCfZGWT8WoxOTfhgyyskrXT,,,,,,,
2026-04-30 19:18:22,1777576702844,servicesartisans.fr/avis/charpentier/boulogne-sur-mer,GET,,200,nkv87-1777576702844-5ab0755155fb,"Mozilla/5.0 AppleWebKit/537.36 (KHTML, like Gecko; compatible; bingbot/2.0; +http://www.bing.com/bingbot.htm) Chrome/116.0.1938.76 Safari/537.36",,production,master,MISS,function,/avis/[service]/[ville],servicesartisans.fr,servicesartisans.fr,dpl_P1EjsJibqJB8BDboagAcGoKcPdQA,346,cdg1,601,2048,,prj_h3YjJQCfZGWT8WoxOTfhgyyskrXT,,,01KQFX7X1YH1QFV9SDKRFGY1M0,8lka2FWpcGeS,1,,
2026-04-30 19:18:22,1777576702844,servicesartisans.fr/avis/charpentier/boulogne-sur-mer,GET,,200,nkv87-1777576702844-5ab0755155fb,"Mozilla/5.0 AppleWebKit/537.36 (KHTML, like Gecko; compatible; bingbot/2.0; +http://www.bing.com/bingbot.htm) Chrome/116.0.1938.76 Safari/537.36",,production,master,MISS,middleware,src/middleware,servicesartisans.fr,servicesartisans.fr,dpl_P1EjsJibqJB8BDboagAcGoKcPdQA,8,iad1,306,2048,,prj_h3YjJQCfZGWT8WoxOTfhgyyskrXT,,,01KQFX7WW9QHGVGQ78MB09J2FX,UGtGifRuMg0b,1,,
2026-04-30 19:18:04,1777576684191,servicesartisans.fr/api/analytics,POST,,204,jbjv6-1777576684100-dcc82f863c2b,"Mozilla/5.0 (iPhone; CPU iPhone OS 18_7 like Mac OS X) AppleWebKit/605.1.15 (KHTML, like Gecko) Version/26.4 Mobile/15E148 Safari/604.1",error,production,master,MISS,middleware,/api/analytics,servicesartisans.fr,servicesartisans.fr,dpl_P1EjsJibqJB8BDboagAcGoKcPdQA,,,,,"[2026-04-30T19:18:04.190Z] [ERROR] [UpstashRateLimiter] Circuit breaker opened {""consecutiveFailures"":5,""cooldownMs"":30000}",prj_h3YjJQCfZGWT8WoxOTfhgyyskrXT,,,,,,,
2026-04-30 19:18:04,1777576684191,servicesartisans.fr/api/analytics,POST,,204,jbjv6-1777576684100-dcc82f863c2b,"Mozilla/5.0 (iPhone; CPU iPhone OS 18_7 like Mac OS X) AppleWebKit/605.1.15 (KHTML, like Gecko) Version/26.4 Mobile/15E148 Safari/604.1",error,production,master,MISS,middleware,/api/analytics,servicesartisans.fr,servicesartisans.fr,dpl_P1EjsJibqJB8BDboagAcGoKcPdQA,,,,,"[2026-04-30T19:18:04.190Z] [ERROR] [UpstashRateLimiter] Redis unavailable {""key"":""82.66.16.149:/api/analytics"",""failOpen"":true,""consecutiveFailures"":5}",prj_h3YjJQCfZGWT8WoxOTfhgyyskrXT,,,,,,,
2026-04-30 19:18:04,1777576684268,servicesartisans.fr/api/analytics,POST,,204,jbjv6-1777576684100-dcc82f863c2b,"Mozilla/5.0 (iPhone; CPU iPhone OS 18_7 like Mac OS X) AppleWebKit/605.1.15 (KHTML, like Gecko) Version/26.4 Mobile/15E148 Safari/604.1",error,production,master,MISS,function,/api/analytics,servicesartisans.fr,servicesartisans.fr,dpl_P1EjsJibqJB8BDboagAcGoKcPdQA,,,,,"[2026-04-30T19:18:04.267Z] [ERROR] [UpstashRateLimiter] Circuit breaker opened {""consecutiveFailures"":9,""cooldownMs"":30000}",prj_h3YjJQCfZGWT8WoxOTfhgyyskrXT,,,,,,,
2026-04-30 19:18:04,1777576684268,servicesartisans.fr/api/analytics,POST,,204,jbjv6-1777576684100-dcc82f863c2b,"Mozilla/5.0 (iPhone; CPU iPhone OS 18_7 like Mac OS X) AppleWebKit/605.1.15 (KHTML, like Gecko) Version/26.4 Mobile/15E148 Safari/604.1",error,production,master,MISS,function,/api/analytics,servicesartisans.fr,servicesartisans.fr,dpl_P1EjsJibqJB8BDboagAcGoKcPdQA,,,,,"[2026-04-30T19:18:04.268Z] [ERROR] [UpstashRateLimiter] Redis unavailable {""key"":""analytics:82.66.16.149"",""failOpen"":true,""consecutiveFailures"":9}",prj_h3YjJQCfZGWT8WoxOTfhgyyskrXT,,,,,,,
2026-04-30 19:18:04,1777576684100,servicesartisans.fr/api/analytics,POST,,204,jbjv6-1777576684100-dcc82f863c2b,"Mozilla/5.0 (iPhone; CPU iPhone OS 18_7 like Mac OS X) AppleWebKit/605.1.15 (KHTML, like Gecko) Version/26.4 Mobile/15E148 Safari/604.1",,production,master,MISS,middleware,src/middleware,servicesartisans.fr,servicesartisans.fr,dpl_P1EjsJibqJB8BDboagAcGoKcPdQA,73,cdg1,300,2048,,prj_h3YjJQCfZGWT8WoxOTfhgyyskrXT,,,01KQFX7AJCS11AVRMGD4TPRYKF,XLUMyIEvDBY1,1,,
2026-04-30 19:18:04,1777576684100,servicesartisans.fr/api/analytics,POST,,204,jbjv6-1777576684100-dcc82f863c2b,"Mozilla/5.0 (iPhone; CPU iPhone OS 18_7 like Mac OS X) AppleWebKit/605.1.15 (KHTML, like Gecko) Version/26.4 Mobile/15E148 Safari/604.1",,production,master,MISS,function,/api/analytics,servicesartisans.fr,servicesartisans.fr,dpl_P1EjsJibqJB8BDboagAcGoKcPdQA,118,cdg1,352,2048,,prj_h3YjJQCfZGWT8WoxOTfhgyyskrXT,,,01KQFX7AN3MNRFZWRSK244ZHG0,fqRdCPV6yFI9,1,,
2026-04-30 19:18:04,1777576684120,servicesartisans.fr/api/gdpr/consent,POST,,429,vng5v-1777576684099-3c45fb936279,"Mozilla/5.0 (iPhone; CPU iPhone OS 18_7 like Mac OS X) AppleWebKit/605.1.15 (KHTML, like Gecko) Version/26.4 Mobile/15E148 Safari/604.1",error,production,master,,middleware,/api/gdpr/consent,servicesartisans.fr,servicesartisans.fr,dpl_P1EjsJibqJB8BDboagAcGoKcPdQA,,,,,"[2026-04-30T19:18:04.118Z] [ERROR] [UpstashRateLimiter] Redis unavailable {""key"":""82.66.16.149:/api/gdpr/consent"",""failOpen"":false,""consecutiveFailures"":6}",prj_h3YjJQCfZGWT8WoxOTfhgyyskrXT,,,,,,,
2026-04-30 19:18:04,1777576684099,servicesartisans.fr/api/gdpr/consent,POST,,429,vng5v-1777576684099-3c45fb936279,"Mozilla/5.0 (iPhone; CPU iPhone OS 18_7 like Mac OS X) AppleWebKit/605.1.15 (KHTML, like Gecko) Version/26.4 Mobile/15E148 Safari/604.1",,production,master,,middleware,src/middleware,servicesartisans.fr,servicesartisans.fr,dpl_P1EjsJibqJB8BDboagAcGoKcPdQA,9,cdg1,303,2048,,prj_h3YjJQCfZGWT8WoxOTfhgyyskrXT,,,01KQFX7AJA0B6EKSP9Q715FH1Z,CRqWQvJj8CFH,1,,
2026-04-30 19:18:04,1777576684099,servicesartisans.fr/api/gdpr/consent,POST,,429,vng5v-1777576684099-3c45fb936279,"Mozilla/5.0 (iPhone; CPU iPhone OS 18_7 like Mac OS X) AppleWebKit/605.1.15 (KHTML, like Gecko) Version/26.4 Mobile/15E148 Safari/604.1",,production,master,,static,/api/gdpr/consent,servicesartisans.fr,servicesartisans.fr,dpl_P1EjsJibqJB8BDboagAcGoKcPdQA,22,cdg1,,,,prj_h3YjJQCfZGWT8WoxOTfhgyyskrXT,,,,,,,
2026-04-30 19:18:03,1777576683136,servicesartisans.fr/services/etancheiste/saint-privat-des-vieux,GET,nxtPservice=etancheiste&nxtPlocation=saint-privat-des-vieux,200,wvlb2-1777576682911-1ee397ba28bc,"Mozilla/5.0 AppleWebKit/537.36 (KHTML, like Gecko; compatible; Amazonbot/0.1; +https://developer.amazon.com/support/amazonbot) Chrome/119.0.6045.214 Safari/537.36",error,production,master,MISS,function,/services/[service]/[location],servicesartisans.fr,servicesartisans.fr,dpl_P1EjsJibqJB8BDboagAcGoKcPdQA,,,,,"[2026-04-30T19:18:03.135Z] [ERROR] Redis command error {""error"":{""name"":""Error"",""message"":""HTTP 403"",""stack"":""Error: HTTP 403\n    at g (/var/task/.next/server/chunks/98754.js:1:2282)\n    at process.processTicksAndRejections (node:internal/process/task_queues:104:5)\n    at async p.set (/var/task/.next/server/chunks/98754.js:1:2905)""}}",prj_h3YjJQCfZGWT8WoxOTfhgyyskrXT,,,,,,,
2026-04-30 19:18:03,1777576683139,servicesartisans.fr/services/etancheiste/saint-privat-des-vieux,GET,nxtPservice=etancheiste&nxtPlocation=saint-privat-des-vieux,200,wvlb2-1777576682911-1ee397ba28bc,"Mozilla/5.0 AppleWebKit/537.36 (KHTML, like Gecko; compatible; Amazonbot/0.1; +https://developer.amazon.com/support/amazonbot) Chrome/119.0.6045.214 Safari/537.36",error,production,master,MISS,function,/services/[service]/[location],servicesartisans.fr,servicesartisans.fr,dpl_P1EjsJibqJB8BDboagAcGoKcPdQA,,,,,"[2026-04-30T19:18:03.138Z] [ERROR] Redis command error {""error"":{""name"":""Error"",""message"":""HTTP 403"",""stack"":""Error: HTTP 403\n    at g (/var/task/.next/server/chunks/98754.js:1:2282)\n    at process.processTicksAndRejections (node:internal/process/task_queues:104:5)\n    at async p.set (/var/task/.next/server/chunks/98754.js:1:2905)""}}",prj_h3YjJQCfZGWT8WoxOTfhgyyskrXT,,,,,,,
2026-04-30 19:18:03,1777576683201,servicesartisans.fr/services/etancheiste/saint-privat-des-vieux,GET,nxtPservice=etancheiste&nxtPlocation=saint-privat-des-vieux,200,wvlb2-1777576682911-1ee397ba28bc,"Mozilla/5.0 AppleWebKit/537.36 (KHTML, like Gecko; compatible; Amazonbot/0.1; +https://developer.amazon.com/support/amazonbot) Chrome/119.0.6045.214 Safari/537.36",error,production,master,MISS,function,/services/[service]/[location],servicesartisans.fr,servicesartisans.fr,dpl_P1EjsJibqJB8BDboagAcGoKcPdQA,,,,,"[2026-04-30T19:18:03.200Z] [ERROR] Redis command error {""error"":{""name"":""Error"",""message"":""HTTP 403"",""stack"":""Error: HTTP 403\n    at g (/var/task/.next/server/chunks/98754.js:1:2282)\n    at process.processTicksAndRejections (node:internal/process/task_queues:104:5)\n    at async p.set (/var/task/.next/server/chunks/98754.js:1:2905)""}}",prj_h3YjJQCfZGWT8WoxOTfhgyyskrXT,,,,,,,
2026-04-30 19:18:03,1777576683256,servicesartisans.fr/services/etancheiste/saint-privat-des-vieux,GET,nxtPservice=etancheiste&nxtPlocation=saint-privat-des-vieux,200,wvlb2-1777576682911-1ee397ba28bc,"Mozilla/5.0 AppleWebKit/537.36 (KHTML, like Gecko; compatible; Amazonbot/0.1; +https://developer.amazon.com/support/amazonbot) Chrome/119.0.6045.214 Safari/537.36",error,production,master,MISS,function,/services/[service]/[location],servicesartisans.fr,servicesartisans.fr,dpl_P1EjsJibqJB8BDboagAcGoKcPdQA,,,,,"[2026-04-30T19:18:03.245Z] [ERROR] Redis command error {""error"":{""name"":""Error"",""message"":""HTTP 403"",""stack"":""Error: HTTP 403\n    at g (/var/task/.next/server/chunks/98754.js:1:2282)\n    at process.processTicksAndRejections (node:internal/process/task_queues:104:5)\n    at async p.set (/var/task/.next/server/chunks/98754.js:1:2905)""}}",prj_h3YjJQCfZGWT8WoxOTfhgyyskrXT,,,,,,,
2026-04-30 19:18:03,1777576683279,servicesartisans.fr/services/etancheiste/saint-privat-des-vieux,GET,nxtPservice=etancheiste&nxtPlocation=saint-privat-des-vieux,200,wvlb2-1777576682911-1ee397ba28bc,"Mozilla/5.0 AppleWebKit/537.36 (KHTML, like Gecko; compatible; Amazonbot/0.1; +https://developer.amazon.com/support/amazonbot) Chrome/119.0.6045.214 Safari/537.36",error,production,master,MISS,function,/services/[service]/[location],servicesartisans.fr,servicesartisans.fr,dpl_P1EjsJibqJB8BDboagAcGoKcPdQA,,,,,"[2026-04-30T19:18:03.278Z] [ERROR] Redis command error {""error"":{""name"":""Error"",""message"":""HTTP 403"",""stack"":""Error: HTTP 403\n    at g (/var/task/.next/server/chunks/98754.js:1:2282)\n    at process.processTicksAndRejections (node:internal/process/task_queues:104:5)\n    at async p.set (/var/task/.next/server/chunks/98754.js:1:2905)""}}",prj_h3YjJQCfZGWT8WoxOTfhgyyskrXT,,,,,,,
2026-04-30 19:18:03,1777576683298,servicesartisans.fr/services/etancheiste/saint-privat-des-vieux,GET,nxtPservice=etancheiste&nxtPlocation=saint-privat-des-vieux,200,wvlb2-1777576682911-1ee397ba28bc,"Mozilla/5.0 AppleWebKit/537.36 (KHTML, like Gecko; compatible; Amazonbot/0.1; +https://developer.amazon.com/support/amazonbot) Chrome/119.0.6045.214 Safari/537.36",error,production,master,MISS,function,/services/[service]/[location],servicesartisans.fr,servicesartisans.fr,dpl_P1EjsJibqJB8BDboagAcGoKcPdQA,,,,,"[2026-04-30T19:18:03.297Z] [ERROR] Upstash circuit breaker opened {""reason"":""HTTP 403"",""consecutiveAuthFailures"":3,""reopenInMs"":60000}",prj_h3YjJQCfZGWT8WoxOTfhgyyskrXT,,,,,,,
2026-04-30 19:18:02,1777576682911,servicesartisans.fr/services/etancheiste/saint-privat-des-vieux,GET,nxtPservice=etancheiste&nxtPlocation=saint-privat-des-vieux,200,wvlb2-1777576682911-1ee397ba28bc,"Mozilla/5.0 AppleWebKit/537.36 (KHTML, like Gecko; compatible; Amazonbot/0.1; +https://developer.amazon.com/support/amazonbot) Chrome/119.0.6045.214 Safari/537.36",,production,master,MISS,middleware,src/middleware,servicesartisans.fr,servicesartisans.fr,dpl_P1EjsJibqJB8BDboagAcGoKcPdQA,8,iad1,306,2048,,prj_h3YjJQCfZGWT8WoxOTfhgyyskrXT,,,01KQFX79DB7KZEKF1X7C1FRQAB,UGtGifRuMg0b,1,,
2026-04-30 19:18:02,1777576682911,servicesartisans.fr/services/etancheiste/saint-privat-des-vieux,GET,nxtPservice=etancheiste&nxtPlocation=saint-privat-des-vieux,200,wvlb2-1777576682911-1ee397ba28bc,"Mozilla/5.0 AppleWebKit/537.36 (KHTML, like Gecko; compatible; Amazonbot/0.1; +https://developer.amazon.com/support/amazonbot) Chrome/119.0.6045.214 Safari/537.36",,production,master,MISS,function,/services/[service]/[location],servicesartisans.fr,servicesartisans.fr,dpl_P1EjsJibqJB8BDboagAcGoKcPdQA,577,cdg1,465,2048,,prj_h3YjJQCfZGWT8WoxOTfhgyyskrXT,,,01KQFX79FFR75B5AFKS0T0M3NC,ZEdv9bfMDKP0,1,,
2026-04-30 19:18:01,1777576681515,servicesartisans.fr/api/geo/menu-data,GET,,200,qzdmk-1777576681438-6d1acf850c63,"Mozilla/5.0 (iPhone; CPU iPhone OS 18_7 like Mac OS X) AppleWebKit/605.1.15 (KHTML, like Gecko) Version/26.4 Mobile/15E148 Safari/604.1",error,production,master,HIT,middleware,/api/geo/menu-data,servicesartisans.fr,servicesartisans.fr,dpl_P1EjsJibqJB8BDboagAcGoKcPdQA,,,,,"[2026-04-30T19:18:01.514Z] [ERROR] [UpstashRateLimiter] Circuit breaker opened {""consecutiveFailures"":5,""cooldownMs"":30000}",prj_h3YjJQCfZGWT8WoxOTfhgyyskrXT,,,,,,,
2026-04-30 19:18:01,1777576681515,servicesartisans.fr/api/geo/menu-data,GET,,200,qzdmk-1777576681438-6d1acf850c63,"Mozilla/5.0 (iPhone; CPU iPhone OS 18_7 like Mac OS X) AppleWebKit/605.1.15 (KHTML, like Gecko) Version/26.4 Mobile/15E148 Safari/604.1",error,production,master,HIT,middleware,/api/geo/menu-data,servicesartisans.fr,servicesartisans.fr,dpl_P1EjsJibqJB8BDboagAcGoKcPdQA,,,,,"[2026-04-30T19:18:01.515Z] [ERROR] [UpstashRateLimiter] Redis unavailable {""key"":""82.66.16.149:/api/geo/menu-data"",""failOpen"":true,""consecutiveFailures"":5}",prj_h3YjJQCfZGWT8WoxOTfhgyyskrXT,,,,,,,
2026-04-30 19:18:01,1777576681438,servicesartisans.fr/api/geo/menu-data,GET,,200,qzdmk-1777576681438-6d1acf850c63,"Mozilla/5.0 (iPhone; CPU iPhone OS 18_7 like Mac OS X) AppleWebKit/605.1.15 (KHTML, like Gecko) Version/26.4 Mobile/15E148 Safari/604.1",,production,master,HIT,middleware,src/middleware,servicesartisans.fr,servicesartisans.fr,dpl_P1EjsJibqJB8BDboagAcGoKcPdQA,56,cdg1,302,2048,,prj_h3YjJQCfZGWT8WoxOTfhgyyskrXT,,,01KQFX77Z6MAWXZ7M6PWJQ9D0T,CRqWQvJj8CFH,2,,
2026-04-30 19:18:01,1777576681438,servicesartisans.fr/api/geo/menu-data,GET,,200,qzdmk-1777576681438-6d1acf850c63,"Mozilla/5.0 (iPhone; CPU iPhone OS 18_7 like Mac OS X) AppleWebKit/605.1.15 (KHTML, like Gecko) Version/26.4 Mobile/15E148 Safari/604.1",,production,master,HIT,static,/api/geo/menu-data,servicesartisans.fr,servicesartisans.fr,dpl_P1EjsJibqJB8BDboagAcGoKcPdQA,82,cdg1,,,,prj_h3YjJQCfZGWT8WoxOTfhgyyskrXT,,,,,,,
2026-04-30 19:17:21,1777576641342,servicesartisans.fr/services/plombier/chaumont/philippe-versluys-versluys-philippe-452741440,GET,,200,hbhwk-1777576641005-795a24d4e00a,"Mozilla/5.0 (Linux; Android 6.0.1; Nexus 5X Build/MMB29P) AppleWebKit/537.36 (KHTML, like Gecko) Chrome/147.0.7727.116 Mobile Safari/537.36 (compatible; Googlebot/2.1; +http://www.google.com/bot.html)",error,production,master,MISS,function,/services/[service]/[location]/[publicId],servicesartisans.fr,servicesartisans.fr,dpl_P1EjsJibqJB8BDboagAcGoKcPdQA,,,,,"[2026-04-30T19:17:21.342Z] [ERROR] Redis command error {""error"":{""name"":""Error"",""message"":""HTTP 403"",""stack"":""Error: HTTP 403\n    at g (/var/task/.next/server/chunks/98754.js:1:2282)\n    at process.processTicksAndRejections (node:internal/process/task_queues:104:5)\n    at async p.set (/var/task/.next/server/chunks/98754.js:1:2905)""}}",prj_h3YjJQCfZGWT8WoxOTfhgyyskrXT,,,,,,,
2026-04-30 19:17:21,1777576641379,servicesartisans.fr/services/plombier/chaumont/philippe-versluys-versluys-philippe-452741440,GET,,200,hbhwk-1777576641005-795a24d4e00a,"Mozilla/5.0 (Linux; Android 6.0.1; Nexus 5X Build/MMB29P) AppleWebKit/537.36 (KHTML, like Gecko) Chrome/147.0.7727.116 Mobile Safari/537.36 (compatible; Googlebot/2.1; +http://www.google.com/bot.html)",error,production,master,MISS,function,/services/[service]/[location]/[publicId],servicesartisans.fr,servicesartisans.fr,dpl_P1EjsJibqJB8BDboagAcGoKcPdQA,,,,,"[2026-04-30T19:17:21.378Z] [ERROR] Redis command error {""error"":{""name"":""Error"",""message"":""HTTP 403"",""stack"":""Error: HTTP 403\n    at g (/var/task/.next/server/chunks/98754.js:1:2282)\n    at process.processTicksAndRejections (node:internal/process/task_queues:104:5)\n    at async p.set (/var/task/.next/server/chunks/98754.js:1:2905)""}}",prj_h3YjJQCfZGWT8WoxOTfhgyyskrXT,,,,,,,
2026-04-30 19:17:21,1777576641382,servicesartisans.fr/services/plombier/chaumont/philippe-versluys-versluys-philippe-452741440,GET,,200,hbhwk-1777576641005-795a24d4e00a,"Mozilla/5.0 (Linux; Android 6.0.1; Nexus 5X Build/MMB29P) AppleWebKit/537.36 (KHTML, like Gecko) Chrome/147.0.7727.116 Mobile Safari/537.36 (compatible; Googlebot/2.1; +http://www.google.com/bot.html)",error,production,master,MISS,function,/services/[service]/[location]/[publicId],servicesartisans.fr,servicesartisans.fr,dpl_P1EjsJibqJB8BDboagAcGoKcPdQA,,,,,"[2026-04-30T19:17:21.381Z] [ERROR] Upstash circuit breaker opened {""reason"":""HTTP 403"",""consecutiveAuthFailures"":3,""reopenInMs"":60000}",prj_h3YjJQCfZGWT8WoxOTfhgyyskrXT,,,,,,,
2026-04-30 19:17:21,1777576641016,servicesartisans.fr/services/plombier/chaumont/philippe-versluys-versluys-philippe-452741440,GET,,200,hbhwk-1777576641005-795a24d4e00a,"Mozilla/5.0 (Linux; Android 6.0.1; Nexus 5X Build/MMB29P) AppleWebKit/537.36 (KHTML, like Gecko) Chrome/147.0.7727.116 Mobile Safari/537.36 (compatible; Googlebot/2.1; +http://www.google.com/bot.html)",info,production,master,MISS,middleware,/services/[service]/[location]/[publicId],servicesartisans.fr,servicesartisans.fr,dpl_P1EjsJibqJB8BDboagAcGoKcPdQA,,,,,[plombier] / status=200,prj_h3YjJQCfZGWT8WoxOTfhgyyskrXT,,,,,,,
2026-04-30 19:17:21,1777576641005,servicesartisans.fr/services/plombier/chaumont/philippe-versluys-versluys-philippe-452741440,GET,,200,hbhwk-1777576641005-795a24d4e00a,"Mozilla/5.0 (Linux; Android 6.0.1; Nexus 5X Build/MMB29P) AppleWebKit/537.36 (KHTML, like Gecko) Chrome/147.0.7727.116 Mobile Safari/537.36 (compatible; Googlebot/2.1; +http://www.google.com/bot.html)",,production,master,MISS,middleware,src/middleware,servicesartisans.fr,servicesartisans.fr,dpl_P1EjsJibqJB8BDboagAcGoKcPdQA,336,iad1,306,2048,,prj_h3YjJQCfZGWT8WoxOTfhgyyskrXT,,,01KQFX60FRMYFT6ZEC4YT0G02D,UGtGifRuMg0b,1,,
2026-04-30 19:17:21,1777576641005,servicesartisans.fr/services/plombier/chaumont/philippe-versluys-versluys-philippe-452741440,GET,,200,hbhwk-1777576641005-795a24d4e00a,"Mozilla/5.0 (Linux; Android 6.0.1; Nexus 5X Build/MMB29P) AppleWebKit/537.36 (KHTML, like Gecko) Chrome/147.0.7727.116 Mobile Safari/537.36 (compatible; Googlebot/2.1; +http://www.google.com/bot.html)",,production,master,MISS,function,/services/[service]/[location]/[publicId],servicesartisans.fr,servicesartisans.fr,dpl_P1EjsJibqJB8BDboagAcGoKcPdQA,240,cdg1,584,2048,,prj_h3YjJQCfZGWT8WoxOTfhgyyskrXT,,,01KQFX60NP7NEAHBV4RXV8A2G7,8lka2FWpcGeS,1,,
