"﻿""PR""",URL,Title,Content type,Is rendered page,HTTP status code,Organic traffic,Is indexable page,No. of all inlinks,Is in sitemap,Referenced in sitemaps,No. of referencing sitemaps
70,https://servicesartisans.fr/,Artisans de France — 970 326+ Pros Vérifiés,text/html; charset=utf-8,false,200,0,true,2,true,https://servicesartisans.fr/image-sitemap.xmlhttps://servicesartisans.fr/sitemap/static.xml,2
35,https://servicesartisans.fr/blog/comment-installer-prise-electrique,Installer Prise Électrique : Guide Sécurité | ServicesArtisans,text/html; charset=utf-8,false,200,2,true,0,true,https://servicesartisans.fr/image-sitemap.xmlhttps://servicesartisans.fr/sitemap/static.xml,2
20,https://servicesartisans.fr/blog/canalisation-bouchee-urgence,Canalisation Bouchée : Solutions DIY + Prix Plombier | ServicesArtisans,text/html; charset=utf-8,false,200,0,true,0,true,https://servicesartisans.fr/image-sitemap.xmlhttps://servicesartisans.fr/sitemap/static.xml,2
20,https://servicesartisans.fr/villes/brest,Brest (29) — Annuaire artisans 2026 | ServicesArtisans,text/html; charset=utf-8,false,200,0,true,0,true,https://servicesartisans.fr/image-sitemap.xmlhttps://servicesartisans.fr/sitemap/cities.xml,2
20,https://servicesartisans.fr/blog/prix-electricien-montpellier-2026,Prix Électricien Montpellier 2026 — Tarifs et Devis Gratuit | ServicesArtisans,text/html; charset=utf-8,false,200,0,true,0,true,https://servicesartisans.fr/image-sitemap.xmlhttps://servicesartisans.fr/sitemap/static.xml,2
20,https://servicesartisans.fr/blog/comment-choisir-demenageur-guide,Choisir son Déménageur 2026 : Guide Anti-Arnaques | ServicesArtisans,text/html; charset=utf-8,false,200,0,true,0,true,https://servicesartisans.fr/image-sitemap.xmlhttps://servicesartisans.fr/sitemap/static.xml,2
20,https://servicesartisans.fr/blog/comment-installer-wc-suspendu,Installer WC Suspendu : Guide Complet DIY | ServicesArtisans,text/html; charset=utf-8,false,200,0,true,0,true,https://servicesartisans.fr/image-sitemap.xmlhttps://servicesartisans.fr/sitemap/static.xml,2
20,https://servicesartisans.fr/blog/prix-electricien-strasbourg-2026,Prix Électricien Strasbourg 2026 — Tarifs et Devis Gratuit | ServicesArtisans,text/html; charset=utf-8,false,200,0,true,0,true,https://servicesartisans.fr/image-sitemap.xmlhttps://servicesartisans.fr/sitemap/static.xml,2
20,https://servicesartisans.fr/blog/peinture-interieure-conseils,Peinture Intérieure 2026 : Conseils de pros | ServicesArtisans,text/html; charset=utf-8,false,200,0,true,0,true,https://servicesartisans.fr/image-sitemap.xmlhttps://servicesartisans.fr/sitemap/static.xml,2
20,https://servicesartisans.fr/services/terrassier,Terrassier : Artisans Vérifiés + Devis Gratuit | ServicesArtisans,text/html; charset=utf-8,false,200,0,true,0,true,https://servicesartisans.fr/image-sitemap.xmlhttps://servicesartisans.fr/sitemap/static.xml,2
20,https://servicesartisans.fr/blog/entretien-annuel-maison-checklist-complete,Entretien Maison : checklist annuelle 2026 | ServicesArtisans,text/html; charset=utf-8,false,200,0,true,0,true,https://servicesartisans.fr/image-sitemap.xmlhttps://servicesartisans.fr/sitemap/static.xml,2
20,https://servicesartisans.fr/blog/urbanisme-regles-construction-extension,Règles d'Urbanisme : Construire Légalement | ServicesArtisans,text/html; charset=utf-8,false,200,0,true,0,true,https://servicesartisans.fr/image-sitemap.xmlhttps://servicesartisans.fr/sitemap/static.xml,2
20,https://servicesartisans.fr/blog/comment-refaire-joint-salle-de-bain,Refaire Joint Salle de Bain : Tutoriel DIY | ServicesArtisans,text/html; charset=utf-8,false,200,0,true,0,true,https://servicesartisans.fr/image-sitemap.xmlhttps://servicesartisans.fr/sitemap/static.xml,2
20,https://servicesartisans.fr/blog/chauffagiste-urgence-hiver,Chauffagiste Urgence Hiver 2026 : Tarifs | ServicesArtisans,text/html; charset=utf-8,false,200,0,true,0,true,https://servicesartisans.fr/image-sitemap.xmlhttps://servicesartisans.fr/sitemap/static.xml,2
20,https://servicesartisans.fr/blog/prix-vitrier-2026-remplacement-vitrage,Prix Vitrier 2026 : 60-450€ — Tarifs réels | ServicesArtisans,text/html; charset=utf-8,false,200,0,true,0,true,https://servicesartisans.fr/image-sitemap.xmlhttps://servicesartisans.fr/sitemap/static.xml,2
20,https://servicesartisans.fr/blog/comment-choisir-facadier-guide,Comment Choisir Son Façadier : Guide 2026 | ServicesArtisans,text/html; charset=utf-8,false,200,0,true,0,true,https://servicesartisans.fr/image-sitemap.xmlhttps://servicesartisans.fr/sitemap/static.xml,2
20,https://servicesartisans.fr/blog/guide-volet-roulant-electrique,Volet Roulant Électrique 2026 : Prix et Pose | ServicesArtisans,text/html; charset=utf-8,false,200,0,true,0,true,https://servicesartisans.fr/image-sitemap.xmlhttps://servicesartisans.fr/sitemap/static.xml,2
20,https://servicesartisans.fr/services/ramoneur,Ramoneur : Artisans Vérifiés + Devis Gratuit | ServicesArtisans,text/html; charset=utf-8,false,200,0,true,0,true,https://servicesartisans.fr/image-sitemap.xmlhttps://servicesartisans.fr/sitemap/static.xml,2
20,https://servicesartisans.fr/villes/toulouse,Artisans à Toulouse 2026 — Comparez & choisissez | ServicesArtisans,text/html; charset=utf-8,false,200,0,true,0,true,https://servicesartisans.fr/image-sitemap.xmlhttps://servicesartisans.fr/sitemap/cities.xml,2
20,https://servicesartisans.fr/blog/prix-serrurier-montpellier-2026,Prix Serrurier Montpellier 2026 — Tarifs et Devis Gratuit | ServicesArtisans,text/html; charset=utf-8,false,200,0,true,0,true,https://servicesartisans.fr/image-sitemap.xmlhttps://servicesartisans.fr/sitemap/static.xml,2
20,https://servicesartisans.fr/villes/angers,Artisans Angers (49) 2026 — Devis gratuit | ServicesArtisans,text/html; charset=utf-8,false,200,0,true,0,true,https://servicesartisans.fr/image-sitemap.xmlhttps://servicesartisans.fr/sitemap/cities.xml,2
20,https://servicesartisans.fr/blog/prix-toiture-2026-refection-reparation-materiaux,Prix Toiture 2026 : Tarifs au m² par Matériau | ServicesArtisans,text/html; charset=utf-8,false,200,0,true,0,true,https://servicesartisans.fr/image-sitemap.xmlhttps://servicesartisans.fr/sitemap/static.xml,2
20,https://servicesartisans.fr/blog/prix-serrurier-lyon-2026,Prix Serrurier Lyon 2026 — Tarifs et Devis Gratuit | ServicesArtisans,text/html; charset=utf-8,false,200,0,true,0,true,https://servicesartisans.fr/image-sitemap.xmlhttps://servicesartisans.fr/sitemap/static.xml,2
20,https://servicesartisans.fr/blog/prix-miroitier-2026-tarifs-vitrage,Prix Miroitier 2026 — Devis Gratuit | Tarifs | ServicesArtisans,text/html; charset=utf-8,false,200,0,true,0,true,https://servicesartisans.fr/image-sitemap.xmlhttps://servicesartisans.fr/sitemap/static.xml,2
20,https://servicesartisans.fr/blog/electricite-normes-securite,Normes Électriques NF C 15-100 : Guide 2026 | ServicesArtisans,text/html; charset=utf-8,false,200,0,true,0,true,https://servicesartisans.fr/image-sitemap.xmlhttps://servicesartisans.fr/sitemap/static.xml,2
20,https://servicesartisans.fr/blog/travaux-printemps-check-list-2026,Travaux printemps 2026 : check-list complète | ServicesArtisans,text/html; charset=utf-8,false,200,0,true,0,true,https://servicesartisans.fr/image-sitemap.xmlhttps://servicesartisans.fr/sitemap/static.xml,2
20,https://servicesartisans.fr/blog/comment-choisir-son-plombier,Choisir son Plombier en 2026 : 7 vérifications | ServicesArtisans,text/html; charset=utf-8,false,200,0,true,0,true,https://servicesartisans.fr/image-sitemap.xmlhttps://servicesartisans.fr/sitemap/static.xml,2
20,https://servicesartisans.fr/blog/comment-deboucher-wc-guide,Déboucher WC : 7 Méthodes Efficaces 2026 | ServicesArtisans,text/html; charset=utf-8,false,200,0,true,0,true,https://servicesartisans.fr/image-sitemap.xmlhttps://servicesartisans.fr/sitemap/static.xml,2
20,https://servicesartisans.fr/blog/amenager-combles-guide-habitables,Aménager ses Combles 2026 : Guide et Devis | ServicesArtisans,text/html; charset=utf-8,false,200,0,true,0,true,https://servicesartisans.fr/image-sitemap.xmlhttps://servicesartisans.fr/sitemap/static.xml,2
20,https://servicesartisans.fr/blog/eco-ptz-2026-conditions-montant,Éco-PTZ 2026 : Conditions et Montants | ServicesArtisans,text/html; charset=utf-8,false,200,0,true,0,true,https://servicesartisans.fr/image-sitemap.xmlhttps://servicesartisans.fr/sitemap/static.xml,2
20,https://servicesartisans.fr/blog/prix-demenageur-2026-tarifs,Prix Déménageur 2026 : Devis Gratuit | ServicesArtisans,text/html; charset=utf-8,false,200,0,true,0,true,https://servicesartisans.fr/image-sitemap.xmlhttps://servicesartisans.fr/sitemap/static.xml,2
20,https://servicesartisans.fr/blog/renovation-maison-par-ou-commencer,Rénovation Maison : par où commencer ? (2026) | ServicesArtisans,text/html; charset=utf-8,false,200,0,true,0,true,https://servicesartisans.fr/image-sitemap.xmlhttps://servicesartisans.fr/sitemap/static.xml,2
20,https://servicesartisans.fr/blog/prix-chauffagiste-montpellier-2026,Prix Chauffagiste Montpellier 2026 — Tarifs et Devis Gratuit | ServicesArtisans,text/html; charset=utf-8,false,200,0,true,0,true,https://servicesartisans.fr/image-sitemap.xmlhttps://servicesartisans.fr/sitemap/static.xml,2
20,https://servicesartisans.fr/blog/aide-renovation-energetique-paris-2026,Aides Rénovation Paris et Île-de-France — Guide 2026 | ServicesArtisans,text/html; charset=utf-8,false,200,0,true,0,true,https://servicesartisans.fr/image-sitemap.xmlhttps://servicesartisans.fr/sitemap/static.xml,2
20,https://servicesartisans.fr/blog/prix-diagnostiqueur-2026-tarifs,Prix Diagnostiqueur 2026 — Devis Gratuit | ServicesArtisans,text/html; charset=utf-8,false,200,0,true,0,true,https://servicesartisans.fr/image-sitemap.xmlhttps://servicesartisans.fr/sitemap/static.xml,2
20,https://servicesartisans.fr/blog/tarifs-artisans-bretagne-normandie,Prix Artisans Bretagne-Normandie 2026 : Barème | ServicesArtisans,text/html; charset=utf-8,false,200,0,true,0,true,https://servicesartisans.fr/image-sitemap.xmlhttps://servicesartisans.fr/sitemap/static.xml,2
20,https://servicesartisans.fr/blog/installer-panneau-solaire-maison-2026,Panneaux Solaires 2026 : Guide et Rentabilité | ServicesArtisans,text/html; charset=utf-8,false,200,0,true,0,true,https://servicesartisans.fr/image-sitemap.xmlhttps://servicesartisans.fr/sitemap/static.xml,2
20,https://servicesartisans.fr/blog/prix-plombier-marseille-2026,Prix Plombier Marseille 2026 — Tarifs et Devis Gratuit | ServicesArtisans,text/html; charset=utf-8,false,200,0,true,0,true,https://servicesartisans.fr/image-sitemap.xmlhttps://servicesartisans.fr/sitemap/static.xml,2
20,https://servicesartisans.fr/blog/degat-des-eaux-que-faire-2026,"Dégât des Eaux 2026 : Constat, Assurance, Étapes | ServicesArtisans",text/html; charset=utf-8,false,200,0,true,0,true,https://servicesartisans.fr/image-sitemap.xmlhttps://servicesartisans.fr/sitemap/static.xml,2
20,https://servicesartisans.fr/blog/plombier-urgence-nuit-tarifs,Plombier Urgence Nuit 2026 : Tarifs Réels | ServicesArtisans,text/html; charset=utf-8,false,200,0,true,0,true,https://servicesartisans.fr/image-sitemap.xmlhttps://servicesartisans.fr/sitemap/static.xml,2
20,https://servicesartisans.fr/blog/prix-plombier-nice-2026,Prix Plombier Nice 2026 — Tarifs et Devis Gratuit | ServicesArtisans,text/html; charset=utf-8,false,200,0,true,0,true,https://servicesartisans.fr/image-sitemap.xmlhttps://servicesartisans.fr/sitemap/static.xml,2
20,https://servicesartisans.fr/services/salle-de-bain,Salle de bain : Artisans Vérifiés + Devis Gratuit | ServicesArtisans,text/html; charset=utf-8,false,200,0,true,0,true,https://servicesartisans.fr/image-sitemap.xmlhttps://servicesartisans.fr/sitemap/static.xml,2
20,https://servicesartisans.fr/villes/aix-en-provence,Aix-en-Provence : 46 métiers d'artisans — Devis 2026 | ServicesArtisans,text/html; charset=utf-8,false,200,0,true,0,true,https://servicesartisans.fr/image-sitemap.xmlhttps://servicesartisans.fr/sitemap/cities.xml,2
20,https://servicesartisans.fr/blog/prix-chauffagiste-paris-2026,Prix Chauffagiste Paris 2026 — Tarifs et Devis Gratuit | ServicesArtisans,text/html; charset=utf-8,false,200,0,true,0,true,https://servicesartisans.fr/image-sitemap.xmlhttps://servicesartisans.fr/sitemap/static.xml,2
20,https://servicesartisans.fr/blog/contrat-travaux-clauses-essentielles,Contrat Travaux : Clauses Essentielles | ServicesArtisans,text/html; charset=utf-8,false,200,0,true,0,true,https://servicesartisans.fr/image-sitemap.xmlhttps://servicesartisans.fr/sitemap/static.xml,2
20,https://servicesartisans.fr/blog/construire-garage-guide-permis-budget,Construire un Garage 2026 : Budget et Démarches | ServicesArtisans,text/html; charset=utf-8,false,200,0,true,0,true,https://servicesartisans.fr/image-sitemap.xmlhttps://servicesartisans.fr/sitemap/static.xml,2
20,https://servicesartisans.fr/blog/prix-menuisier-2026-tarifs-travaux,Prix Menuisier 2026 : 35-70€/h — Tarifs détaillés | ServicesArtisans,text/html; charset=utf-8,false,200,0,true,0,true,https://servicesartisans.fr/image-sitemap.xmlhttps://servicesartisans.fr/sitemap/static.xml,2
20,https://servicesartisans.fr/blog/ordre-travaux-renovation-maison-ancienne,Ordre Travaux Rénovation : 10 Étapes Clés | ServicesArtisans,text/html; charset=utf-8,false,200,0,true,0,true,https://servicesartisans.fr/image-sitemap.xmlhttps://servicesartisans.fr/sitemap/static.xml,2
20,https://servicesartisans.fr/blog/prix-plombier-lille-2026,Prix Plombier Lille 2026 — Tarifs et Devis Gratuit | ServicesArtisans,text/html; charset=utf-8,false,200,0,true,0,true,https://servicesartisans.fr/image-sitemap.xmlhttps://servicesartisans.fr/sitemap/static.xml,2
20,https://servicesartisans.fr/blog/economiser-facture-energie-astuces,15 Astuces pour Réduire sa Facture Énergie | ServicesArtisans,text/html; charset=utf-8,false,200,0,true,0,true,https://servicesartisans.fr/image-sitemap.xmlhttps://servicesartisans.fr/sitemap/static.xml,2
20,https://servicesartisans.fr/blog/comment-poser-parquet-flottant,Poser Parquet Flottant DIY : Guide Pas à Pas | ServicesArtisans,text/html; charset=utf-8,false,200,0,true,0,true,https://servicesartisans.fr/image-sitemap.xmlhttps://servicesartisans.fr/sitemap/static.xml,2
20,https://servicesartisans.fr/blog/prix-electricien-nantes-2026,Prix Électricien Nantes 2026 — Tarifs et Devis Gratuit | ServicesArtisans,text/html; charset=utf-8,false,200,0,true,0,true,https://servicesartisans.fr/image-sitemap.xmlhttps://servicesartisans.fr/sitemap/static.xml,2
20,https://servicesartisans.fr/services/ferronnier,Ferronnier 2026 — Artisans Vérifiés en France | ServicesArtisans,text/html; charset=utf-8,false,200,0,true,0,true,https://servicesartisans.fr/image-sitemap.xmlhttps://servicesartisans.fr/sitemap/static.xml,2
20,https://servicesartisans.fr/blog/guide-pompe-chaleur-air-eau-2026,PAC Air-Eau 2026 : Guide Prix et Aides | ServicesArtisans,text/html; charset=utf-8,false,200,0,true,0,true,https://servicesartisans.fr/image-sitemap.xmlhttps://servicesartisans.fr/sitemap/static.xml,2
20,https://servicesartisans.fr/blog/cee-certificats-economies-energie-2026,CEE 2026 : Prime Énergie et Montants — Guide 2026 | ServicesArtisans,text/html; charset=utf-8,false,200,0,true,0,true,https://servicesartisans.fr/image-sitemap.xmlhttps://servicesartisans.fr/sitemap/static.xml,2
20,https://servicesartisans.fr/blog/artisan-pas-cher-attention-arnaques,Artisan Pas Cher = Arnaque ? Les signaux 2026 | ServicesArtisans,text/html; charset=utf-8,false,200,0,true,0,true,https://servicesartisans.fr/image-sitemap.xmlhttps://servicesartisans.fr/sitemap/static.xml,2
20,https://servicesartisans.fr/blog/prix-chauffagiste-nantes-2026,Prix Chauffagiste Nantes 2026 — Tarifs et Devis Gratuit | ServicesArtisans,text/html; charset=utf-8,false,200,0,true,0,true,https://servicesartisans.fr/image-sitemap.xmlhttps://servicesartisans.fr/sitemap/static.xml,2
20,https://servicesartisans.fr/blog/prix-architecte-interieur-2026-tarifs,Prix Architecte d'Intérieur 2026 — Devis Gratuit | ServicesArtisans,text/html; charset=utf-8,false,200,0,true,0,true,https://servicesartisans.fr/image-sitemap.xmlhttps://servicesartisans.fr/sitemap/static.xml,2
20,https://servicesartisans.fr/blog/tarifs-plombier-grandes-villes,Tarifs Plombier par Ville 2026 : Paris vs Lyon... | ServicesArtisans,text/html; charset=utf-8,false,200,0,true,0,true,https://servicesartisans.fr/image-sitemap.xmlhttps://servicesartisans.fr/sitemap/static.xml,2
20,https://servicesartisans.fr/blog/prix-storiste-2026-tarifs-stores-volets,Prix Storiste 2026 — Devis Gratuit | Tarifs | ServicesArtisans,text/html; charset=utf-8,false,200,0,true,0,true,https://servicesartisans.fr/image-sitemap.xmlhttps://servicesartisans.fr/sitemap/static.xml,2
20,https://servicesartisans.fr/blog/prix-peintre-en-batiment-lyon-2026,Prix Peintre en bâtiment Lyon 2026 — Tarifs et Devis Gratuit | ServicesArtisans,text/html; charset=utf-8,false,200,0,true,0,true,https://servicesartisans.fr/image-sitemap.xmlhttps://servicesartisans.fr/sitemap/static.xml,2
20,https://servicesartisans.fr/blog/prix-borne-recharge-domicile-2026,Prix Borne de Recharge 2026 : Coûts et Aides | ServicesArtisans,text/html; charset=utf-8,false,200,0,true,0,true,https://servicesartisans.fr/image-sitemap.xmlhttps://servicesartisans.fr/sitemap/static.xml,2
20,https://servicesartisans.fr/blog/prix-ravalement-facade-2026,Prix Ravalement Façade 2026 : 40-300€/m² | ServicesArtisans,text/html; charset=utf-8,false,200,0,true,0,true,https://servicesartisans.fr/image-sitemap.xmlhttps://servicesartisans.fr/sitemap/static.xml,2
20,https://servicesartisans.fr/blog/climatisation-panne-canicule,Panne Clim Canicule 2026 : Urgence et Tarifs | ServicesArtisans,text/html; charset=utf-8,false,200,0,true,0,true,https://servicesartisans.fr/image-sitemap.xmlhttps://servicesartisans.fr/sitemap/static.xml,2
20,https://servicesartisans.fr/blog/prix-ascensoriste-2026-tarifs,Prix Ascensoriste 2026 — Devis Gratuit | ServicesArtisans,text/html; charset=utf-8,false,200,0,true,0,true,https://servicesartisans.fr/image-sitemap.xmlhttps://servicesartisans.fr/sitemap/static.xml,2
20,https://servicesartisans.fr/services/charpentier,Charpentier 2026 — Artisans Vérifiés en France | ServicesArtisans,text/html; charset=utf-8,false,200,0,true,0,true,https://servicesartisans.fr/image-sitemap.xmlhttps://servicesartisans.fr/sitemap/static.xml,2
20,https://servicesartisans.fr/blog/prix-serrurier-nice-2026,Prix Serrurier Nice 2026 — Tarifs et Devis Gratuit | ServicesArtisans,text/html; charset=utf-8,false,200,0,true,0,true,https://servicesartisans.fr/image-sitemap.xmlhttps://servicesartisans.fr/sitemap/static.xml,2
20,https://servicesartisans.fr/blog/peinture-interieure-diy-guide,Peinture Intérieure DIY : Tutoriel Complet 2026 | ServicesArtisans,text/html; charset=utf-8,false,200,0,true,0,true,https://servicesartisans.fr/image-sitemap.xmlhttps://servicesartisans.fr/sitemap/static.xml,2
20,https://servicesartisans.fr/services/peintre-en-batiment,Peintre en bâtiment France 2026 — Comparez + Devis | ServicesArtisans,text/html; charset=utf-8,false,200,0,true,0,true,https://servicesartisans.fr/image-sitemap.xmlhttps://servicesartisans.fr/sitemap/static.xml,2
20,https://servicesartisans.fr/blog/prix-remplacement-tableau-electrique-2026,Prix Tableau Électrique 2026 : 800-2 500€ | ServicesArtisans,text/html; charset=utf-8,false,200,0,true,0,true,https://servicesartisans.fr/image-sitemap.xmlhttps://servicesartisans.fr/sitemap/static.xml,2
20,https://servicesartisans.fr/blog/eco-ptz-2026-pret-taux-zero-renovation,Éco-PTZ 2026 : Jusqu'à 50 000€ à Taux Zéro — Guide 2026 | ServicesArtisans,text/html; charset=utf-8,false,200,0,true,0,true,https://servicesartisans.fr/image-sitemap.xmlhttps://servicesartisans.fr/sitemap/static.xml,2
20,https://servicesartisans.fr/blog/installer-parquet-massif-contrecolle-guide,"Parquet 2026 : Massif, Contrecollé ou Stratifié | ServicesArtisans",text/html; charset=utf-8,false,200,0,true,0,true,https://servicesartisans.fr/image-sitemap.xmlhttps://servicesartisans.fr/sitemap/static.xml,2
20,https://servicesartisans.fr/blog/porte-entree-guide-securite-isolation,"Porte d'Entrée 2026 : Sécurité, Prix et Aides | ServicesArtisans",text/html; charset=utf-8,false,200,0,true,0,true,https://servicesartisans.fr/image-sitemap.xmlhttps://servicesartisans.fr/sitemap/static.xml,2
20,https://servicesartisans.fr/blog/robinetterie-laiton-vs-inox,Robinetterie : Laiton vs Inox vs Zamak 2026 | ServicesArtisans,text/html; charset=utf-8,false,200,0,true,0,true,https://servicesartisans.fr/image-sitemap.xmlhttps://servicesartisans.fr/sitemap/static.xml,2
20,https://servicesartisans.fr/blog/serrure-bloquee-nuit-weekend,Serrurier Urgence Nuit/Weekend 2026 : Tarifs | ServicesArtisans,text/html; charset=utf-8,false,200,0,true,0,true,https://servicesartisans.fr/image-sitemap.xmlhttps://servicesartisans.fr/sitemap/static.xml,2
20,https://servicesartisans.fr/blog/prix-peintre-en-batiment-nantes-2026,Prix Peintre en bâtiment Nantes 2026 — Tarifs | ServicesArtisans,text/html; charset=utf-8,false,200,0,true,0,true,https://servicesartisans.fr/image-sitemap.xmlhttps://servicesartisans.fr/sitemap/static.xml,2
20,https://servicesartisans.fr/blog/label-rge-artisan-travaux-energetiques,Label RGE : Pourquoi C'est Indispensable | ServicesArtisans,text/html; charset=utf-8,false,200,0,true,0,true,https://servicesartisans.fr/image-sitemap.xmlhttps://servicesartisans.fr/sitemap/static.xml,2
20,https://servicesartisans.fr/blog/nettoyage-gouttiere-automne,Nettoyage Gouttières Automne 2026 : Prix | ServicesArtisans,text/html; charset=utf-8,false,200,0,true,0,true,https://servicesartisans.fr/image-sitemap.xmlhttps://servicesartisans.fr/sitemap/static.xml,2
20,https://servicesartisans.fr/blog/diagnostic-immobilier-obligatoire-liste,Diagnostics Immobiliers 2026 : Liste | ServicesArtisans,text/html; charset=utf-8,false,200,0,true,0,true,https://servicesartisans.fr/image-sitemap.xmlhttps://servicesartisans.fr/sitemap/static.xml,2
20,https://servicesartisans.fr/blog/choisir-artisan-guide-anti-arnaque-2026,Guide Anti-Arnaque Artisan 2026 : 15 Signaux | ServicesArtisans,text/html; charset=utf-8,false,200,0,true,0,true,https://servicesartisans.fr/image-sitemap.xmlhttps://servicesartisans.fr/sitemap/static.xml,2
20,https://servicesartisans.fr/blog/eco-pret-taux-zero-guide-complet-2026,Éco-PTZ 2026 : jusqu'à 50 000€ à taux zéro — Guide | ServicesArtisans,text/html; charset=utf-8,false,200,0,true,0,true,https://servicesartisans.fr/image-sitemap.xmlhttps://servicesartisans.fr/sitemap/static.xml,2
20,https://servicesartisans.fr/blog/comment-choisir-menuisier-guide,Choisir son Menuisier en 2026 : les critères | ServicesArtisans,text/html; charset=utf-8,false,200,0,true,0,true,https://servicesartisans.fr/image-sitemap.xmlhttps://servicesartisans.fr/sitemap/static.xml,2
20,https://servicesartisans.fr/blog/reglementation-ravalement-facade-obligations,Ravalement Façade : Obligations Légales | ServicesArtisans,text/html; charset=utf-8,false,200,0,true,0,true,https://servicesartisans.fr/image-sitemap.xmlhttps://servicesartisans.fr/sitemap/static.xml,2
20,https://servicesartisans.fr/blog/entretien-chauffe-eau-detartrage-annuel,Détartrage chauffe-eau : quand et combien | ServicesArtisans,text/html; charset=utf-8,false,200,0,true,0,true,https://servicesartisans.fr/image-sitemap.xmlhttps://servicesartisans.fr/sitemap/static.xml,2
20,https://servicesartisans.fr/services/facadier,Façadier France 2026 — Comparez + Devis | ServicesArtisans,text/html; charset=utf-8,false,200,0,true,0,true,https://servicesartisans.fr/image-sitemap.xmlhttps://servicesartisans.fr/sitemap/static.xml,2
20,https://servicesartisans.fr/blog/prix-peintre-en-batiment-toulouse-2026,Prix Peintre en bâtiment Toulouse 2026 — Tarifs | ServicesArtisans,text/html; charset=utf-8,false,200,0,true,0,true,https://servicesartisans.fr/image-sitemap.xmlhttps://servicesartisans.fr/sitemap/static.xml,2
20,https://servicesartisans.fr/services/poseur-de-parquet,Poseur de parquet France 2026 : Devis Gratuit | ServicesArtisans,text/html; charset=utf-8,false,200,0,true,0,true,https://servicesartisans.fr/image-sitemap.xmlhttps://servicesartisans.fr/sitemap/static.xml,2
20,https://servicesartisans.fr/blog/prix-renovation-cuisine-guide-complet-2026,Prix Cuisine 2026 : Guide Complet Rénovation | ServicesArtisans,text/html; charset=utf-8,false,200,0,true,0,true,https://servicesartisans.fr/image-sitemap.xmlhttps://servicesartisans.fr/sitemap/static.xml,2
20,https://servicesartisans.fr/blog/tva-reduite-travaux-renovation-guide,"TVA Travaux 2026 : 5,5%, 10% ou 20% ? | ServicesArtisans",text/html; charset=utf-8,false,200,0,true,0,true,https://servicesartisans.fr/image-sitemap.xmlhttps://servicesartisans.fr/sitemap/static.xml,2
20,https://servicesartisans.fr/blog/etancheite-toiture-terrasse-solutions,Étanchéité Toiture Terrasse : Solutions | ServicesArtisans,text/html; charset=utf-8,false,200,0,true,0,true,https://servicesartisans.fr/image-sitemap.xmlhttps://servicesartisans.fr/sitemap/static.xml,2
20,https://servicesartisans.fr/blog/vitre-cassee-urgence-securisation,Vitre Cassée Urgence : Sécurisation + Remplacement | ServicesArtisans,text/html; charset=utf-8,false,200,0,true,0,true,https://servicesartisans.fr/image-sitemap.xmlhttps://servicesartisans.fr/sitemap/static.xml,2
20,https://servicesartisans.fr/blog/prix-serrurier-strasbourg-2026,Prix Serrurier Strasbourg 2026 — Tarifs et Devis Gratuit | ServicesArtisans,text/html; charset=utf-8,false,200,0,true,0,true,https://servicesartisans.fr/image-sitemap.xmlhttps://servicesartisans.fr/sitemap/static.xml,2
20,https://servicesartisans.fr/blog/responsabilite-artisan-maitre-ouvrage,Responsabilité Artisan : Qui Paie Quoi ? | ServicesArtisans,text/html; charset=utf-8,false,200,0,true,0,true,https://servicesartisans.fr/image-sitemap.xmlhttps://servicesartisans.fr/sitemap/static.xml,2
20,https://servicesartisans.fr/blog/comment-deboucher-canalisation-naturellement,Déboucher Canalisation Naturellement : 5 Astuces | ServicesArtisans,text/html; charset=utf-8,false,200,0,true,0,true,https://servicesartisans.fr/image-sitemap.xmlhttps://servicesartisans.fr/sitemap/static.xml,2
20,https://servicesartisans.fr/blog/prix-peintre-en-batiment-strasbourg-2026,Prix Peintre en bâtiment Strasbourg 2026 — Tarifs | ServicesArtisans,text/html; charset=utf-8,false,200,0,true,0,true,https://servicesartisans.fr/image-sitemap.xmlhttps://servicesartisans.fr/sitemap/static.xml,2
20,https://servicesartisans.fr/blog/prix-terrassier-2026-tarifs-travaux,Prix Terrassier 2026 : Tarifs au m³ et Devis Gratuit | ServicesArtisans,text/html; charset=utf-8,false,200,0,true,0,true,https://servicesartisans.fr/image-sitemap.xmlhttps://servicesartisans.fr/sitemap/static.xml,2
20,https://servicesartisans.fr/blog/prix-pisciniste-2026-tarifs,Prix Pisciniste 2026 : 8 000-60 000€ — Devis Gratuit | ServicesArtisans,text/html; charset=utf-8,false,200,0,true,0,true,https://servicesartisans.fr/image-sitemap.xmlhttps://servicesartisans.fr/sitemap/static.xml,2
20,https://servicesartisans.fr/blog/prix-cloture-portail-2026,Prix Clôture et Portail 2026 : 15-600€/ml | ServicesArtisans,text/html; charset=utf-8,false,200,0,true,0,true,https://servicesartisans.fr/image-sitemap.xmlhttps://servicesartisans.fr/sitemap/static.xml,2
20,https://servicesartisans.fr/blog/prix-vmc-double-flux-2026,Prix VMC Double Flux 2026 : 4 000-8 000€ | ServicesArtisans,text/html; charset=utf-8,false,200,0,true,0,true,https://servicesartisans.fr/image-sitemap.xmlhttps://servicesartisans.fr/sitemap/static.xml,2
20,https://servicesartisans.fr/blog/entretien-climatisation-ete-2026,Entretien clim été 2026 : prix et obligations | ServicesArtisans,text/html; charset=utf-8,false,200,0,true,0,true,https://servicesartisans.fr/image-sitemap.xmlhttps://servicesartisans.fr/sitemap/static.xml,2
20,https://servicesartisans.fr/blog/preparer-maison-revente-travaux-rentables,Travaux Avant Revente : Guide Rentabilité 2026 | ServicesArtisans,text/html; charset=utf-8,false,200,0,true,0,true,https://servicesartisans.fr/image-sitemap.xmlhttps://servicesartisans.fr/sitemap/static.xml,2
20,https://servicesartisans.fr/blog/prix-geometre-2026-tarifs,Prix Géomètre 2026 — Devis Gratuit | ServicesArtisans,text/html; charset=utf-8,false,200,0,true,0,true,https://servicesartisans.fr/image-sitemap.xmlhttps://servicesartisans.fr/sitemap/static.xml,2
20,https://servicesartisans.fr/blog/degats-gel-canalisation,Gel Canalisations : Prévention et Réparation | ServicesArtisans,text/html; charset=utf-8,false,200,0,true,0,true,https://servicesartisans.fr/image-sitemap.xmlhttps://servicesartisans.fr/sitemap/static.xml,2
20,https://servicesartisans.fr/blog/prix-serrurier-paris-2026,Prix Serrurier Paris 2026 — Tarifs et Devis Gratuit | ServicesArtisans,text/html; charset=utf-8,false,200,0,true,0,true,https://servicesartisans.fr/image-sitemap.xmlhttps://servicesartisans.fr/sitemap/static.xml,2
20,https://servicesartisans.fr/blog/refaire-plomberie-maison-ancienne,Plomberie Maison Ancienne 2026 : Guide et Prix | ServicesArtisans,text/html; charset=utf-8,false,200,0,true,0,true,https://servicesartisans.fr/image-sitemap.xmlhttps://servicesartisans.fr/sitemap/static.xml,2
20,https://servicesartisans.fr/services/electricien,Électricien France 2026 : Devis Gratuit | ServicesArtisans,text/html; charset=utf-8,false,200,0,true,0,true,https://servicesartisans.fr/image-sitemap.xmlhttps://servicesartisans.fr/sitemap/static.xml,2
20,https://servicesartisans.fr/blog/aide-maprimerenov-2026-montants-conditions,MaPrimeRénov' 2026 : jusqu'à 40 000€ — Barème complet | ServicesArtisans,text/html; charset=utf-8,false,200,0,true,0,true,https://servicesartisans.fr/image-sitemap.xmlhttps://servicesartisans.fr/sitemap/static.xml,2
20,https://servicesartisans.fr/blog/comment-changer-joint-robinet,Changer Joint Robinet qui Fuit : Tutoriel DIY | ServicesArtisans,text/html; charset=utf-8,false,200,0,true,0,true,https://servicesartisans.fr/image-sitemap.xmlhttps://servicesartisans.fr/sitemap/static.xml,2
20,https://servicesartisans.fr/services/carreleur,Carreleur 2026 — Artisans Vérifiés en France | ServicesArtisans,text/html; charset=utf-8,false,200,0,true,0,true,https://servicesartisans.fr/image-sitemap.xmlhttps://servicesartisans.fr/sitemap/static.xml,2
20,https://servicesartisans.fr/blog/prix-chauffagiste-lyon-2026,Prix Chauffagiste Lyon 2026 — Tarifs et Devis Gratuit | ServicesArtisans,text/html; charset=utf-8,false,200,0,true,0,true,https://servicesartisans.fr/image-sitemap.xmlhttps://servicesartisans.fr/sitemap/static.xml,2
20,https://servicesartisans.fr/blog/prix-electricien-lille-2026,Prix Électricien Lille 2026 — Tarifs et Devis Gratuit | ServicesArtisans,text/html; charset=utf-8,false,200,0,true,0,true,https://servicesartisans.fr/image-sitemap.xmlhttps://servicesartisans.fr/sitemap/static.xml,2
20,https://servicesartisans.fr/blog/comment-changer-interrupteur,Changer un Interrupteur : Tutoriel Sécurité | ServicesArtisans,text/html; charset=utf-8,false,200,0,true,0,true,https://servicesartisans.fr/image-sitemap.xmlhttps://servicesartisans.fr/sitemap/static.xml,2
20,https://servicesartisans.fr/blog/comment-choisir-etancheiste-guide,Comment Choisir Son Étanchéiste : Guide 2026 | ServicesArtisans,text/html; charset=utf-8,false,200,0,true,0,true,https://servicesartisans.fr/image-sitemap.xmlhttps://servicesartisans.fr/sitemap/static.xml,2
20,https://servicesartisans.fr/blog/installer-etageres-rangement-diy,Étagères Murales DIY : Guide Fixation 2026 | ServicesArtisans,text/html; charset=utf-8,false,200,0,true,0,true,https://servicesartisans.fr/image-sitemap.xmlhttps://servicesartisans.fr/sitemap/static.xml,2
20,https://servicesartisans.fr/blog/accessibilite-pmr-logement-normes,Accessibilité PMR : jusqu'à 15 400€ d'aide en 2026 | ServicesArtisans,text/html; charset=utf-8,false,200,0,true,0,true,https://servicesartisans.fr/image-sitemap.xmlhttps://servicesartisans.fr/sitemap/static.xml,2
20,https://servicesartisans.fr/villes/le-mans,Artisans à Le Mans 2026 — Comparez & choisissez | ServicesArtisans,text/html; charset=utf-8,false,200,0,true,0,true,https://servicesartisans.fr/image-sitemap.xmlhttps://servicesartisans.fr/sitemap/cities.xml,2
20,https://servicesartisans.fr/blog/devis-travaux-comment-comparer-choisir,Comparer des Devis Travaux : 5 critères clés | ServicesArtisans,text/html; charset=utf-8,false,200,0,true,0,true,https://servicesartisans.fr/image-sitemap.xmlhttps://servicesartisans.fr/sitemap/static.xml,2
20,https://servicesartisans.fr/blog/index-prix-travaux-2026,Index Prix Travaux France 2026 : +18% depuis 2022 | ServicesArtisans,text/html; charset=utf-8,false,200,0,true,0,true,https://servicesartisans.fr/image-sitemap.xmlhttps://servicesartisans.fr/sitemap/static.xml,2
20,https://servicesartisans.fr/blog/renover-cuisine-guide-complet-etapes,Rénover sa Cuisine 2026 : Étapes et Budget | ServicesArtisans,text/html; charset=utf-8,false,200,0,true,0,true,https://servicesartisans.fr/image-sitemap.xmlhttps://servicesartisans.fr/sitemap/static.xml,2
20,https://servicesartisans.fr/blog/prix-piscine-enterree-2026-guide,Prix Piscine Enterrée 2026 : 15 000-60 000€ | ServicesArtisans,text/html; charset=utf-8,false,200,0,true,0,true,https://servicesartisans.fr/image-sitemap.xmlhttps://servicesartisans.fr/sitemap/static.xml,2
20,https://servicesartisans.fr/blog/prix-ramoneur-2026-tarifs,Prix Ramoneur 2026 : 50-150€ — Devis Gratuit | ServicesArtisans,text/html; charset=utf-8,false,200,0,true,0,true,https://servicesartisans.fr/image-sitemap.xmlhttps://servicesartisans.fr/sitemap/static.xml,2
20,https://servicesartisans.fr/blog/isolation-maison-guide-ultime-2026,"Isolation Maison 2026 : Prix, ROI et Aides | ServicesArtisans",text/html; charset=utf-8,false,200,0,true,0,true,https://servicesartisans.fr/image-sitemap.xmlhttps://servicesartisans.fr/sitemap/static.xml,2
20,https://servicesartisans.fr/services/macon,Maçon France 2026 : Devis Gratuit | ServicesArtisans,text/html; charset=utf-8,false,200,0,true,0,true,https://servicesartisans.fr/image-sitemap.xmlhttps://servicesartisans.fr/sitemap/static.xml,2
20,https://servicesartisans.fr/blog/prix-electricien-2026-tarifs-travaux,Prix Électricien 2026 : Tarif Horaire 40-85€/h + Mise aux Normes | ServicesArtisans,text/html; charset=utf-8,false,200,0,true,0,true,https://servicesartisans.fr/image-sitemap.xmlhttps://servicesartisans.fr/sitemap/static.xml,2
20,https://servicesartisans.fr/blog/diy-travaux-soi-meme-ou-artisan,DIY ou Artisan ? Guide Travaux Maison 2026 | ServicesArtisans,text/html; charset=utf-8,false,200,0,true,0,true,https://servicesartisans.fr/image-sitemap.xmlhttps://servicesartisans.fr/sitemap/static.xml,2
20,https://servicesartisans.fr/blog/prix-travaux-sud-france,"Prix Travaux Sud France 2026 : PACA, Occitanie | ServicesArtisans",text/html; charset=utf-8,false,200,0,true,0,true,https://servicesartisans.fr/image-sitemap.xmlhttps://servicesartisans.fr/sitemap/static.xml,2
20,https://servicesartisans.fr/blog/prix-plombier-2026-tarifs-horaires,"Prix Plombier 2026 : Tarifs Dépannage, Réparation et Devis Gratuit | ServicesArtisans",text/html; charset=utf-8,false,200,0,true,0,true,https://servicesartisans.fr/image-sitemap.xmlhttps://servicesartisans.fr/sitemap/static.xml,2
20,https://servicesartisans.fr/blog/prix-pompe-a-chaleur-2026,Prix Pompe à Chaleur 2026 : Tarifs et Aides | ServicesArtisans,text/html; charset=utf-8,false,200,0,true,0,true,https://servicesartisans.fr/image-sitemap.xmlhttps://servicesartisans.fr/sitemap/static.xml,2
20,https://servicesartisans.fr/villes/montpellier,Artisans Montpellier (34) 2026 — Devis gratuit | ServicesArtisans,text/html; charset=utf-8,false,200,0,true,0,true,https://servicesartisans.fr/image-sitemap.xmlhttps://servicesartisans.fr/sitemap/cities.xml,2
20,https://servicesartisans.fr/blog/installer-climatisation-maison-guide,Climatisation 2026 : Guide et Devis Gratuit | ServicesArtisans,text/html; charset=utf-8,false,200,0,true,0,true,https://servicesartisans.fr/image-sitemap.xmlhttps://servicesartisans.fr/sitemap/static.xml,2
20,https://servicesartisans.fr/blog/bruit-tuyauterie-causes-solutions,Bruit Tuyauterie : Causes + Solutions DIY | ServicesArtisans,text/html; charset=utf-8,false,200,0,true,0,true,https://servicesartisans.fr/image-sitemap.xmlhttps://servicesartisans.fr/sitemap/static.xml,2
20,https://servicesartisans.fr/services/menuisier,Menuisier France 2026 : Devis Gratuit | ServicesArtisans,text/html; charset=utf-8,false,200,0,true,0,true,https://servicesartisans.fr/image-sitemap.xmlhttps://servicesartisans.fr/sitemap/static.xml,2
20,https://servicesartisans.fr/blog/tendances-cuisine-2026,Tendances Cuisine 2026 : Idées et Budget | ServicesArtisans,text/html; charset=utf-8,false,200,0,true,0,true,https://servicesartisans.fr/image-sitemap.xmlhttps://servicesartisans.fr/sitemap/static.xml,2
20,https://servicesartisans.fr/blog/metier-plombier-formations-competences,Métier Plombier : Formation et Carrière | ServicesArtisans,text/html; charset=utf-8,false,200,0,true,0,true,https://servicesartisans.fr/image-sitemap.xmlhttps://servicesartisans.fr/sitemap/static.xml,2
20,https://servicesartisans.fr/blog/comment-choisir-pisciniste-guide,Choisir son Pisciniste 2026 : Guide Complet | ServicesArtisans,text/html; charset=utf-8,false,200,0,true,0,true,https://servicesartisans.fr/image-sitemap.xmlhttps://servicesartisans.fr/sitemap/static.xml,2
20,https://servicesartisans.fr/questions/isoler-combles-soi-meme,Peut-on isoler ses combles soi-même ? | ServicesArtisans | ServicesArtisans,text/html; charset=utf-8,false,200,0,true,0,true,https://servicesartisans.fr/sitemap/static.xml,2
20,https://servicesartisans.fr/blog/comment-choisir-antenniste-guide,Choisir son Antenniste 2026 : Guide Pratique | ServicesArtisans,text/html; charset=utf-8,false,200,0,true,0,true,https://servicesartisans.fr/image-sitemap.xmlhttps://servicesartisans.fr/sitemap/static.xml,2
20,https://servicesartisans.fr/blog/comment-choisir-zingueur-guide,Choisir son Zingueur 2026 : Guide + Devis | ServicesArtisans,text/html; charset=utf-8,false,200,0,true,0,true,https://servicesartisans.fr/image-sitemap.xmlhttps://servicesartisans.fr/sitemap/static.xml,2
20,https://servicesartisans.fr/blog/comment-refaire-electricite-appartement,Refaire Électricité Appartement : Guide 2026 | ServicesArtisans,text/html; charset=utf-8,false,200,0,true,0,true,https://servicesartisans.fr/image-sitemap.xmlhttps://servicesartisans.fr/sitemap/static.xml,2
20,https://servicesartisans.fr/blog/comment-choisir-vitrier-guide,Choisir son Vitrier : guide urgence 2026 | ServicesArtisans,text/html; charset=utf-8,false,200,0,true,0,true,https://servicesartisans.fr/image-sitemap.xmlhttps://servicesartisans.fr/sitemap/static.xml,2
20,https://servicesartisans.fr/services/platrier,Plâtrier 2026 — Artisans Vérifiés en France | ServicesArtisans,text/html; charset=utf-8,false,200,0,true,0,true,https://servicesartisans.fr/image-sitemap.xmlhttps://servicesartisans.fr/sitemap/static.xml,2
20,https://servicesartisans.fr/blog/prix-peintre-batiment-2026-guide-complet,Prix Peintre 2026 : 20-45€/m² — Tarifs par pièce | ServicesArtisans,text/html; charset=utf-8,false,200,0,true,0,true,https://servicesartisans.fr/image-sitemap.xmlhttps://servicesartisans.fr/sitemap/static.xml,2
20,https://servicesartisans.fr/blog/parquet-flottant-guide-choix,Parquet Flottant 2026 : Guide de Choix et Prix | ServicesArtisans,text/html; charset=utf-8,false,200,0,true,0,true,https://servicesartisans.fr/image-sitemap.xmlhttps://servicesartisans.fr/sitemap/static.xml,2
20,https://servicesartisans.fr/blog/metier-menuisier-bois-alu-pvc,"Métier Menuisier : Bois, Alu et PVC | ServicesArtisans",text/html; charset=utf-8,false,200,0,true,0,true,https://servicesartisans.fr/image-sitemap.xmlhttps://servicesartisans.fr/sitemap/static.xml,2
20,https://servicesartisans.fr/blog/prix-chauffagiste-marseille-2026,Prix Chauffagiste Marseille 2026 — Tarifs et Devis Gratuit | ServicesArtisans,text/html; charset=utf-8,false,200,0,true,0,true,https://servicesartisans.fr/image-sitemap.xmlhttps://servicesartisans.fr/sitemap/static.xml,2
20,https://servicesartisans.fr/blog/metier-macon-specialisations-carrieres,Métier Maçon : Spécialisations | ServicesArtisans,text/html; charset=utf-8,false,200,0,true,0,true,https://servicesartisans.fr/image-sitemap.xmlhttps://servicesartisans.fr/sitemap/static.xml,2
20,https://servicesartisans.fr/blog/droits-obligations-travaux-chez-soi,Travaux à Domicile : droits et obligations 2026 | ServicesArtisans,text/html; charset=utf-8,false,200,0,true,0,true,https://servicesartisans.fr/image-sitemap.xmlhttps://servicesartisans.fr/sitemap/static.xml,2
20,https://servicesartisans.fr/blog/humidite-mur-interieur-traitement-2026,Humidité Mur 2026 : Diagnostic + Traitement | ServicesArtisans,text/html; charset=utf-8,false,200,0,true,0,true,https://servicesartisans.fr/image-sitemap.xmlhttps://servicesartisans.fr/sitemap/static.xml,2
20,https://servicesartisans.fr/blog/renover-facade-ravalement-guide,"Ravalement Façade 2026 : Types, Prix et Devis | ServicesArtisans",text/html; charset=utf-8,false,200,0,true,0,true,https://servicesartisans.fr/image-sitemap.xmlhttps://servicesartisans.fr/sitemap/static.xml,2
20,https://servicesartisans.fr/blog/prix-plombier-montpellier-2026,Prix Plombier Montpellier 2026 — Tarifs et Devis Gratuit | ServicesArtisans,text/html; charset=utf-8,false,200,0,true,0,true,https://servicesartisans.fr/image-sitemap.xmlhttps://servicesartisans.fr/sitemap/static.xml,2
20,https://servicesartisans.fr/blog/comment-choisir-cuisine-equipee-guide,Choisir sa Cuisine Équipée : Guide 2026 | ServicesArtisans,text/html; charset=utf-8,false,200,0,true,0,true,https://servicesartisans.fr/image-sitemap.xmlhttps://servicesartisans.fr/sitemap/static.xml,2
20,https://servicesartisans.fr/blog/fuite-eau-que-faire-urgence,Fuite d'Eau Urgence : Gestes Immédiats + Plombier | ServicesArtisans,text/html; charset=utf-8,false,200,0,true,0,true,https://servicesartisans.fr/image-sitemap.xmlhttps://servicesartisans.fr/sitemap/static.xml,2
20,https://servicesartisans.fr/blog/comment-choisir-architecte-interieur-guide,Architecte d'Intérieur 2026 : Guide de Choix | ServicesArtisans,text/html; charset=utf-8,false,200,0,true,0,true,https://servicesartisans.fr/image-sitemap.xmlhttps://servicesartisans.fr/sitemap/static.xml,2
20,https://servicesartisans.fr/blog/comment-choisir-domoticien-guide,Choisir son Domoticien 2026 : Guide Complet | ServicesArtisans,text/html; charset=utf-8,false,200,0,true,0,true,https://servicesartisans.fr/image-sitemap.xmlhttps://servicesartisans.fr/sitemap/static.xml,2
20,https://servicesartisans.fr/blog/alarme-maison-guide-complet-2026,Alarme Maison 2026 : Comparatif et Prix | ServicesArtisans,text/html; charset=utf-8,false,200,0,true,0,true,https://servicesartisans.fr/image-sitemap.xmlhttps://servicesartisans.fr/sitemap/static.xml,2
20,https://servicesartisans.fr/blog/comment-verifier-artisan-avant-engager,Vérifier un Artisan avant de signer (Guide 2026) | ServicesArtisans,text/html; charset=utf-8,false,200,0,true,0,true,https://servicesartisans.fr/image-sitemap.xmlhttps://servicesartisans.fr/sitemap/static.xml,2
20,https://servicesartisans.fr/blog/chauffage-pompe-chaleur-vs-chaudiere-gaz-2026,PAC vs Chaudière Gaz 2026 : le vrai comparatif | ServicesArtisans,text/html; charset=utf-8,false,200,0,true,0,true,https://servicesartisans.fr/image-sitemap.xmlhttps://servicesartisans.fr/sitemap/static.xml,2
20,https://servicesartisans.fr/blog/prix-ferronnier-2026-tarifs-ferronnerie,Prix Ferronnier 2026 — Devis Gratuit | Tarifs | ServicesArtisans,text/html; charset=utf-8,false,200,0,true,0,true,https://servicesartisans.fr/image-sitemap.xmlhttps://servicesartisans.fr/sitemap/static.xml,2
20,https://servicesartisans.fr/blog/comment-fixer-meuble-mur-placo,Fixer Meuble Lourd sur Placo : Guide DIY 2026 | ServicesArtisans,text/html; charset=utf-8,false,200,0,true,0,true,https://servicesartisans.fr/image-sitemap.xmlhttps://servicesartisans.fr/sitemap/static.xml,2
20,https://servicesartisans.fr/villes/nantes,Nantes : 46 métiers d'artisans — Devis 2026 | ServicesArtisans,text/html; charset=utf-8,false,200,0,true,0,true,https://servicesartisans.fr/image-sitemap.xmlhttps://servicesartisans.fr/sitemap/cities.xml,2
20,https://servicesartisans.fr/blog/amiante-plomb-diagnostic-avant-travaux,Amiante et Plomb : Diagnostics Travaux | ServicesArtisans,text/html; charset=utf-8,false,200,0,true,0,true,https://servicesartisans.fr/image-sitemap.xmlhttps://servicesartisans.fr/sitemap/static.xml,2
20,https://servicesartisans.fr/blog/preparer-chauffage-hiver-2026-check-list,Chauffage hiver 2026 : check-list entretien | ServicesArtisans,text/html; charset=utf-8,false,200,0,true,0,true,https://servicesartisans.fr/image-sitemap.xmlhttps://servicesartisans.fr/sitemap/static.xml,2
20,https://servicesartisans.fr/blog/hivernage-piscine-guide-complet,Hivernage piscine : guide actif vs passif | ServicesArtisans,text/html; charset=utf-8,false,200,0,true,0,true,https://servicesartisans.fr/image-sitemap.xmlhttps://servicesartisans.fr/sitemap/static.xml,2
20,https://servicesartisans.fr/blog/assurance-dommages-ouvrage-guide-complet,Dommages-Ouvrage : obligatoire ? (Guide 2026) | ServicesArtisans,text/html; charset=utf-8,false,200,0,true,0,true,https://servicesartisans.fr/image-sitemap.xmlhttps://servicesartisans.fr/sitemap/static.xml,2
20,https://servicesartisans.fr/blog/comment-installer-mitigeur-douche,Installer Mitigeur Douche DIY : Tutoriel 2026 | ServicesArtisans,text/html; charset=utf-8,false,200,0,true,0,true,https://servicesartisans.fr/image-sitemap.xmlhttps://servicesartisans.fr/sitemap/static.xml,2
20,https://servicesartisans.fr/villes/bordeaux,Artisans Bordeaux (33) 2026 — Devis gratuit | ServicesArtisans,text/html; charset=utf-8,false,200,0,true,0,true,https://servicesartisans.fr/image-sitemap.xmlhttps://servicesartisans.fr/sitemap/cities.xml,2
20,https://servicesartisans.fr/blog/comment-installer-store-fenetre,Installer un Store Fenêtre DIY : Tutoriel 2026 | ServicesArtisans,text/html; charset=utf-8,false,200,0,true,0,true,https://servicesartisans.fr/image-sitemap.xmlhttps://servicesartisans.fr/sitemap/static.xml,2
20,https://servicesartisans.fr/blog/prix-isolation-thermique-2026-tarifs,Prix Isolation Thermique 2026 : Devis Gratuit | ServicesArtisans,text/html; charset=utf-8,false,200,0,true,0,true,https://servicesartisans.fr/image-sitemap.xmlhttps://servicesartisans.fr/sitemap/static.xml,2
20,https://servicesartisans.fr/blog/cout-renovation-par-region,Prix Rénovation par Région 2026 : 450-3 500€/m² | ServicesArtisans,text/html; charset=utf-8,false,200,0,true,0,true,https://servicesartisans.fr/image-sitemap.xmlhttps://servicesartisans.fr/sitemap/static.xml,2
20,https://servicesartisans.fr/blog/renovation-energetique-aides-2026,Aides Rénovation 2026 : jusqu'à 80% financés — Guide | ServicesArtisans,text/html; charset=utf-8,false,200,0,true,0,true,https://servicesartisans.fr/image-sitemap.xmlhttps://servicesartisans.fr/sitemap/static.xml,2
20,https://servicesartisans.fr/avis,Avis Artisans Vérifiés 2026 — Choisir un pro de confiance | ServicesArtisans,text/html; charset=utf-8,false,200,0,true,0,true,https://servicesartisans.fr/sitemap/avis-services.xmlhttps://servicesartisans.fr/sitemap/static.xml,2
20,https://servicesartisans.fr/services/couvreur,Couvreur France 2026 : Devis Gratuit | ServicesArtisans,text/html; charset=utf-8,false,200,0,true,0,true,https://servicesartisans.fr/image-sitemap.xmlhttps://servicesartisans.fr/sitemap/static.xml,2
20,https://servicesartisans.fr/blog/comment-remplacer-joint-fenetre,Remplacer Joint Fenêtre : Isolation DIY 2026 | ServicesArtisans,text/html; charset=utf-8,false,200,0,true,0,true,https://servicesartisans.fr/image-sitemap.xmlhttps://servicesartisans.fr/sitemap/static.xml,2
20,https://servicesartisans.fr/blog/comment-choisir-couvreur-guide,Choisir son Couvreur : éviter les pièges 2026 | ServicesArtisans,text/html; charset=utf-8,false,200,0,true,0,true,https://servicesartisans.fr/image-sitemap.xmlhttps://servicesartisans.fr/sitemap/static.xml,2
20,https://servicesartisans.fr/blog/prix-chauffagiste-strasbourg-2026,Prix Chauffagiste Strasbourg 2026 — Tarifs et Devis Gratuit | ServicesArtisans,text/html; charset=utf-8,false,200,0,true,0,true,https://servicesartisans.fr/image-sitemap.xmlhttps://servicesartisans.fr/sitemap/static.xml,2
20,https://servicesartisans.fr/villes/lille,Artisans à Lille 2026 — Comparez & choisissez | ServicesArtisans,text/html; charset=utf-8,false,200,0,true,0,true,https://servicesartisans.fr/image-sitemap.xmlhttps://servicesartisans.fr/sitemap/cities.xml,2
20,https://servicesartisans.fr/services/plombier,Plombier France 2026 : Devis Gratuit | ServicesArtisans,text/html; charset=utf-8,false,200,0,true,0,true,https://servicesartisans.fr/image-sitemap.xmlhttps://servicesartisans.fr/sitemap/static.xml,2
20,https://servicesartisans.fr/blog/prix-remplacement-baignoire-douche-2026,Baignoire → Douche 2026 : 2 500-8 000€ | ServicesArtisans,text/html; charset=utf-8,false,200,0,true,0,true,https://servicesartisans.fr/image-sitemap.xmlhttps://servicesartisans.fr/sitemap/static.xml,2
20,https://servicesartisans.fr/blog/comment-choisir-geometre-guide,Géomètre-Expert 2026 : Guide et Tarifs | ServicesArtisans,text/html; charset=utf-8,false,200,0,true,0,true,https://servicesartisans.fr/image-sitemap.xmlhttps://servicesartisans.fr/sitemap/static.xml,2
20,https://servicesartisans.fr/blog/prix-peintre-en-batiment-montpellier-2026,Prix Peintre en bâtiment Montpellier 2026 — Tarifs | ServicesArtisans,text/html; charset=utf-8,false,200,0,true,0,true,https://servicesartisans.fr/image-sitemap.xmlhttps://servicesartisans.fr/sitemap/static.xml,2
20,https://servicesartisans.fr/blog/prix-peintre-en-batiment-lille-2026,Prix Peintre en bâtiment Lille 2026 — Tarifs | ServicesArtisans,text/html; charset=utf-8,false,200,0,true,0,true,https://servicesartisans.fr/image-sitemap.xmlhttps://servicesartisans.fr/sitemap/static.xml,2
20,https://servicesartisans.fr/blog/nuisibles-maison-prevention-traitement,Nuisibles : Prévention et Traitement | ServicesArtisans,text/html; charset=utf-8,false,200,0,true,0,true,https://servicesartisans.fr/image-sitemap.xmlhttps://servicesartisans.fr/sitemap/static.xml,2
20,https://servicesartisans.fr/blog/prix-serrurier-toulouse-2026,Prix Serrurier Toulouse 2026 — Tarifs et Devis Gratuit | ServicesArtisans,text/html; charset=utf-8,false,200,0,true,0,true,https://servicesartisans.fr/image-sitemap.xmlhttps://servicesartisans.fr/sitemap/static.xml,2
20,https://servicesartisans.fr/blog/garantie-decennale-tout-savoir,Garantie Décennale : 10 ans de protection — Guide 2026 | ServicesArtisans,text/html; charset=utf-8,false,200,0,true,0,true,https://servicesartisans.fr/image-sitemap.xmlhttps://servicesartisans.fr/sitemap/static.xml,2
20,https://servicesartisans.fr/blog/prix-etancheiste-2026-tarifs-etancheite,Prix Étanchéiste 2026 : Tarifs au m² et Devis Gratuit | ServicesArtisans,text/html; charset=utf-8,false,200,0,true,0,true,https://servicesartisans.fr/image-sitemap.xmlhttps://servicesartisans.fr/sitemap/static.xml,2
20,https://servicesartisans.fr/services/nettoyage,Nettoyage professionnel : Artisans Vérifiés + Devis… | ServicesArtisans,text/html; charset=utf-8,false,200,0,true,0,true,https://servicesartisans.fr/image-sitemap.xmlhttps://servicesartisans.fr/sitemap/static.xml,2
20,https://servicesartisans.fr/blog/prix-toiture-complete-refection-2026,Prix Toiture 2026 : 100-300€/m² Complet | ServicesArtisans,text/html; charset=utf-8,false,200,0,true,0,true,https://servicesartisans.fr/image-sitemap.xmlhttps://servicesartisans.fr/sitemap/static.xml,2
20,https://servicesartisans.fr/blog/chauffe-eau-thermodynamique-guide,Chauffe-Eau Thermodynamique 2026 : Prix et Aides | ServicesArtisans,text/html; charset=utf-8,false,200,0,true,0,true,https://servicesartisans.fr/image-sitemap.xmlhttps://servicesartisans.fr/sitemap/static.xml,2
20,https://servicesartisans.fr/blog/radiateur-ne-chauffe-pas-causes-solutions,Radiateur Froid : 7 Causes + Solutions Rapides | ServicesArtisans,text/html; charset=utf-8,false,200,0,true,0,true,https://servicesartisans.fr/image-sitemap.xmlhttps://servicesartisans.fr/sitemap/static.xml,2
20,https://servicesartisans.fr/villes/rennes,Artisans Rennes (35) 2026 — Devis gratuit | ServicesArtisans,text/html; charset=utf-8,false,200,0,true,0,true,https://servicesartisans.fr/image-sitemap.xmlhttps://servicesartisans.fr/sitemap/cities.xml,2
20,https://servicesartisans.fr/blog/reglementation-thermique-re2020-impact,RE2020 : Impact Construction et Rénovation | ServicesArtisans,text/html; charset=utf-8,false,200,0,true,0,true,https://servicesartisans.fr/image-sitemap.xmlhttps://servicesartisans.fr/sitemap/static.xml,2
20,https://servicesartisans.fr/blog/mon-accompagnateur-renov-2026-guide,Mon Accompagnateur Rénov' : Rôle et Obligation — Guide 2026 | ServicesArtisans,text/html; charset=utf-8,false,200,0,true,0,true,https://servicesartisans.fr/image-sitemap.xmlhttps://servicesartisans.fr/sitemap/static.xml,2
20,https://servicesartisans.fr/blog/qualibat-qualifelec-certifications-batiment,"Qualibat, Qualifelec, Qualit'EnR : Guide | ServicesArtisans",text/html; charset=utf-8,false,200,0,true,0,true,https://servicesartisans.fr/image-sitemap.xmlhttps://servicesartisans.fr/sitemap/static.xml,2
20,https://servicesartisans.fr/services/climaticien,Climaticien France 2026 : Devis Gratuit | ServicesArtisans,text/html; charset=utf-8,false,200,0,true,0,true,https://servicesartisans.fr/image-sitemap.xmlhttps://servicesartisans.fr/sitemap/static.xml,2
20,https://servicesartisans.fr/blog/comment-choisir-poseur-parquet-guide,Choisir son Poseur de Parquet 2026 : Guide | ServicesArtisans,text/html; charset=utf-8,false,200,0,true,0,true,https://servicesartisans.fr/image-sitemap.xmlhttps://servicesartisans.fr/sitemap/static.xml,2
20,https://servicesartisans.fr/blog/prix-renovation-energetique-2026-tarifs,Prix Rénovation Énergétique 2026 : Devis Gratuit | ServicesArtisans,text/html; charset=utf-8,false,200,0,true,0,true,https://servicesartisans.fr/image-sitemap.xmlhttps://servicesartisans.fr/sitemap/static.xml,2
20,https://servicesartisans.fr/blog/prix-terrasse-exterieure-2026,Prix Terrasse 2026 : 40-250€/m² — Comparatif | ServicesArtisans,text/html; charset=utf-8,false,200,0,true,0,true,https://servicesartisans.fr/image-sitemap.xmlhttps://servicesartisans.fr/sitemap/static.xml,2
20,https://servicesartisans.fr/blog/prix-zingueur-2026-tarifs-gouttiere,Prix Zingueur 2026 : Tarifs au ml et Devis Gratuit | ServicesArtisans,text/html; charset=utf-8,false,200,0,true,0,true,https://servicesartisans.fr/image-sitemap.xmlhttps://servicesartisans.fr/sitemap/static.xml,2
20,https://servicesartisans.fr/blog/prix-electricien-marseille-2026,Prix Électricien Marseille 2026 — Tarifs et Devis Gratuit | ServicesArtisans,text/html; charset=utf-8,false,200,0,true,0,true,https://servicesartisans.fr/image-sitemap.xmlhttps://servicesartisans.fr/sitemap/static.xml,2
20,https://servicesartisans.fr/villes/nice,Nice : 46 métiers d'artisans — Devis 2026 | ServicesArtisans,text/html; charset=utf-8,false,200,0,true,0,true,https://servicesartisans.fr/image-sitemap.xmlhttps://servicesartisans.fr/sitemap/cities.xml,2
20,https://servicesartisans.fr/blog/cumul-aides-renovation-2026-tableau,Cumul Aides Rénovation 2026 : Tableau Complet — Guide 2026 | ServicesArtisans,text/html; charset=utf-8,false,200,0,true,0,true,https://servicesartisans.fr/image-sitemap.xmlhttps://servicesartisans.fr/sitemap/static.xml,2
20,https://servicesartisans.fr/blog/comment-choisir-ascensoriste-guide,Choisir son Ascensoriste 2026 : Guide Complet | ServicesArtisans,text/html; charset=utf-8,false,200,0,true,0,true,https://servicesartisans.fr/image-sitemap.xmlhttps://servicesartisans.fr/sitemap/static.xml,2
20,https://servicesartisans.fr/blog/comment-choisir-miroitier-guide,Choisir son Miroitier 2026 : Guide Complet | ServicesArtisans,text/html; charset=utf-8,false,200,0,true,0,true,https://servicesartisans.fr/image-sitemap.xmlhttps://servicesartisans.fr/sitemap/static.xml,2
20,https://servicesartisans.fr/blog/remontees-capillaires-traitement-prix-2026,Remontées Capillaires 2026 : 80-300€/ml | ServicesArtisans,text/html; charset=utf-8,false,200,0,true,0,true,https://servicesartisans.fr/image-sitemap.xmlhttps://servicesartisans.fr/sitemap/static.xml,2
20,https://servicesartisans.fr/blog/prix-renovation-appartement-2026-budget,Prix Rénovation Appart 2026 : 200-2 500€/m² | ServicesArtisans,text/html; charset=utf-8,false,200,0,true,0,true,https://servicesartisans.fr/image-sitemap.xmlhttps://servicesartisans.fr/sitemap/static.xml,2
20,https://servicesartisans.fr/services/isolation-thermique,Isolation thermique : Tarifs 2026 + Devis Gratuit | ServicesArtisans,text/html; charset=utf-8,false,200,0,true,0,true,https://servicesartisans.fr/image-sitemap.xmlhttps://servicesartisans.fr/sitemap/static.xml,2
20,https://servicesartisans.fr/blog/serrure-cassee-porte-claquee-urgence,Porte Claquée/Serrure Cassée : Guide Anti-Arnaque | ServicesArtisans,text/html; charset=utf-8,false,200,0,true,0,true,https://servicesartisans.fr/image-sitemap.xmlhttps://servicesartisans.fr/sitemap/static.xml,2
20,https://servicesartisans.fr/blog/travaux-renovation-energetique-par-ou-commencer,Rénovation Énergétique 2026 : ordre des travaux | ServicesArtisans,text/html; charset=utf-8,false,200,0,true,0,true,https://servicesartisans.fr/image-sitemap.xmlhttps://servicesartisans.fr/sitemap/static.xml,2
20,https://servicesartisans.fr/villes/lyon,Lyon : 46 métiers d'artisans — Devis 2026 | ServicesArtisans,text/html; charset=utf-8,false,200,0,true,0,true,https://servicesartisans.fr/image-sitemap.xmlhttps://servicesartisans.fr/sitemap/cities.xml,2
20,https://servicesartisans.fr/blog/10-arnaques-courantes-batiment,10 Arnaques Bâtiment à Connaître en 2026 | ServicesArtisans,text/html; charset=utf-8,false,200,0,true,0,true,https://servicesartisans.fr/image-sitemap.xmlhttps://servicesartisans.fr/sitemap/static.xml,2
20,https://servicesartisans.fr/blog/metier-electricien-formations-certifications,Métier Électricien : Formations | ServicesArtisans,text/html; charset=utf-8,false,200,0,true,0,true,https://servicesartisans.fr/image-sitemap.xmlhttps://servicesartisans.fr/sitemap/static.xml,2
20,https://servicesartisans.fr/blog/agrandir-maison-extension-guide,Agrandir sa Maison 2026 : Options et Budget | ServicesArtisans,text/html; charset=utf-8,false,200,0,true,0,true,https://servicesartisans.fr/image-sitemap.xmlhttps://servicesartisans.fr/sitemap/static.xml,2
20,https://servicesartisans.fr/blog/securite-alarme-maison-guide-2026,Alarme Maison 2026 : Comparatif et Prix | ServicesArtisans,text/html; charset=utf-8,false,200,0,true,0,true,https://servicesartisans.fr/image-sitemap.xmlhttps://servicesartisans.fr/sitemap/static.xml,2
20,https://servicesartisans.fr/blog/prix-remplacement-chauffe-eau-2026,Prix Chauffe-Eau 2026 : 800-4 500€ Posé | ServicesArtisans,text/html; charset=utf-8,false,200,0,true,0,true,https://servicesartisans.fr/image-sitemap.xmlhttps://servicesartisans.fr/sitemap/static.xml,2
20,https://servicesartisans.fr/blog/taille-haies-arbres-reglementation-2026,Taille haies arbres 2026 : réglementation | ServicesArtisans,text/html; charset=utf-8,false,200,0,true,0,true,https://servicesartisans.fr/image-sitemap.xmlhttps://servicesartisans.fr/sitemap/static.xml,2
20,https://servicesartisans.fr/blog/amenagement-terrasse-exterieur-2026,Aménagement Terrasse 2026 : Idées et Budget | ServicesArtisans,text/html; charset=utf-8,false,200,0,true,0,true,https://servicesartisans.fr/image-sitemap.xmlhttps://servicesartisans.fr/sitemap/static.xml,2
20,https://servicesartisans.fr/blog/prix-serrurier-bordeaux-2026,Prix Serrurier Bordeaux 2026 — Tarifs et Devis Gratuit | ServicesArtisans,text/html; charset=utf-8,false,200,0,true,0,true,https://servicesartisans.fr/image-sitemap.xmlhttps://servicesartisans.fr/sitemap/static.xml,2
20,https://servicesartisans.fr/blog/beton-cire-vs-resine-vs-carrelage,Béton Ciré vs Résine vs Carrelage : Guide 2026 | ServicesArtisans,text/html; charset=utf-8,false,200,0,true,0,true,https://servicesartisans.fr/image-sitemap.xmlhttps://servicesartisans.fr/sitemap/static.xml,2
20,https://servicesartisans.fr/services/etancheiste,Étanchéiste : Artisans Vérifiés + Devis Gratuit | ServicesArtisans,text/html; charset=utf-8,false,200,0,true,0,true,https://servicesartisans.fr/image-sitemap.xmlhttps://servicesartisans.fr/sitemap/static.xml,2
20,https://servicesartisans.fr/services/jardinier,Jardinier : Artisans Vérifiés + Devis Gratuit | ServicesArtisans,text/html; charset=utf-8,false,200,0,true,0,true,https://servicesartisans.fr/image-sitemap.xmlhttps://servicesartisans.fr/sitemap/static.xml,2
20,https://servicesartisans.fr/blog/prix-metallier-2026-tarifs-travaux,Prix Métallier 2026 — Devis Gratuit | Tarifs | ServicesArtisans,text/html; charset=utf-8,false,200,0,true,0,true,https://servicesartisans.fr/image-sitemap.xmlhttps://servicesartisans.fr/sitemap/static.xml,2
20,https://servicesartisans.fr/blog/prix-solier-revetement-sol-2026,Prix Sol 2026 : 15-250€/m² — Comparatif complet | ServicesArtisans,text/html; charset=utf-8,false,200,0,true,0,true,https://servicesartisans.fr/image-sitemap.xmlhttps://servicesartisans.fr/sitemap/static.xml,2
20,https://servicesartisans.fr/services/storiste,Storiste 2026 — Artisans Vérifiés en France | ServicesArtisans,text/html; charset=utf-8,false,200,0,true,0,true,https://servicesartisans.fr/image-sitemap.xmlhttps://servicesartisans.fr/sitemap/static.xml,2
20,https://servicesartisans.fr/services/decorateur,Décorateur France 2026 : Devis Gratuit | ServicesArtisans,text/html; charset=utf-8,false,200,0,true,0,true,https://servicesartisans.fr/image-sitemap.xmlhttps://servicesartisans.fr/sitemap/static.xml,2
20,https://servicesartisans.fr/blog/comment-choisir-ferronnier-guide,Comment Choisir Son Ferronnier : Guide 2026 | ServicesArtisans,text/html; charset=utf-8,false,200,0,true,0,true,https://servicesartisans.fr/image-sitemap.xmlhttps://servicesartisans.fr/sitemap/static.xml,2
20,https://servicesartisans.fr/blog/travaux-augmentent-valeur-maison-2026,Travaux + Value Maison 2026 : Top 10 ROI | ServicesArtisans,text/html; charset=utf-8,false,200,0,true,0,true,https://servicesartisans.fr/image-sitemap.xmlhttps://servicesartisans.fr/sitemap/static.xml,2
20,https://servicesartisans.fr/blog/climatisation-reversible-guide,Clim Réversible 2026 : Prix et Installation | ServicesArtisans,text/html; charset=utf-8,false,200,0,true,0,true,https://servicesartisans.fr/image-sitemap.xmlhttps://servicesartisans.fr/sitemap/static.xml,2
20,https://servicesartisans.fr/blog/comment-choisir-installateur-panneaux-solaires-guide,Choisir Installateur Panneaux Solaires : Guide 2026 | ServicesArtisans,text/html; charset=utf-8,false,200,0,true,0,true,https://servicesartisans.fr/image-sitemap.xmlhttps://servicesartisans.fr/sitemap/static.xml,2
20,https://servicesartisans.fr/notre-processus-de-verification,Notre processus de vérification des artisans | ServicesArtisans,text/html; charset=utf-8,false,200,0,true,0,true,https://servicesartisans.fr/image-sitemap.xmlhttps://servicesartisans.fr/sitemap/static.xml,2
20,https://servicesartisans.fr/blog/comment-choisir-decorateur-guide,Comment Choisir Son Décorateur : Guide 2026 | ServicesArtisans,text/html; charset=utf-8,false,200,0,true,0,true,https://servicesartisans.fr/image-sitemap.xmlhttps://servicesartisans.fr/sitemap/static.xml,2
20,https://servicesartisans.fr/blog/prix-charpentier-2026-tarifs-charpente,Prix Charpentier 2026 : Tarifs au m² et Devis Gratuit | ServicesArtisans,text/html; charset=utf-8,false,200,0,true,0,true,https://servicesartisans.fr/image-sitemap.xmlhttps://servicesartisans.fr/sitemap/static.xml,2
20,https://servicesartisans.fr/blog/chaudiere-en-panne-hiver-urgence,Chaudière en Panne Hiver : Réflexes + Solutions | ServicesArtisans,text/html; charset=utf-8,false,200,0,true,0,true,https://servicesartisans.fr/image-sitemap.xmlhttps://servicesartisans.fr/sitemap/static.xml,2
20,https://servicesartisans.fr/services/diagnostiqueur,Diagnostiqueur : Tarifs 2026 + Devis Gratuit | ServicesArtisans,text/html; charset=utf-8,false,200,0,true,0,true,https://servicesartisans.fr/image-sitemap.xmlhttps://servicesartisans.fr/sitemap/static.xml,2
20,https://servicesartisans.fr/services/demenageur,Déménageur 2026 — Artisans Vérifiés en France | ServicesArtisans,text/html; charset=utf-8,false,200,0,true,0,true,https://servicesartisans.fr/image-sitemap.xmlhttps://servicesartisans.fr/sitemap/static.xml,2
20,https://servicesartisans.fr/blog/poele-a-bois-guide-2026,"Poêle à Bois 2026 : Guide, Prix et Aides | ServicesArtisans",text/html; charset=utf-8,false,200,0,true,0,true,https://servicesartisans.fr/image-sitemap.xmlhttps://servicesartisans.fr/sitemap/static.xml,2
20,https://servicesartisans.fr/blog/adaptation-logement-senior-aides-2026,Adaptation Logement Senior 2026 : Aides et Prix | ServicesArtisans,text/html; charset=utf-8,false,200,0,true,0,true,https://servicesartisans.fr/image-sitemap.xmlhttps://servicesartisans.fr/sitemap/static.xml,2
20,https://servicesartisans.fr/blog/prix-desinsectisation-2026-tarifs,Prix Désinsectisation 2026 : Devis Gratuit | ServicesArtisans,text/html; charset=utf-8,false,200,0,true,0,true,https://servicesartisans.fr/image-sitemap.xmlhttps://servicesartisans.fr/sitemap/static.xml,2
20,https://servicesartisans.fr/blog/guide-fenetre-double-vitrage,Fenêtres Double Vitrage 2026 : Prix et Aides | ServicesArtisans,text/html; charset=utf-8,false,200,0,true,0,true,https://servicesartisans.fr/image-sitemap.xmlhttps://servicesartisans.fr/sitemap/static.xml,2
20,https://servicesartisans.fr/services/borne-recharge,Borne de recharge : Tarifs 2026 + Devis Gratuit | ServicesArtisans,text/html; charset=utf-8,false,200,0,true,0,true,https://servicesartisans.fr/image-sitemap.xmlhttps://servicesartisans.fr/sitemap/static.xml,2
20,https://servicesartisans.fr/blog/isolation-combles-ete-preparation-hiver,Isolation combles en été : préparer l'hiver | ServicesArtisans,text/html; charset=utf-8,false,200,0,true,0,true,https://servicesartisans.fr/image-sitemap.xmlhttps://servicesartisans.fr/sitemap/static.xml,2
20,https://servicesartisans.fr/services/alarme-securite,Alarme et sécurité : Artisans Vérifiés + Devis Gratuit | ServicesArtisans,text/html; charset=utf-8,false,200,0,true,0,true,https://servicesartisans.fr/image-sitemap.xmlhttps://servicesartisans.fr/sitemap/static.xml,2
20,https://servicesartisans.fr/blog/metier-chauffagiste-pompe-chaleur,Métier Chauffagiste : Ère de la PAC | ServicesArtisans,text/html; charset=utf-8,false,200,0,true,0,true,https://servicesartisans.fr/image-sitemap.xmlhttps://servicesartisans.fr/sitemap/static.xml,2
20,https://servicesartisans.fr/blog/renovation-energetique-meilleure-saison,Rénovation énergétique : quelle saison ? | ServicesArtisans,text/html; charset=utf-8,false,200,0,true,0,true,https://servicesartisans.fr/image-sitemap.xmlhttps://servicesartisans.fr/sitemap/static.xml,2
20,https://servicesartisans.fr/blog/travaux-printemps-liste-priorites,Travaux de Printemps 2026 : Priorités | ServicesArtisans,text/html; charset=utf-8,false,200,0,true,0,true,https://servicesartisans.fr/image-sitemap.xmlhttps://servicesartisans.fr/sitemap/static.xml,2
20,https://servicesartisans.fr/blog/travaux-maison-par-ou-commencer-guide-2026,Travaux Maison : Par Où Commencer 2026 | ServicesArtisans,text/html; charset=utf-8,false,200,0,true,0,true,https://servicesartisans.fr/image-sitemap.xmlhttps://servicesartisans.fr/sitemap/static.xml,2
20,https://servicesartisans.fr/blog/renovation-combles-amenagement,Aménager ses Combles 2026 : Guide et Budget | ServicesArtisans,text/html; charset=utf-8,false,200,0,true,0,true,https://servicesartisans.fr/image-sitemap.xmlhttps://servicesartisans.fr/sitemap/static.xml,2
20,https://servicesartisans.fr/blog/comment-choisir-charpentier-guide,Comment Choisir Son Charpentier : Guide 2026 | ServicesArtisans,text/html; charset=utf-8,false,200,0,true,0,true,https://servicesartisans.fr/image-sitemap.xmlhttps://servicesartisans.fr/sitemap/static.xml,2
20,https://servicesartisans.fr/services/metallier,Métallier : Artisans Vérifiés + Devis Gratuit | ServicesArtisans,text/html; charset=utf-8,false,200,0,true,0,true,https://servicesartisans.fr/image-sitemap.xmlhttps://servicesartisans.fr/sitemap/static.xml,2
20,https://servicesartisans.fr/blog/reception-travaux-proces-verbal-reserves,Réception Travaux : PV et Réserves | ServicesArtisans,text/html; charset=utf-8,false,200,0,true,0,true,https://servicesartisans.fr/image-sitemap.xmlhttps://servicesartisans.fr/sitemap/static.xml,2
20,https://servicesartisans.fr/blog/certificats-economies-energie-cee-guide,CEE 2026 : jusqu'à 5 000€ de prime — Guide complet | ServicesArtisans,text/html; charset=utf-8,false,200,0,true,0,true,https://servicesartisans.fr/image-sitemap.xmlhttps://servicesartisans.fr/sitemap/static.xml,2
20,https://servicesartisans.fr/blog/panne-electricite-nuit-que-faire,Panne Électrique la Nuit : Diagnostic + Solutions | ServicesArtisans,text/html; charset=utf-8,false,200,0,true,0,true,https://servicesartisans.fr/image-sitemap.xmlhttps://servicesartisans.fr/sitemap/static.xml,2
20,https://servicesartisans.fr/services/solier,Solier-moquettiste France 2026 : Devis Gratuit | ServicesArtisans,text/html; charset=utf-8,false,200,0,true,0,true,https://servicesartisans.fr/image-sitemap.xmlhttps://servicesartisans.fr/sitemap/static.xml,2
20,https://servicesartisans.fr/blog/comment-installer-robinet-machine-laver,Installer Robinet Machine à Laver : Tutoriel | ServicesArtisans,text/html; charset=utf-8,false,200,0,true,0,true,https://servicesartisans.fr/image-sitemap.xmlhttps://servicesartisans.fr/sitemap/static.xml,2
20,https://servicesartisans.fr/blog/comment-choisir-ramoneur-guide,Comment Choisir Son Ramoneur : Guide 2026 | ServicesArtisans,text/html; charset=utf-8,false,200,0,true,0,true,https://servicesartisans.fr/image-sitemap.xmlhttps://servicesartisans.fr/sitemap/static.xml,2
20,https://servicesartisans.fr/blog/prix-plombier-paris-2026,Prix Plombier Paris 2026 — Tarifs et Devis Gratuit | ServicesArtisans,text/html; charset=utf-8,false,200,0,true,0,true,https://servicesartisans.fr/image-sitemap.xmlhttps://servicesartisans.fr/sitemap/static.xml,2
20,https://servicesartisans.fr/blog/menuiseries-bois-pvc-alu-comparatif,Menuiseries : Bois vs PVC vs Alu - Comparatif | ServicesArtisans,text/html; charset=utf-8,false,200,0,true,0,true,https://servicesartisans.fr/image-sitemap.xmlhttps://servicesartisans.fr/sitemap/static.xml,2
20,https://servicesartisans.fr/blog/prix-chauffagiste-toulouse-2026,Prix Chauffagiste Toulouse 2026 — Tarifs et Devis Gratuit | ServicesArtisans,text/html; charset=utf-8,false,200,0,true,0,true,https://servicesartisans.fr/image-sitemap.xmlhttps://servicesartisans.fr/sitemap/static.xml,2
20,https://servicesartisans.fr/blog/prix-peintre-en-batiment-bordeaux-2026,Prix Peintre en bâtiment Bordeaux 2026 — Tarifs | ServicesArtisans,text/html; charset=utf-8,false,200,0,true,0,true,https://servicesartisans.fr/image-sitemap.xmlhttps://servicesartisans.fr/sitemap/static.xml,2
20,https://servicesartisans.fr/blog/maprimerenov-guide-complet-2026,MaPrimeRénov' 2026 : Montants et Démarches | ServicesArtisans,text/html; charset=utf-8,false,200,0,true,0,true,https://servicesartisans.fr/image-sitemap.xmlhttps://servicesartisans.fr/sitemap/static.xml,2
20,https://servicesartisans.fr/comment-ca-marche,Comment ça marche — Trouvez un artisan | ServicesArtisans,text/html; charset=utf-8,false,200,0,true,0,true,https://servicesartisans.fr/image-sitemap.xmlhttps://servicesartisans.fr/sitemap/static.xml,2
20,https://servicesartisans.fr/blog/prix-decorateur-2026-tarifs,Prix Décorateur 2026 : 50-150€/h — Devis Gratuit | ServicesArtisans,text/html; charset=utf-8,false,200,0,true,0,true,https://servicesartisans.fr/image-sitemap.xmlhttps://servicesartisans.fr/sitemap/static.xml,2
20,https://servicesartisans.fr/blog/dpe-obligatoire-2026-guide,DPE Obligatoire 2026 : Guide Propriétaires | ServicesArtisans,text/html; charset=utf-8,false,200,0,true,0,true,https://servicesartisans.fr/image-sitemap.xmlhttps://servicesartisans.fr/sitemap/static.xml,2
20,https://servicesartisans.fr/blog/prix-pose-parquet-m2-2026,Prix Parquet 2026 : 20-120€/m² Posé | ServicesArtisans,text/html; charset=utf-8,false,200,0,true,0,true,https://servicesartisans.fr/image-sitemap.xmlhttps://servicesartisans.fr/sitemap/static.xml,2
20,https://servicesartisans.fr/blog/toiture-renovation-prix-2026,Rénovation Toiture 2026 : Prix au m² et Aides | ServicesArtisans,text/html; charset=utf-8,false,200,0,true,0,true,https://servicesartisans.fr/image-sitemap.xmlhttps://servicesartisans.fr/sitemap/static.xml,2
20,https://servicesartisans.fr/blog/prix-electricien-nice-2026,Prix Électricien Nice 2026 — Tarifs et Devis Gratuit | ServicesArtisans,text/html; charset=utf-8,false,200,0,true,0,true,https://servicesartisans.fr/image-sitemap.xmlhttps://servicesartisans.fr/sitemap/static.xml,2
20,https://servicesartisans.fr/blog/installer-vmc-ventilation-guide,VMC 2026 : Guide Ventilation et Qualité Air | ServicesArtisans,text/html; charset=utf-8,false,200,0,true,0,true,https://servicesartisans.fr/image-sitemap.xmlhttps://servicesartisans.fr/sitemap/static.xml,2
20,https://servicesartisans.fr/blog/comment-choisir-solier-guide,Choisir son Solier 2026 : Guide + Devis Gratuit | ServicesArtisans,text/html; charset=utf-8,false,200,0,true,0,true,https://servicesartisans.fr/image-sitemap.xmlhttps://servicesartisans.fr/sitemap/static.xml,2
20,https://servicesartisans.fr/blog/prix-macon-2026-gros-oeuvre-renovation,Prix Maçon 2026 : 40-85€/h — Gros œuvre et réno | ServicesArtisans,text/html; charset=utf-8,false,200,0,true,0,true,https://servicesartisans.fr/image-sitemap.xmlhttps://servicesartisans.fr/sitemap/static.xml,2
20,https://servicesartisans.fr/services/vitrier,Vitrier : Artisans Vérifiés + Devis Gratuit | ServicesArtisans,text/html; charset=utf-8,false,200,0,true,0,true,https://servicesartisans.fr/image-sitemap.xmlhttps://servicesartisans.fr/sitemap/static.xml,2
20,https://servicesartisans.fr/blog/bruit-isolation-phonique-solutions,Isolation Phonique : solutions anti-bruit 2026 | ServicesArtisans,text/html; charset=utf-8,false,200,0,true,0,true,https://servicesartisans.fr/image-sitemap.xmlhttps://servicesartisans.fr/sitemap/static.xml,2
20,https://servicesartisans.fr/blog/tva-reduite-travaux-5-5-10-2026,"TVA Réduite Travaux : 5,5% vs 10% vs 20% — Guide 2026 | ServicesArtisans",text/html; charset=utf-8,false,200,0,true,0,true,https://servicesartisans.fr/image-sitemap.xmlhttps://servicesartisans.fr/sitemap/static.xml,2
20,https://servicesartisans.fr/blog/entretien-chaudiere-annuel,Entretien Chaudière 2026 : Obligations et Prix | ServicesArtisans,text/html; charset=utf-8,false,200,0,true,0,true,https://servicesartisans.fr/image-sitemap.xmlhttps://servicesartisans.fr/sitemap/static.xml,2
20,https://servicesartisans.fr/blog/prix-platrier-2026-tarifs-platerie,Prix Plâtrier 2026 : Tarifs au m² et Devis Gratuit | ServicesArtisans,text/html; charset=utf-8,false,200,0,true,0,true,https://servicesartisans.fr/image-sitemap.xmlhttps://servicesartisans.fr/sitemap/static.xml,2
20,https://servicesartisans.fr/blog/comment-reparer-fuite-toilette,Réparer Fuite Toilette DIY : Tutoriel 2026 | ServicesArtisans,text/html; charset=utf-8,false,200,0,true,0,true,https://servicesartisans.fr/image-sitemap.xmlhttps://servicesartisans.fr/sitemap/static.xml,2
20,https://servicesartisans.fr/blog/aide-renovation-energetique-toulouse-2026,Aides Rénovation Toulouse et Occitanie — Guide 2026 | ServicesArtisans,text/html; charset=utf-8,false,200,0,true,0,true,https://servicesartisans.fr/image-sitemap.xmlhttps://servicesartisans.fr/sitemap/static.xml,2
20,https://servicesartisans.fr/blog/comment-choisir-metallier-guide,Choisir son Métallier 2026 : Guide Expert | ServicesArtisans,text/html; charset=utf-8,false,200,0,true,0,true,https://servicesartisans.fr/image-sitemap.xmlhttps://servicesartisans.fr/sitemap/static.xml,2
20,https://servicesartisans.fr/blog/trouver-artisan-verifie-siren,Vérifier un Artisan par son SIREN : Comment ? | ServicesArtisans,text/html; charset=utf-8,false,200,0,true,0,true,https://servicesartisans.fr/image-sitemap.xmlhttps://servicesartisans.fr/sitemap/static.xml,2
20,https://servicesartisans.fr/blog/prix-plombier-bordeaux-2026,Prix Plombier Bordeaux 2026 — Tarifs et Devis Gratuit | ServicesArtisans,text/html; charset=utf-8,false,200,0,true,0,true,https://servicesartisans.fr/image-sitemap.xmlhttps://servicesartisans.fr/sitemap/static.xml,2
20,https://servicesartisans.fr/blog/prix-renovation-salle-de-bain-guide-complet-2026,Prix Salle de Bain 2026 : Devis Détaillé | ServicesArtisans,text/html; charset=utf-8,false,200,0,true,0,true,https://servicesartisans.fr/image-sitemap.xmlhttps://servicesartisans.fr/sitemap/static.xml,2
20,https://servicesartisans.fr/blog/comment-choisir-carreleur-guide,Choisir son Carreleur : guide complet 2026 | ServicesArtisans,text/html; charset=utf-8,false,200,0,true,0,true,https://servicesartisans.fr/image-sitemap.xmlhttps://servicesartisans.fr/sitemap/static.xml,2
20,https://servicesartisans.fr/blog/prix-electricien-paris-2026,Prix Électricien Paris 2026 — Tarifs et Devis Gratuit | ServicesArtisans,text/html; charset=utf-8,false,200,0,true,0,true,https://servicesartisans.fr/image-sitemap.xmlhttps://servicesartisans.fr/sitemap/static.xml,2
20,https://servicesartisans.fr/villes/saint-etienne,Artisans à Saint-Étienne 2026 — Comparez & choisissez | ServicesArtisans,text/html; charset=utf-8,false,200,0,true,0,true,https://servicesartisans.fr/image-sitemap.xmlhttps://servicesartisans.fr/sitemap/cities.xml,2
20,https://servicesartisans.fr/blog/comment-peindre-mur-guide,Peindre un Mur : Guide Étape par Étape 2026 | ServicesArtisans,text/html; charset=utf-8,false,200,0,true,0,true,https://servicesartisans.fr/image-sitemap.xmlhttps://servicesartisans.fr/sitemap/static.xml,2
20,https://servicesartisans.fr/blog/types-enduit-facade,Enduit Façade : Comparatif et Prix 2026 | ServicesArtisans,text/html; charset=utf-8,false,200,0,true,0,true,https://servicesartisans.fr/image-sitemap.xmlhttps://servicesartisans.fr/sitemap/static.xml,2
20,https://servicesartisans.fr/blog/prix-plombier-nantes-2026,Prix Plombier Nantes 2026 — Tarifs et Devis Gratuit | ServicesArtisans,text/html; charset=utf-8,false,200,0,true,0,true,https://servicesartisans.fr/image-sitemap.xmlhttps://servicesartisans.fr/sitemap/static.xml,2
20,https://servicesartisans.fr/blog/prix-artisans-ile-de-france,Prix Artisans Île-de-France 2026 : +25 à 40% | ServicesArtisans,text/html; charset=utf-8,false,200,0,true,0,true,https://servicesartisans.fr/image-sitemap.xmlhttps://servicesartisans.fr/sitemap/static.xml,2
20,https://servicesartisans.fr/blog/comment-isoler-fenetre-froid,Isoler Fenêtre du Froid : Solutions DIY 2026 | ServicesArtisans,text/html; charset=utf-8,false,200,0,true,0,true,https://servicesartisans.fr/image-sitemap.xmlhttps://servicesartisans.fr/sitemap/static.xml,2
20,https://servicesartisans.fr/blog/aides-renovation-energetique-cumul-2026,Aides Rénovation 2026 : Cumul MaPrimeRénov' | ServicesArtisans,text/html; charset=utf-8,false,200,0,true,0,true,https://servicesartisans.fr/image-sitemap.xmlhttps://servicesartisans.fr/sitemap/static.xml,2
20,https://servicesartisans.fr/blog/comment-changer-robinet-cuisine,Changer Robinet Cuisine DIY : Tutoriel 2026 | ServicesArtisans,text/html; charset=utf-8,false,200,0,true,0,true,https://servicesartisans.fr/image-sitemap.xmlhttps://servicesartisans.fr/sitemap/static.xml,2
20,https://servicesartisans.fr/services/miroitier,Miroitier France 2026 — Comparez + Devis | ServicesArtisans,text/html; charset=utf-8,false,200,0,true,0,true,https://servicesartisans.fr/image-sitemap.xmlhttps://servicesartisans.fr/sitemap/static.xml,2
20,https://servicesartisans.fr/blog/aide-renovation-energetique-lyon-2026,Aides Rénovation Lyon et Métropole — Guide 2026 | ServicesArtisans,text/html; charset=utf-8,false,200,0,true,0,true,https://servicesartisans.fr/image-sitemap.xmlhttps://servicesartisans.fr/sitemap/static.xml,2
20,https://servicesartisans.fr/blog/panneaux-solaires-rentabilite-2026,Panneaux Solaires 2026 : Rentabilité Réelle | ServicesArtisans,text/html; charset=utf-8,false,200,0,true,0,true,https://servicesartisans.fr/image-sitemap.xmlhttps://servicesartisans.fr/sitemap/static.xml,2
20,https://servicesartisans.fr/services/chauffagiste,Chauffagiste : Tarifs 2026 + Devis Gratuit | ServicesArtisans,text/html; charset=utf-8,false,200,0,true,0,true,https://servicesartisans.fr/image-sitemap.xmlhttps://servicesartisans.fr/sitemap/static.xml,2
20,https://servicesartisans.fr/blog/renovation-maison-pierre-ancienne-guide,Maison en Pierre Ancienne : Rénover | ServicesArtisans,text/html; charset=utf-8,false,200,0,true,0,true,https://servicesartisans.fr/image-sitemap.xmlhttps://servicesartisans.fr/sitemap/static.xml,2
20,https://servicesartisans.fr/blog/prix-carreleur-2026-pose-fourniture,Prix Carreleur 2026 : 30-70€/m² — Pose + fourniture | ServicesArtisans,text/html; charset=utf-8,false,200,0,true,0,true,https://servicesartisans.fr/image-sitemap.xmlhttps://servicesartisans.fr/sitemap/static.xml,2
20,https://servicesartisans.fr/villes/toulon,Artisans à Toulon 2026 — Comparez & choisissez | ServicesArtisans,text/html; charset=utf-8,false,200,0,true,0,true,https://servicesartisans.fr/image-sitemap.xmlhttps://servicesartisans.fr/sitemap/cities.xml,2
20,https://servicesartisans.fr/blog/prix-electricien-toulouse-2026,Prix Électricien Toulouse 2026 — Tarifs et Devis Gratuit | ServicesArtisans,text/html; charset=utf-8,false,200,0,true,0,true,https://servicesartisans.fr/image-sitemap.xmlhttps://servicesartisans.fr/sitemap/static.xml,2
20,https://servicesartisans.fr/blog/installer-pompe-chaleur-air-eau-guide,PAC Air-Eau 2026 : Installation et Aides | ServicesArtisans,text/html; charset=utf-8,false,200,0,true,0,true,https://servicesartisans.fr/image-sitemap.xmlhttps://servicesartisans.fr/sitemap/static.xml,2
20,https://servicesartisans.fr/blog/prix-ouverture-mur-porteur-2026,Prix Mur Porteur 2026 : 2 500-10 000€ | ServicesArtisans,text/html; charset=utf-8,false,200,0,true,0,true,https://servicesartisans.fr/image-sitemap.xmlhttps://servicesartisans.fr/sitemap/static.xml,2
20,https://servicesartisans.fr/blog/comment-choisir-jardinier-paysagiste,Choisir son Jardinier Paysagiste (Guide 2026) | ServicesArtisans,text/html; charset=utf-8,false,200,0,true,0,true,https://servicesartisans.fr/image-sitemap.xmlhttps://servicesartisans.fr/sitemap/static.xml,2
20,https://servicesartisans.fr/blog/entretien-toiture-automne-guide,Entretien toiture automne : guide complet | ServicesArtisans,text/html; charset=utf-8,false,200,0,true,0,true,https://servicesartisans.fr/image-sitemap.xmlhttps://servicesartisans.fr/sitemap/static.xml,2
20,https://servicesartisans.fr/blog/devis-travaux-comprendre,Devis Travaux : 5 pièges à éviter en 2026 | ServicesArtisans,text/html; charset=utf-8,false,200,0,true,0,true,https://servicesartisans.fr/image-sitemap.xmlhttps://servicesartisans.fr/sitemap/static.xml,2
20,https://servicesartisans.fr/blog/prix-toiture-refection-complete-2026,Prix Toiture 2026 : Réfection et Matériaux | ServicesArtisans,text/html; charset=utf-8,false,200,0,true,0,true,https://servicesartisans.fr/image-sitemap.xmlhttps://servicesartisans.fr/sitemap/static.xml,2
20,https://servicesartisans.fr/blog/prix-paysagiste-2026-tarifs,Prix Paysagiste 2026 : 35-75€/h — Devis Gratuit | ServicesArtisans,text/html; charset=utf-8,false,200,0,true,0,true,https://servicesartisans.fr/image-sitemap.xmlhttps://servicesartisans.fr/sitemap/static.xml,2
20,https://servicesartisans.fr/blog/entretien-climatisation-printemps,Entretien Clim Printemps 2026 : Guide | ServicesArtisans,text/html; charset=utf-8,false,200,0,true,0,true,https://servicesartisans.fr/image-sitemap.xmlhttps://servicesartisans.fr/sitemap/static.xml,2
20,https://servicesartisans.fr/blog/entretien-piscine-ouverture-printemps,Ouverture piscine printemps : guide étapes | ServicesArtisans,text/html; charset=utf-8,false,200,0,true,0,true,https://servicesartisans.fr/image-sitemap.xmlhttps://servicesartisans.fr/sitemap/static.xml,2
20,https://servicesartisans.fr/blog/chaudiere-gaz-condensation-guide,Chaudière Gaz Condensation 2026 : Prix et Avis | ServicesArtisans,text/html; charset=utf-8,false,200,0,true,0,true,https://servicesartisans.fr/image-sitemap.xmlhttps://servicesartisans.fr/sitemap/static.xml,2
20,https://servicesartisans.fr/blog/securiser-maison-cambriolage-solutions,Sécuriser sa Maison : guide anti-cambriolage | ServicesArtisans,text/html; charset=utf-8,false,200,0,true,0,true,https://servicesartisans.fr/image-sitemap.xmlhttps://servicesartisans.fr/sitemap/static.xml,2
20,https://servicesartisans.fr/blog/comment-choisir-climaticien-guide,Choisir son Climaticien 2026 : certifications | ServicesArtisans,text/html; charset=utf-8,false,200,0,true,0,true,https://servicesartisans.fr/image-sitemap.xmlhttps://servicesartisans.fr/sitemap/static.xml,2
20,https://servicesartisans.fr/blog/travaux-copropriete-guide-regles,Travaux Copropriété 2026 : Règles | ServicesArtisans,text/html; charset=utf-8,false,200,0,true,0,true,https://servicesartisans.fr/image-sitemap.xmlhttps://servicesartisans.fr/sitemap/static.xml,2
20,https://servicesartisans.fr/a-propos,À propos de ServicesArtisans — Annuaire d'artisans gratuit | ServicesArtisans,text/html; charset=utf-8,false,200,0,true,0,true,https://servicesartisans.fr/image-sitemap.xmlhttps://servicesartisans.fr/sitemap/static.xml,2
20,https://servicesartisans.fr/blog/aide-renovation-energetique-bordeaux-2026,Aides Rénovation Bordeaux et Nouvelle-Aquitaine — Guide 2026 | ServicesArtisans,text/html; charset=utf-8,false,200,0,true,0,true,https://servicesartisans.fr/image-sitemap.xmlhttps://servicesartisans.fr/sitemap/static.xml,2
20,https://servicesartisans.fr/blog/purger-radiateurs-avant-hiver-guide,Purger radiateurs : tuto simple avant hiver | ServicesArtisans,text/html; charset=utf-8,false,200,0,true,0,true,https://servicesartisans.fr/image-sitemap.xmlhttps://servicesartisans.fr/sitemap/static.xml,2
20,https://servicesartisans.fr/blog/odeur-egout-maison-causes-solutions,Odeur Égout Maison : 5 Causes + Solutions | ServicesArtisans,text/html; charset=utf-8,false,200,0,true,0,true,https://servicesartisans.fr/image-sitemap.xmlhttps://servicesartisans.fr/sitemap/static.xml,2
20,https://servicesartisans.fr/blog/comment-poser-lambris-mur,Poser du Lambris Mural DIY : Guide 2026 | ServicesArtisans,text/html; charset=utf-8,false,200,0,true,0,true,https://servicesartisans.fr/image-sitemap.xmlhttps://servicesartisans.fr/sitemap/static.xml,2
20,https://servicesartisans.fr/services/antenniste,Antenniste France 2026 : Devis Gratuit | ServicesArtisans,text/html; charset=utf-8,false,200,0,true,0,true,https://servicesartisans.fr/image-sitemap.xmlhttps://servicesartisans.fr/sitemap/static.xml,2
20,https://servicesartisans.fr/blog/depannage-urgence-artisan-bons-reflexes,Dépannage Urgence Maison : les bons réflexes | ServicesArtisans,text/html; charset=utf-8,false,200,0,true,0,true,https://servicesartisans.fr/image-sitemap.xmlhttps://servicesartisans.fr/sitemap/static.xml,2
20,https://servicesartisans.fr/services/ascensoriste,Ascensoriste 2026 — Artisans Vérifiés en France | ServicesArtisans,text/html; charset=utf-8,false,200,0,true,0,true,https://servicesartisans.fr/image-sitemap.xmlhttps://servicesartisans.fr/sitemap/static.xml,2
20,https://servicesartisans.fr/blog/prix-chauffagiste-nice-2026,Prix Chauffagiste Nice 2026 — Tarifs et Devis Gratuit | ServicesArtisans,text/html; charset=utf-8,false,200,0,true,0,true,https://servicesartisans.fr/image-sitemap.xmlhttps://servicesartisans.fr/sitemap/static.xml,2
20,https://servicesartisans.fr/blog/prix-serrurier-nantes-2026,Prix Serrurier Nantes 2026 — Tarifs et Devis Gratuit | ServicesArtisans,text/html; charset=utf-8,false,200,0,true,0,true,https://servicesartisans.fr/image-sitemap.xmlhttps://servicesartisans.fr/sitemap/static.xml,2
20,https://servicesartisans.fr/blog/comment-poser-carrelage-sol,Poser du Carrelage au Sol : Tutoriel DIY 2026 | ServicesArtisans,text/html; charset=utf-8,false,200,0,true,0,true,https://servicesartisans.fr/image-sitemap.xmlhttps://servicesartisans.fr/sitemap/static.xml,2
20,https://servicesartisans.fr/blog/prix-isolation-exterieure-ite-m2-2026,Prix ITE 2026 : 100-250€/m² Posé + Aides | ServicesArtisans,text/html; charset=utf-8,false,200,0,true,0,true,https://servicesartisans.fr/image-sitemap.xmlhttps://servicesartisans.fr/sitemap/static.xml,2
20,https://servicesartisans.fr/blog/prix-poseur-de-parquet-2026-tarifs-pose,Prix Poseur Parquet 2026 — Devis Gratuit | ServicesArtisans,text/html; charset=utf-8,false,200,0,true,0,true,https://servicesartisans.fr/image-sitemap.xmlhttps://servicesartisans.fr/sitemap/static.xml,2
20,https://servicesartisans.fr/services/renovation-energetique,Rénovation énergétique France 2026 : Devis Gratuit | ServicesArtisans,text/html; charset=utf-8,false,200,0,true,0,true,https://servicesartisans.fr/image-sitemap.xmlhttps://servicesartisans.fr/sitemap/static.xml,2
20,https://servicesartisans.fr/blog/cout-construction-maison-par-region,Prix Construction Maison 2026 : 1 500-2 500€/m² | ServicesArtisans,text/html; charset=utf-8,false,200,0,true,0,true,https://servicesartisans.fr/image-sitemap.xmlhttps://servicesartisans.fr/sitemap/static.xml,2
20,https://servicesartisans.fr/villes/marseille,Marseille (13) — Annuaire artisans 2026 | ServicesArtisans,text/html; charset=utf-8,false,200,0,true,0,true,https://servicesartisans.fr/image-sitemap.xmlhttps://servicesartisans.fr/sitemap/cities.xml,2
20,https://servicesartisans.fr/blog/passoire-thermique-interdiction-location-2026,Passoire Thermique : Interdiction Location — Guide 2026 | ServicesArtisans,text/html; charset=utf-8,false,200,0,true,0,true,https://servicesartisans.fr/image-sitemap.xmlhttps://servicesartisans.fr/sitemap/static.xml,2
20,https://servicesartisans.fr/blog/prix-peintre-en-batiment-marseille-2026,Prix Peintre en bâtiment Marseille 2026 — Tarifs | ServicesArtisans,text/html; charset=utf-8,false,200,0,true,0,true,https://servicesartisans.fr/image-sitemap.xmlhttps://servicesartisans.fr/sitemap/static.xml,2
20,https://servicesartisans.fr/blog/installer-portail-automatique-guide,Portail Automatique 2026 : Guide et Prix | ServicesArtisans,text/html; charset=utf-8,false,200,0,true,0,true,https://servicesartisans.fr/image-sitemap.xmlhttps://servicesartisans.fr/sitemap/static.xml,2
20,https://servicesartisans.fr/blog/aide-renovation-energetique-marseille-2026,Aides Rénovation Marseille et PACA — Guide 2026 | ServicesArtisans,text/html; charset=utf-8,false,200,0,true,0,true,https://servicesartisans.fr/image-sitemap.xmlhttps://servicesartisans.fr/sitemap/static.xml,2
20,https://servicesartisans.fr/blog/guide-carrelage-salle-de-bain,Carrelage Salle de Bain 2026 : Prix et Tendances | ServicesArtisans,text/html; charset=utf-8,false,200,0,true,0,true,https://servicesartisans.fr/image-sitemap.xmlhttps://servicesartisans.fr/sitemap/static.xml,2
20,https://servicesartisans.fr/blog/prix-domotique-maison-2026,Prix Domotique 2026 : Budget et Comparatif | ServicesArtisans,text/html; charset=utf-8,false,200,0,true,0,true,https://servicesartisans.fr/image-sitemap.xmlhttps://servicesartisans.fr/sitemap/static.xml,2
20,https://servicesartisans.fr/blog/preparer-maison-avant-vacances-ete,Sécuriser sa maison avant les vacances | ServicesArtisans,text/html; charset=utf-8,false,200,0,true,0,true,https://servicesartisans.fr/image-sitemap.xmlhttps://servicesartisans.fr/sitemap/static.xml,2
20,https://servicesartisans.fr/blog/comment-choisir-cuisiniste-guide,Choisir son Cuisiniste : 7 critères (2026) | ServicesArtisans,text/html; charset=utf-8,false,200,0,true,0,true,https://servicesartisans.fr/image-sitemap.xmlhttps://servicesartisans.fr/sitemap/static.xml,2
20,https://servicesartisans.fr/blog/demoussage-facade-meilleure-periode,"Démoussage façade : période, prix, produits | ServicesArtisans",text/html; charset=utf-8,false,200,0,true,0,true,https://servicesartisans.fr/image-sitemap.xmlhttps://servicesartisans.fr/sitemap/static.xml,2
20,https://servicesartisans.fr/blog/metier-peintre-batiment-evolution,Métier Peintre Bâtiment : Techniques | ServicesArtisans,text/html; charset=utf-8,false,200,0,true,0,true,https://servicesartisans.fr/image-sitemap.xmlhttps://servicesartisans.fr/sitemap/static.xml,2
20,https://servicesartisans.fr/blog/comment-choisir-storiste-guide,Choisir son Storiste 2026 : Guide + Devis | ServicesArtisans,text/html; charset=utf-8,false,200,0,true,0,true,https://servicesartisans.fr/image-sitemap.xmlhttps://servicesartisans.fr/sitemap/static.xml,2
20,https://servicesartisans.fr/blog/extension-maison-prix-demarches-2026,Extension Maison 2026 : Prix et Démarches | ServicesArtisans,text/html; charset=utf-8,false,200,0,true,0,true,https://servicesartisans.fr/image-sitemap.xmlhttps://servicesartisans.fr/sitemap/static.xml,2
20,https://servicesartisans.fr/blog/audit-energetique-obligatoire-2026,Audit Énergétique Obligatoire : Prix et Guide — Guide 2026 | ServicesArtisans,text/html; charset=utf-8,false,200,0,true,0,true,https://servicesartisans.fr/image-sitemap.xmlhttps://servicesartisans.fr/sitemap/static.xml,2
20,https://servicesartisans.fr/services/serrurier,Serrurier : Artisans Vérifiés + Devis Gratuit | ServicesArtisans,text/html; charset=utf-8,false,200,0,true,0,true,https://servicesartisans.fr/image-sitemap.xmlhttps://servicesartisans.fr/sitemap/static.xml,2
20,https://servicesartisans.fr/villes/strasbourg,Artisans Strasbourg (67) 2026 — Devis gratuit | ServicesArtisans,text/html; charset=utf-8,false,200,0,true,0,true,https://servicesartisans.fr/image-sitemap.xmlhttps://servicesartisans.fr/sitemap/cities.xml,2
20,https://servicesartisans.fr/services/deratisation,Dératisation France 2026 — Comparez + Devis | ServicesArtisans,text/html; charset=utf-8,false,200,0,true,0,true,https://servicesartisans.fr/image-sitemap.xmlhttps://servicesartisans.fr/sitemap/static.xml,2
20,https://servicesartisans.fr/blog/prix-peintre-en-batiment-nice-2026,Prix Peintre en bâtiment Nice 2026 — Tarifs et Devis Gratuit | ServicesArtisans,text/html; charset=utf-8,false,200,0,true,0,true,https://servicesartisans.fr/image-sitemap.xmlhttps://servicesartisans.fr/sitemap/static.xml,2
20,https://servicesartisans.fr/blog/renovation-maison-guide-ultime-2026,Rénovation Maison 2026 : Guide complet Budget | ServicesArtisans,text/html; charset=utf-8,false,200,0,true,0,true,https://servicesartisans.fr/image-sitemap.xmlhttps://servicesartisans.fr/sitemap/static.xml,2
20,https://servicesartisans.fr/blog/prise-electrique-qui-fond-danger,Prise qui Fond : Danger Immédiat — Que Faire | ServicesArtisans,text/html; charset=utf-8,false,200,0,true,0,true,https://servicesartisans.fr/image-sitemap.xmlhttps://servicesartisans.fr/sitemap/static.xml,2
20,https://servicesartisans.fr/blog/prix-alarme-securite-2026-tarifs,Prix Alarme Sécurité 2026 — Devis Gratuit | ServicesArtisans,text/html; charset=utf-8,false,200,0,true,0,true,https://servicesartisans.fr/image-sitemap.xmlhttps://servicesartisans.fr/sitemap/static.xml,2
20,https://servicesartisans.fr/blog/audit-energetique-dpe-obligations-2026,Audit et DPE : Obligations 2026 | ServicesArtisans,text/html; charset=utf-8,false,200,0,true,0,true,https://servicesartisans.fr/image-sitemap.xmlhttps://servicesartisans.fr/sitemap/static.xml,2
20,https://servicesartisans.fr/blog/prix-deratisation-2026-tarifs,Prix Dératisation 2026 : Devis Gratuit | ServicesArtisans,text/html; charset=utf-8,false,200,0,true,0,true,https://servicesartisans.fr/image-sitemap.xmlhttps://servicesartisans.fr/sitemap/static.xml,2
20,https://servicesartisans.fr/blog/preparer-maison-hiver-checklist,Préparer sa Maison pour l'Hiver : Checklist 2026 | ServicesArtisans,text/html; charset=utf-8,false,200,0,true,0,true,https://servicesartisans.fr/image-sitemap.xmlhttps://servicesartisans.fr/sitemap/static.xml,2
20,https://servicesartisans.fr/blog/cout-renovation-energetique-region,Prix Rénovation Énergétique par Région 2026 | ServicesArtisans,text/html; charset=utf-8,false,200,0,true,0,true,https://servicesartisans.fr/image-sitemap.xmlhttps://servicesartisans.fr/sitemap/static.xml,2
20,https://servicesartisans.fr/services/zingueur,Zingueur : Tarifs 2026 + Devis Gratuit | ServicesArtisans,text/html; charset=utf-8,false,200,0,true,0,true,https://servicesartisans.fr/image-sitemap.xmlhttps://servicesartisans.fr/sitemap/static.xml,2
20,https://servicesartisans.fr/blog/prix-climaticien-2026-installation-entretien,Prix Clim 2026 : 1 500-15 000€ — Guide complet | ServicesArtisans,text/html; charset=utf-8,false,200,0,true,0,true,https://servicesartisans.fr/image-sitemap.xmlhttps://servicesartisans.fr/sitemap/static.xml,2
20,https://servicesartisans.fr/blog/cheque-energie-2026-montant-utilisation,Chèque Énergie 2026 : Montants et Utilisation — Guide 2026 | ServicesArtisans,text/html; charset=utf-8,false,200,0,true,0,true,https://servicesartisans.fr/image-sitemap.xmlhttps://servicesartisans.fr/sitemap/static.xml,2
20,https://servicesartisans.fr/blog/prix-micro-station-epuration-2026,Prix Micro-Station 2026 : 5 000-12 000€ | ServicesArtisans,text/html; charset=utf-8,false,200,0,true,0,true,https://servicesartisans.fr/image-sitemap.xmlhttps://servicesartisans.fr/sitemap/static.xml,2
20,https://servicesartisans.fr/blog/prix-electricien-lyon-2026,Prix Électricien Lyon 2026 — Tarifs et Devis Gratuit | ServicesArtisans,text/html; charset=utf-8,false,200,0,true,0,true,https://servicesartisans.fr/image-sitemap.xmlhttps://servicesartisans.fr/sitemap/static.xml,2
20,https://servicesartisans.fr/services/cuisiniste,Cuisiniste : Tarifs 2026 + Devis Gratuit | ServicesArtisans,text/html; charset=utf-8,false,200,0,true,0,true,https://servicesartisans.fr/image-sitemap.xmlhttps://servicesartisans.fr/sitemap/static.xml,2
20,https://servicesartisans.fr/blog/travaux-locataire-proprietaire-qui-paye,Locataire ou Propriétaire : qui paye quoi ? | ServicesArtisans,text/html; charset=utf-8,false,200,0,true,0,true,https://servicesartisans.fr/image-sitemap.xmlhttps://servicesartisans.fr/sitemap/static.xml,2
20,https://servicesartisans.fr/blog/prix-artisans-province-vs-paris,Paris vs Province 2026 : vrais écarts de prix | ServicesArtisans,text/html; charset=utf-8,false,200,0,true,0,true,https://servicesartisans.fr/image-sitemap.xmlhttps://servicesartisans.fr/sitemap/static.xml,2
20,https://servicesartisans.fr/blog/protection-cambriolage-securiser-maison-2026,Anti-Cambriolage 2026 : 12 Mesures Efficaces | ServicesArtisans,text/html; charset=utf-8,false,200,0,true,0,true,https://servicesartisans.fr/image-sitemap.xmlhttps://servicesartisans.fr/sitemap/static.xml,2
20,https://servicesartisans.fr/blog/prix-extension-maison-2026,Prix Extension Maison 2026 : 600-3 000€/m² | ServicesArtisans,text/html; charset=utf-8,false,200,0,true,0,true,https://servicesartisans.fr/image-sitemap.xmlhttps://servicesartisans.fr/sitemap/static.xml,2
20,https://servicesartisans.fr/blog/poser-carrelage-guide-complet-techniques,Poser du Carrelage 2026 : Guide Technique | ServicesArtisans,text/html; charset=utf-8,false,200,0,true,0,true,https://servicesartisans.fr/image-sitemap.xmlhttps://servicesartisans.fr/sitemap/static.xml,2
20,https://servicesartisans.fr/blog/parquet-massif-vs-contrecolle-vs-stratifie,Parquet : Massif vs Contrecollé vs Stratifié | ServicesArtisans,text/html; charset=utf-8,false,200,0,true,0,true,https://servicesartisans.fr/image-sitemap.xmlhttps://servicesartisans.fr/sitemap/static.xml,2
20,https://servicesartisans.fr/villes/reims,Reims (51) — Annuaire artisans 2026 | ServicesArtisans,text/html; charset=utf-8,false,200,0,true,0,true,https://servicesartisans.fr/image-sitemap.xmlhttps://servicesartisans.fr/sitemap/cities.xml,2
20,https://servicesartisans.fr/blog/comment-choisir-installateur-alarme-guide,Choisir Installateur Alarme : Guide Complet 2026 | ServicesArtisans,text/html; charset=utf-8,false,200,0,true,0,true,https://servicesartisans.fr/image-sitemap.xmlhttps://servicesartisans.fr/sitemap/static.xml,2
20,https://servicesartisans.fr/blog/comment-reboucher-trou-mur,Reboucher Trou dans un Mur : Techniques DIY | ServicesArtisans,text/html; charset=utf-8,false,200,0,true,0,true,https://servicesartisans.fr/image-sitemap.xmlhttps://servicesartisans.fr/sitemap/static.xml,2
20,https://servicesartisans.fr/blog/combien-coute-un-plombier-tarifs-devis,Combien coûte un plombier ? 40-90€/h en 2026 | ServicesArtisans,text/html; charset=utf-8,false,200,0,true,0,true,https://servicesartisans.fr/image-sitemap.xmlhttps://servicesartisans.fr/sitemap/static.xml,2
20,https://servicesartisans.fr/villes/paris,Artisans Paris (75) 2026 — Devis gratuit | ServicesArtisans,text/html; charset=utf-8,false,200,0,true,0,true,https://servicesartisans.fr/image-sitemap.xmlhttps://servicesartisans.fr/sitemap/cities.xml,2
20,https://servicesartisans.fr/blog/prix-chauffagiste-lille-2026,Prix Chauffagiste Lille 2026 — Tarifs et Devis Gratuit | ServicesArtisans,text/html; charset=utf-8,false,200,0,true,0,true,https://servicesartisans.fr/image-sitemap.xmlhttps://servicesartisans.fr/sitemap/static.xml,2
20,https://servicesartisans.fr/blog/ramonage-obligatoire-avant-hiver,Ramonage 2026 : Obligations et Tarifs | ServicesArtisans,text/html; charset=utf-8,false,200,0,true,0,true,https://servicesartisans.fr/image-sitemap.xmlhttps://servicesartisans.fr/sitemap/static.xml,2
20,https://servicesartisans.fr/blog/tendances-salle-de-bain-2026,Salle de Bain 2026 : Tendances et Budget | ServicesArtisans,text/html; charset=utf-8,false,200,0,true,0,true,https://servicesartisans.fr/image-sitemap.xmlhttps://servicesartisans.fr/sitemap/static.xml,2
20,https://servicesartisans.fr/blog/comment-enduire-mur-abime,Enduire un Mur Abîmé : Tutoriel DIY 2026 | ServicesArtisans,text/html; charset=utf-8,false,200,0,true,0,true,https://servicesartisans.fr/image-sitemap.xmlhttps://servicesartisans.fr/sitemap/static.xml,2
20,https://servicesartisans.fr/blog/ballon-eau-chaude-guide-choix,Ballon d'Eau Chaude 2026 : Guide de Choix | ServicesArtisans,text/html; charset=utf-8,false,200,0,true,0,true,https://servicesartisans.fr/image-sitemap.xmlhttps://servicesartisans.fr/sitemap/static.xml,2
20,https://servicesartisans.fr/services/architecte-interieur,Architecte d'intérieur France 2026 — Comparez + Devis | ServicesArtisans,text/html; charset=utf-8,false,200,0,true,0,true,https://servicesartisans.fr/image-sitemap.xmlhttps://servicesartisans.fr/sitemap/static.xml,2
20,https://servicesartisans.fr/blog/prix-fenetre-double-vitrage-2026,Prix Fenêtre Double Vitrage 2026 : 300-3 500€ | ServicesArtisans,text/html; charset=utf-8,false,200,0,true,0,true,https://servicesartisans.fr/image-sitemap.xmlhttps://servicesartisans.fr/sitemap/static.xml,2
20,https://servicesartisans.fr/blog/prix-electricien-bordeaux-2026,Prix Électricien Bordeaux 2026 — Tarifs et Devis Gratuit | ServicesArtisans,text/html; charset=utf-8,false,200,0,true,0,true,https://servicesartisans.fr/image-sitemap.xmlhttps://servicesartisans.fr/sitemap/static.xml,2
20,https://servicesartisans.fr/blog/prix-domotique-maison-2026-installation,Prix Domotique Maison 2026 : Budget Complet | ServicesArtisans,text/html; charset=utf-8,false,200,0,true,0,true,https://servicesartisans.fr/image-sitemap.xmlhttps://servicesartisans.fr/sitemap/static.xml,2
20,https://servicesartisans.fr/blog/prix-electricien-par-departement,Prix Électricien par Département 2026 : 35-95€/h | ServicesArtisans,text/html; charset=utf-8,false,200,0,true,0,true,https://servicesartisans.fr/image-sitemap.xmlhttps://servicesartisans.fr/sitemap/static.xml,2
20,https://servicesartisans.fr/blog/prix-salle-de-bain-complete-2026,Prix Salle de Bain 2026 : 3 000-25 000€ | ServicesArtisans,text/html; charset=utf-8,false,200,0,true,0,true,https://servicesartisans.fr/image-sitemap.xmlhttps://servicesartisans.fr/sitemap/static.xml,2
20,https://servicesartisans.fr/blog/meilleur-isolant-thermique-comparatif,Meilleur Isolant Thermique : Comparatif 2026 | ServicesArtisans,text/html; charset=utf-8,false,200,0,true,0,true,https://servicesartisans.fr/image-sitemap.xmlhttps://servicesartisans.fr/sitemap/static.xml,2
20,https://servicesartisans.fr/blog/materiaux-ecologiques-construction-guide,Matériaux Écologiques 2026 : Guide | ServicesArtisans,text/html; charset=utf-8,false,200,0,true,0,true,https://servicesartisans.fr/image-sitemap.xmlhttps://servicesartisans.fr/sitemap/static.xml,2
20,https://servicesartisans.fr/blog/prix-serrurier-lille-2026,Prix Serrurier Lille 2026 — Tarifs et Devis Gratuit | ServicesArtisans,text/html; charset=utf-8,false,200,0,true,0,true,https://servicesartisans.fr/image-sitemap.xmlhttps://servicesartisans.fr/sitemap/static.xml,2
20,https://servicesartisans.fr/blog/prix-peintre-en-batiment-paris-2026,Prix Peintre en bâtiment Paris 2026 — Tarifs | ServicesArtisans,text/html; charset=utf-8,false,200,0,true,0,true,https://servicesartisans.fr/image-sitemap.xmlhttps://servicesartisans.fr/sitemap/static.xml,2
20,https://servicesartisans.fr/blog/domotique-maison-connectee-guide-debutant,Domotique 2026 : Guide Maison Connectée | ServicesArtisans,text/html; charset=utf-8,false,200,0,true,0,true,https://servicesartisans.fr/image-sitemap.xmlhttps://servicesartisans.fr/sitemap/static.xml,2
20,https://servicesartisans.fr/blog/prix-plombier-lyon-2026,Prix Plombier Lyon 2026 — Tarifs et Devis Gratuit | ServicesArtisans,text/html; charset=utf-8,false,200,0,true,0,true,https://servicesartisans.fr/image-sitemap.xmlhttps://servicesartisans.fr/sitemap/static.xml,2
20,https://servicesartisans.fr/blog/comment-choisir-electricien-guide,Choisir son Électricien : 6 critères clés 2026 | ServicesArtisans,text/html; charset=utf-8,false,200,0,true,0,true,https://servicesartisans.fr/image-sitemap.xmlhttps://servicesartisans.fr/sitemap/static.xml,2
20,https://servicesartisans.fr/blog/comment-choisir-serrurier-conseils,Choisir un Serrurier : éviter les arnaques 2026 | ServicesArtisans,text/html; charset=utf-8,false,200,0,true,0,true,https://servicesartisans.fr/image-sitemap.xmlhttps://servicesartisans.fr/sitemap/static.xml,2
20,https://servicesartisans.fr/services/pompe-a-chaleur,Pompe à chaleur : Tarifs 2026 + Devis Gratuit | ServicesArtisans,text/html; charset=utf-8,false,200,0,true,0,true,https://servicesartisans.fr/image-sitemap.xmlhttps://servicesartisans.fr/sitemap/static.xml,2
20,https://servicesartisans.fr/blog/amenager-terrasse-exterieure-guide,Terrasse Extérieure 2026 : Matériaux et Prix | ServicesArtisans,text/html; charset=utf-8,false,200,0,true,0,true,https://servicesartisans.fr/image-sitemap.xmlhttps://servicesartisans.fr/sitemap/static.xml,2
20,https://servicesartisans.fr/blog/comment-choisir-diagnostiqueur-guide,Diagnostiqueur Immobilier 2026 : Guide Choix | ServicesArtisans,text/html; charset=utf-8,false,200,0,true,0,true,https://servicesartisans.fr/image-sitemap.xmlhttps://servicesartisans.fr/sitemap/static.xml,2
20,https://servicesartisans.fr/blog/entretien-maison-printemps-2026,Entretien Maison Printemps 2026 : Checklist | ServicesArtisans,text/html; charset=utf-8,false,200,0,true,0,true,https://servicesartisans.fr/image-sitemap.xmlhttps://servicesartisans.fr/sitemap/static.xml,2
20,https://servicesartisans.fr/blog/peinture-interieure-guide-choix,Peinture Intérieure : Guide d'Achat 2026 | ServicesArtisans,text/html; charset=utf-8,false,200,0,true,0,true,https://servicesartisans.fr/image-sitemap.xmlhttps://servicesartisans.fr/sitemap/static.xml,2
20,https://servicesartisans.fr/blog/metier-couvreur-risques-reglementation,Métier Couvreur : Risques et Règles | ServicesArtisans,text/html; charset=utf-8,false,200,0,true,0,true,https://servicesartisans.fr/image-sitemap.xmlhttps://servicesartisans.fr/sitemap/static.xml,2
20,https://servicesartisans.fr/blog/ramonage-obligatoire-2026-reglementation,Ramonage obligatoire 2026 : loi et prix | ServicesArtisans,text/html; charset=utf-8,false,200,0,true,0,true,https://servicesartisans.fr/image-sitemap.xmlhttps://servicesartisans.fr/sitemap/static.xml,2
20,https://servicesartisans.fr/blog/travaux-avant-vendre-maison-rentables,Travaux avant de Vendre sa Maison 2026 | ServicesArtisans,text/html; charset=utf-8,false,200,0,true,0,true,https://servicesartisans.fr/image-sitemap.xmlhttps://servicesartisans.fr/sitemap/static.xml,2
20,https://servicesartisans.fr/blog/prix-installation-electrique-neuve-2026,Prix Électricité Neuve 2026 : 80-150€/m² | ServicesArtisans,text/html; charset=utf-8,false,200,0,true,0,true,https://servicesartisans.fr/image-sitemap.xmlhttps://servicesartisans.fr/sitemap/static.xml,2
20,https://servicesartisans.fr/blog/humidite-moisissure-maison-solutions,Humidité et Moisissures : solutions durables | ServicesArtisans,text/html; charset=utf-8,false,200,0,true,0,true,https://servicesartisans.fr/image-sitemap.xmlhttps://servicesartisans.fr/sitemap/static.xml,2
20,https://servicesartisans.fr/blog/prix-antenniste-2026-tarifs,Prix Antenniste 2026 — Devis Gratuit | ServicesArtisans,text/html; charset=utf-8,false,200,0,true,0,true,https://servicesartisans.fr/image-sitemap.xmlhttps://servicesartisans.fr/sitemap/static.xml,2
20,https://servicesartisans.fr/blog/prix-douche-italienne-2026,Prix Douche Italienne 2026 : 3 000-9 000€ | ServicesArtisans,text/html; charset=utf-8,false,200,0,true,0,true,https://servicesartisans.fr/image-sitemap.xmlhttps://servicesartisans.fr/sitemap/static.xml,2
20,https://servicesartisans.fr/villes/dijon,Artisan Dijon 2026 — Devis gratuit 24h | ServicesArtisans,text/html; charset=utf-8,false,200,0,true,0,true,https://servicesartisans.fr/image-sitemap.xmlhttps://servicesartisans.fr/sitemap/cities.xml,2
20,https://servicesartisans.fr/blog/prix-nettoyage-professionnel-2026,Prix Nettoyage Pro 2026 : 20-70€/h — Barème | ServicesArtisans,text/html; charset=utf-8,false,200,0,true,0,true,https://servicesartisans.fr/image-sitemap.xmlhttps://servicesartisans.fr/sitemap/static.xml,2
20,https://servicesartisans.fr/blog/jardin-printemps-paysagiste,Jardin Printemps 2026 : Travaux et Tarifs | ServicesArtisans,text/html; charset=utf-8,false,200,0,true,0,true,https://servicesartisans.fr/image-sitemap.xmlhttps://servicesartisans.fr/sitemap/static.xml,2
20,https://servicesartisans.fr/blog/pompe-a-chaleur-guide-achat-2026,PAC 2026 : Guide Achat Comparatif Marques | ServicesArtisans,text/html; charset=utf-8,false,200,0,true,0,true,https://servicesartisans.fr/image-sitemap.xmlhttps://servicesartisans.fr/sitemap/static.xml,2
20,https://servicesartisans.fr/blog/refaire-electricite-maison-ancienne,Électricité Maison Ancienne 2026 : Guide | ServicesArtisans,text/html; charset=utf-8,false,200,0,true,0,true,https://servicesartisans.fr/image-sitemap.xmlhttps://servicesartisans.fr/sitemap/static.xml,2
20,https://servicesartisans.fr/blog/remplacer-fenetres-guide-performances,Remplacer ses Fenêtres 2026 : Guide et Aides | ServicesArtisans,text/html; charset=utf-8,false,200,0,true,0,true,https://servicesartisans.fr/image-sitemap.xmlhttps://servicesartisans.fr/sitemap/static.xml,2
20,https://servicesartisans.fr/services/paysagiste,Paysagiste 2026 — Artisans Vérifiés en France | ServicesArtisans,text/html; charset=utf-8,false,200,0,true,0,true,https://servicesartisans.fr/image-sitemap.xmlhttps://servicesartisans.fr/sitemap/static.xml,2
20,https://servicesartisans.fr/blog/passoire-thermique-interdiction-location-2026-guide-complet,Passoires Thermiques 2026 : Interdiction Location | ServicesArtisans,text/html; charset=utf-8,false,200,0,true,0,true,https://servicesartisans.fr/image-sitemap.xmlhttps://servicesartisans.fr/sitemap/static.xml,2
20,https://servicesartisans.fr/blog/prix-chauffagiste-bordeaux-2026,Prix Chauffagiste Bordeaux 2026 — Tarifs et Devis Gratuit | ServicesArtisans,text/html; charset=utf-8,false,200,0,true,0,true,https://servicesartisans.fr/image-sitemap.xmlhttps://servicesartisans.fr/sitemap/static.xml,2
20,https://servicesartisans.fr/blog/renovation-maison-prix-m2-2026,Prix Rénovation Maison au m² en 2026 | ServicesArtisans,text/html; charset=utf-8,false,200,0,true,0,true,https://servicesartisans.fr/image-sitemap.xmlhttps://servicesartisans.fr/sitemap/static.xml,2
20,https://servicesartisans.fr/blog/creer-salle-de-bain-sous-combles,Salle de Bain sous Combles 2026 : Prix et Guide | ServicesArtisans,text/html; charset=utf-8,false,200,0,true,0,true,https://servicesartisans.fr/image-sitemap.xmlhttps://servicesartisans.fr/sitemap/static.xml,2
20,https://servicesartisans.fr/blog/comment-choisir-terrassier-guide,Comment Choisir Son Terrassier : Guide 2026 | ServicesArtisans,text/html; charset=utf-8,false,200,0,true,0,true,https://servicesartisans.fr/image-sitemap.xmlhttps://servicesartisans.fr/sitemap/static.xml,2
20,https://servicesartisans.fr/blog/prix-cuisiniste-2026-pose-cuisine,Prix Cuisine Équipée 2026 : 3 000-40 000€ | ServicesArtisans,text/html; charset=utf-8,false,200,0,true,0,true,https://servicesartisans.fr/image-sitemap.xmlhttps://servicesartisans.fr/sitemap/static.xml,2
20,https://servicesartisans.fr/blog/canicule-adapter-logement-solutions,Canicule 2026 : Adapter son Logement | ServicesArtisans,text/html; charset=utf-8,false,200,0,true,0,true,https://servicesartisans.fr/image-sitemap.xmlhttps://servicesartisans.fr/sitemap/static.xml,2
20,https://servicesartisans.fr/blog/types-de-carrelage-guide,Types de Carrelage : Guide d'Achat 2026 | ServicesArtisans,text/html; charset=utf-8,false,200,0,true,0,true,https://servicesartisans.fr/image-sitemap.xmlhttps://servicesartisans.fr/sitemap/static.xml,2
20,https://servicesartisans.fr/blog/chauffage-solution-economique,Chauffage Économique 2026 : quel système choisir ? | ServicesArtisans,text/html; charset=utf-8,false,200,0,true,0,true,https://servicesartisans.fr/image-sitemap.xmlhttps://servicesartisans.fr/sitemap/static.xml,2
20,https://servicesartisans.fr/blog/comment-poser-etagere-murale,Poser Étagère Murale : Fixation et Niveau DIY | ServicesArtisans,text/html; charset=utf-8,false,200,0,true,0,true,https://servicesartisans.fr/image-sitemap.xmlhttps://servicesartisans.fr/sitemap/static.xml,2
20,https://servicesartisans.fr/blog/aide-installation-borne-recharge-2026,Aides Borne de Recharge VE 2026 : Crédit d'Impôt — Guide 2026 | ServicesArtisans,text/html; charset=utf-8,false,200,0,true,0,true,https://servicesartisans.fr/image-sitemap.xmlhttps://servicesartisans.fr/sitemap/static.xml,2
20,https://servicesartisans.fr/blog/prix-plombier-toulouse-2026,Prix Plombier Toulouse 2026 — Tarifs et Devis Gratuit | ServicesArtisans,text/html; charset=utf-8,false,200,0,true,0,true,https://servicesartisans.fr/image-sitemap.xmlhttps://servicesartisans.fr/sitemap/static.xml,2
20,https://servicesartisans.fr/blog/amenager-jardin-paysagiste-guide,Jardin Paysagiste 2026 : Idées et Prix | ServicesArtisans,text/html; charset=utf-8,false,200,0,true,0,true,https://servicesartisans.fr/image-sitemap.xmlhttps://servicesartisans.fr/sitemap/static.xml,2
20,https://servicesartisans.fr/services/panneaux-solaires,Panneaux solaires : Tarifs 2026 + Devis Gratuit | ServicesArtisans,text/html; charset=utf-8,false,200,0,true,0,true,https://servicesartisans.fr/image-sitemap.xmlhttps://servicesartisans.fr/sitemap/static.xml,2
20,https://servicesartisans.fr/blog/comment-reparer-volet-roulant,Réparer Volet Roulant Bloqué : Solutions DIY | ServicesArtisans,text/html; charset=utf-8,false,200,0,true,0,true,https://servicesartisans.fr/image-sitemap.xmlhttps://servicesartisans.fr/sitemap/static.xml,2
20,https://servicesartisans.fr/blog/renovation-salle-de-bain-budget-etapes,Rénover Salle de Bain 2026 : Budget + Étapes | ServicesArtisans,text/html; charset=utf-8,false,200,0,true,0,true,https://servicesartisans.fr/image-sitemap.xmlhttps://servicesartisans.fr/sitemap/static.xml,2
20,https://servicesartisans.fr/blog/plaque-de-platre-ba13-guide,Plaque de Plâtre BA13 : Guide Complet 2026 | ServicesArtisans,text/html; charset=utf-8,false,200,0,true,0,true,https://servicesartisans.fr/image-sitemap.xmlhttps://servicesartisans.fr/sitemap/static.xml,2
20,https://servicesartisans.fr/blog/terrasse-ete-preparation,Terrasse : Nettoyage et Réparation Été 2026 | ServicesArtisans,text/html; charset=utf-8,false,200,0,true,0,true,https://servicesartisans.fr/image-sitemap.xmlhttps://servicesartisans.fr/sitemap/static.xml,2
20,https://servicesartisans.fr/blog/comment-choisir-chauffagiste-guide,Choisir son Chauffagiste : guide RGE 2026 | ServicesArtisans,text/html; charset=utf-8,false,200,0,true,0,true,https://servicesartisans.fr/image-sitemap.xmlhttps://servicesartisans.fr/sitemap/static.xml,2
20,https://servicesartisans.fr/blog/fissure-mur-porteur-danger-que-faire,Fissure Mur Porteur : Danger ? Que Faire ? | ServicesArtisans,text/html; charset=utf-8,false,200,0,true,0,true,https://servicesartisans.fr/image-sitemap.xmlhttps://servicesartisans.fr/sitemap/static.xml,2
20,https://servicesartisans.fr/blog/comment-choisir-entreprise-nettoyage,Choisir une Entreprise de Nettoyage (2026) | ServicesArtisans,text/html; charset=utf-8,false,200,0,true,0,true,https://servicesartisans.fr/image-sitemap.xmlhttps://servicesartisans.fr/sitemap/static.xml,2
20,https://servicesartisans.fr/blog/litige-artisan-recours-mediation-justice,Litige Artisan : Recours et Médiation | ServicesArtisans,text/html; charset=utf-8,false,200,0,true,0,true,https://servicesartisans.fr/image-sitemap.xmlhttps://servicesartisans.fr/sitemap/static.xml,2
20,https://servicesartisans.fr/blog/prix-panneaux-solaires-2026,Prix Panneaux Solaires 2026 : Coûts et Aides | ServicesArtisans,text/html; charset=utf-8,false,200,0,true,0,true,https://servicesartisans.fr/image-sitemap.xmlhttps://servicesartisans.fr/sitemap/static.xml,2
20,https://servicesartisans.fr/blog/comment-poser-credence-cuisine,Poser une Crédence Cuisine DIY : Guide 2026 | ServicesArtisans,text/html; charset=utf-8,false,200,0,true,0,true,https://servicesartisans.fr/image-sitemap.xmlhttps://servicesartisans.fr/sitemap/static.xml,2
20,https://servicesartisans.fr/blog/types-de-tuiles-guide,Tuiles : Terre Cuite vs Béton vs Ardoise 2026 | ServicesArtisans,text/html; charset=utf-8,false,200,0,true,0,true,https://servicesartisans.fr/image-sitemap.xmlhttps://servicesartisans.fr/sitemap/static.xml,2
20,https://servicesartisans.fr/services/domoticien,Domoticien : Tarifs 2026 + Devis Gratuit | ServicesArtisans,text/html; charset=utf-8,false,200,0,true,0,true,https://servicesartisans.fr/image-sitemap.xmlhttps://servicesartisans.fr/sitemap/static.xml,2
20,https://servicesartisans.fr/blog/toiture-fuite-urgence-que-faire,Fuite Toiture Urgence : Bâchage + Réparation | ServicesArtisans,text/html; charset=utf-8,false,200,0,true,0,true,https://servicesartisans.fr/image-sitemap.xmlhttps://servicesartisans.fr/sitemap/static.xml,2
20,https://servicesartisans.fr/blog/tarif-horaire-artisan-comparatif-2026,Tarif Horaire Artisan 2026 : 30-95€/h | ServicesArtisans,text/html; charset=utf-8,false,200,0,true,0,true,https://servicesartisans.fr/image-sitemap.xmlhttps://servicesartisans.fr/sitemap/static.xml,2
20,https://servicesartisans.fr/blog/prix-serrurier-2026-tarifs-interventions,Prix Serrurier 2026 : 80-450€ — Barème officiel | ServicesArtisans,text/html; charset=utf-8,false,200,0,true,0,true,https://servicesartisans.fr/image-sitemap.xmlhttps://servicesartisans.fr/sitemap/static.xml,2
20,https://servicesartisans.fr/blog/prix-veranda-2026-guide-complet,Prix Véranda 2026 : Tarifs par Matériau | ServicesArtisans,text/html; charset=utf-8,false,200,0,true,0,true,https://servicesartisans.fr/image-sitemap.xmlhttps://servicesartisans.fr/sitemap/static.xml,2
20,https://servicesartisans.fr/villes/grenoble,Artisans Grenoble (38) 2026 — Devis gratuit | ServicesArtisans,text/html; charset=utf-8,false,200,0,true,0,true,https://servicesartisans.fr/image-sitemap.xmlhttps://servicesartisans.fr/sitemap/cities.xml,2
20,https://servicesartisans.fr/blog/permis-construire-declaration-prealable-guide,Permis ou Déclaration Préalable ? (2026) | ServicesArtisans,text/html; charset=utf-8,false,200,0,true,0,true,https://servicesartisans.fr/image-sitemap.xmlhttps://servicesartisans.fr/sitemap/static.xml,2
20,https://servicesartisans.fr/blog/prix-chauffagiste-2026-installation-entretien,Prix Chauffagiste 2026 : 45-95€/h — Barème complet | ServicesArtisans,text/html; charset=utf-8,false,200,0,true,0,true,https://servicesartisans.fr/image-sitemap.xmlhttps://servicesartisans.fr/sitemap/static.xml,2
20,https://servicesartisans.fr/blog/prix-jardinier-paysagiste-2026,Prix Jardinier 2026 : 25-80€/h — Barème complet | ServicesArtisans,text/html; charset=utf-8,false,200,0,true,0,true,https://servicesartisans.fr/image-sitemap.xmlhttps://servicesartisans.fr/sitemap/static.xml,2
20,https://servicesartisans.fr/blog/poser-parquet-flottant-diy,Poser du Parquet Flottant : Tutoriel DIY 2026 | ServicesArtisans,text/html; charset=utf-8,false,200,0,true,0,true,https://servicesartisans.fr/image-sitemap.xmlhttps://servicesartisans.fr/sitemap/static.xml,2
20,https://servicesartisans.fr/blog/comment-choisir-macon-guide,Choisir son Maçon en 2026 : les bons réflexes | ServicesArtisans,text/html; charset=utf-8,false,200,0,true,0,true,https://servicesartisans.fr/image-sitemap.xmlhttps://servicesartisans.fr/sitemap/static.xml,2
20,https://servicesartisans.fr/services/geometre,Géomètre France 2026 — Comparez + Devis | ServicesArtisans,text/html; charset=utf-8,false,200,0,true,0,true,https://servicesartisans.fr/image-sitemap.xmlhttps://servicesartisans.fr/sitemap/static.xml,2
20,https://servicesartisans.fr/services/pisciniste,Pisciniste : Tarifs 2026 + Devis Gratuit | ServicesArtisans,text/html; charset=utf-8,false,200,0,true,0,true,https://servicesartisans.fr/image-sitemap.xmlhttps://servicesartisans.fr/sitemap/static.xml,2
20,https://servicesartisans.fr/blog/prix-plombier-strasbourg-2026,Prix Plombier Strasbourg 2026 — Tarifs et Devis Gratuit | ServicesArtisans,text/html; charset=utf-8,false,200,0,true,0,true,https://servicesartisans.fr/image-sitemap.xmlhttps://servicesartisans.fr/sitemap/static.xml,2
20,https://servicesartisans.fr/blog/comment-changer-chasse-eau,Changer Mécanisme Chasse d'Eau : Tutoriel DIY | ServicesArtisans,text/html; charset=utf-8,false,200,0,true,0,true,https://servicesartisans.fr/image-sitemap.xmlhttps://servicesartisans.fr/sitemap/static.xml,2
20,https://servicesartisans.fr/blog/isolation-combles-materiaux-guide,"Isolation Combles 2026 : Matériaux, Prix, Aides | ServicesArtisans",text/html; charset=utf-8,false,200,0,true,0,true,https://servicesartisans.fr/image-sitemap.xmlhttps://servicesartisans.fr/sitemap/static.xml,2
20,https://servicesartisans.fr/blog/prix-serrurier-marseille-2026,Prix Serrurier Marseille 2026 — Tarifs et Devis Gratuit | ServicesArtisans,text/html; charset=utf-8,false,200,0,true,0,true,https://servicesartisans.fr/image-sitemap.xmlhttps://servicesartisans.fr/sitemap/static.xml,2
20,https://servicesartisans.fr/blog/comment-peindre-plafond,Peindre un Plafond Sans Traces : Tutoriel 2026 | ServicesArtisans,text/html; charset=utf-8,false,200,0,true,0,true,https://servicesartisans.fr/image-sitemap.xmlhttps://servicesartisans.fr/sitemap/static.xml,2
20,https://servicesartisans.fr/blog/cambriolage-securiser-porte-urgence,Après Cambriolage : Sécuriser Porte en Urgence | ServicesArtisans,text/html; charset=utf-8,false,200,0,true,0,true,https://servicesartisans.fr/image-sitemap.xmlhttps://servicesartisans.fr/sitemap/static.xml,2
20,https://servicesartisans.fr/blog/comment-choisir-peintre-guide,Comment Choisir Son Peintre : Guide 2026 | ServicesArtisans,text/html; charset=utf-8,false,200,0,true,0,true,https://servicesartisans.fr/image-sitemap.xmlhttps://servicesartisans.fr/sitemap/static.xml,2
20,https://servicesartisans.fr/services/desinsectisation,Désinsectisation France 2026 — Comparez + Devis | ServicesArtisans,text/html; charset=utf-8,false,200,0,true,0,true,https://servicesartisans.fr/image-sitemap.xmlhttps://servicesartisans.fr/sitemap/static.xml,2
20,https://servicesartisans.fr/blog/panne-chauffage-bebe-personnes-agees,Panne Chauffage Bébé/Âgé : Solutions d'Urgence | ServicesArtisans,text/html; charset=utf-8,false,200,0,true,0,true,https://servicesartisans.fr/image-sitemap.xmlhttps://servicesartisans.fr/sitemap/static.xml,2
20,https://servicesartisans.fr/blog/prix-construction-maison-neuve-m2-2026,Prix Maison Neuve 2026 : 1 200-2 800€/m² | ServicesArtisans,text/html; charset=utf-8,false,200,0,true,0,true,https://servicesartisans.fr/image-sitemap.xmlhttps://servicesartisans.fr/sitemap/static.xml,2
20,https://servicesartisans.fr/blog/proteger-canalisations-gel-hiver,Canalisations gel hiver : protection guide | ServicesArtisans,text/html; charset=utf-8,false,200,0,true,0,true,https://servicesartisans.fr/image-sitemap.xmlhttps://servicesartisans.fr/sitemap/static.xml,2
0,https://servicesartisans.fr/blog/maprimer%C3%A9nov-2026-conditions-montants,,text/plain,false,301,0,false,0,true,https://servicesartisans.fr/image-sitemap.xmlhttps://servicesartisans.fr/sitemap/static.xml,2
