"﻿""PR""",URL,Title,Content type,Is rendered page,HTTP status code,Organic traffic,Depth,Title length,No. of titles,Is indexable page
28,https://servicesartisans.fr/questions/prix-pose-carrelage-m2,Quel est le prix de la pose de carrelage au m² ? | ServicesArtisans | ServicesArtisans,text/html; charset=utf-8,false,200,1,0,86,1,true
20,https://servicesartisans.fr/blog/canalisation-bouchee-urgence,Canalisation Bouchée : Solutions DIY + Prix Plombier | ServicesArtisans,text/html; charset=utf-8,false,200,0,0,71,1,true
20,https://servicesartisans.fr/services/plombier/saint-just-en-chaussee,Plombier à Saint-Just-en-Chaussée — Devis Gratuit 2026 | ServicesArtisans,text/html; charset=utf-8,false,200,0,0,73,1,true
20,https://servicesartisans.fr/questions/peindre-soi-meme-conseils,Comment bien peindre soi-même un mur ? | ServicesArtisans | ServicesArtisans,text/html; charset=utf-8,false,200,0,0,76,1,true
20,https://servicesartisans.fr/blog/prix-electricien-montpellier-2026,Prix Électricien Montpellier 2026 — Tarifs et Devis Gratuit | ServicesArtisans,text/html; charset=utf-8,false,200,0,0,78,1,true
20,https://servicesartisans.fr/services/serrurier/villefranche-de-lauragais,Serrurier Villefranche-de-Lauragais (31) — Devis 2026 | ServicesArtisans,text/html; charset=utf-8,false,200,0,0,72,1,true
20,https://servicesartisans.fr/services/chauffagiste/saint-jean-de-braye,Chauffagiste à Saint-Jean-de-Braye — Devis Gratuit 2026 | ServicesArtisans,text/html; charset=utf-8,false,200,0,0,74,1,true
20,https://servicesartisans.fr/services/electricien/verneuil-d-avre-et-d-iton,Électricien à Verneuil d'Avre et d'Iton — Devis Gratuit… | ServicesArtisans,text/html; charset=utf-8,false,200,0,0,75,1,true
20,https://servicesartisans.fr/questions/prix-cuisine-equipee-pose,Quel budget pour une cuisine équipée avec pose ? | ServicesArtisans | ServicesArtisans,text/html; charset=utf-8,false,200,0,0,86,1,true
20,https://servicesartisans.fr/blog/prix-electricien-strasbourg-2026,Prix Électricien Strasbourg 2026 — Tarifs et Devis Gratuit | ServicesArtisans,text/html; charset=utf-8,false,200,0,0,77,1,true
20,https://servicesartisans.fr/services/chauffagiste/dammartin-en-goele,Chauffagiste à Dammartin-en-Goële — Devis Gratuit 2026 | ServicesArtisans,text/html; charset=utf-8,false,200,0,0,73,1,true
20,https://servicesartisans.fr/blog/tag/energie-renouvelable,énergie renouvelable — Articles & Guides | ServicesArtisans | ServicesArtisans,text/html; charset=utf-8,false,200,0,0,78,1,true
20,https://servicesartisans.fr/services/chauffagiste/talmont-saint-hilaire,Chauffagiste à Talmont-Saint-Hilaire : 2 Pros + Devis | ServicesArtisans,text/html; charset=utf-8,false,200,0,0,72,1,true
20,https://servicesartisans.fr/services/chauffagiste/la-chapelle-d-armentieres,Chauffagiste à La Chapelle-d'Armentières — Devis Gratuit… | ServicesArtisans,text/html; charset=utf-8,false,200,0,0,76,1,true
20,https://servicesartisans.fr/services/chauffagiste/aubigny-les-clouzeaux,Chauffagiste à Aubigny-Les Clouzeaux — Devis Gratuit 2026 | ServicesArtisans,text/html; charset=utf-8,false,200,0,0,76,1,true
20,https://servicesartisans.fr/garantie,Garantie ServicesArtisans — Notre engagement qualité | ServicesArtisans,text/html; charset=utf-8,false,200,0,0,71,1,true
20,https://servicesartisans.fr/services/plombier/saint-sebastien-de-morsent,Plombier Saint-Sébastien-de-Morsent (27) — Devis 2026 | ServicesArtisans,text/html; charset=utf-8,false,200,0,0,72,1,true
20,https://servicesartisans.fr/services/electricien/montigny-les-metz,Électricien à Montigny-lès-Metz — Devis Gratuit 2026 | ServicesArtisans,text/html; charset=utf-8,false,200,0,0,71,1,true
20,https://servicesartisans.fr/services/serrurier/saint-fargeau-ponthierry,Serrurier à Saint-Fargeau-Ponthierry — Devis Gratuit 2026 | ServicesArtisans,text/html; charset=utf-8,false,200,0,0,76,1,true
20,https://servicesartisans.fr/services/plombier/saint-remy-les-chevreuse,Plombier Saint-Rémy-lès-Chevreuse 2026 — Devis Gratuit | ServicesArtisans,text/html; charset=utf-8,false,200,0,0,73,1,true
20,https://servicesartisans.fr/services/chauffagiste/ballancourt-sur-essonne,Chauffagiste Ballancourt-sur-Essonne (91) — Devis 2026 | ServicesArtisans,text/html; charset=utf-8,false,200,0,0,73,1,true
20,https://servicesartisans.fr/services/chauffagiste/les-hauts-d-anjou,Chauffagiste à Les Hauts-d'Anjou — Devis Gratuit 2026 | ServicesArtisans,text/html; charset=utf-8,false,200,0,0,72,1,true
20,https://servicesartisans.fr/questions/deboucher-canalisation-astuces,Comment déboucher une canalisation naturellement ? | ServicesArtisans | ServicesArtisans,text/html; charset=utf-8,false,200,0,0,88,1,true
20,https://servicesartisans.fr/services/electricien/saint-andre-les-vergers,Électricien Saint-André-les-Vergers (10) — Devis 2026 | ServicesArtisans,text/html; charset=utf-8,false,200,0,0,72,1,true
20,https://servicesartisans.fr/services/electricien/saint-jean-bonnefonds,Électricien Saint-Jean-Bonnefonds 2026 — Devis Gratuit | ServicesArtisans,text/html; charset=utf-8,false,200,0,0,73,1,true
20,https://servicesartisans.fr/services/serrurier/saint-andre-les-vergers,Serrurier à Saint-André-les-Vergers — Devis Gratuit 2026 | ServicesArtisans,text/html; charset=utf-8,false,200,0,0,75,1,true
20,https://servicesartisans.fr/services/chauffagiste/chateauneuf-sur-loire,Chauffagiste Châteauneuf-sur-Loire 2026 — Devis Gratuit | ServicesArtisans,text/html; charset=utf-8,false,200,0,0,74,1,true
20,https://servicesartisans.fr/services/serrurier/saint-barthelemy-d-anjou,Serrurier à Saint-Barthélemy-d'Anjou — Devis Gratuit 2026 | ServicesArtisans,text/html; charset=utf-8,false,200,0,0,76,1,true
20,https://servicesartisans.fr/services/chauffagiste/saint-alban-leysse,Chauffagiste Saint-Alban-Leysse 2026 — Devis Gratuit | ServicesArtisans,text/html; charset=utf-8,false,200,0,0,71,1,true
20,https://servicesartisans.fr/blog/tag/fibre-optique,Fibre optique — Articles & Guides | ServicesArtisans | ServicesArtisans,text/html; charset=utf-8,false,200,0,0,71,1,true
20,https://servicesartisans.fr/questions/prix-peinture-appartement,Quel est le prix pour peindre un appartement ? | ServicesArtisans | ServicesArtisans,text/html; charset=utf-8,false,200,0,0,84,1,true
20,https://servicesartisans.fr/blog/tag/design-interieur,design intérieur — Articles & Guides | ServicesArtisans | ServicesArtisans,text/html; charset=utf-8,false,200,0,0,74,1,true
20,https://servicesartisans.fr/services/serrurier/saint-genis-les-ollieres,Serrurier Saint-Genis-les-Ollières (69) — Devis 2026 | ServicesArtisans,text/html; charset=utf-8,false,200,0,0,71,1,true
20,https://servicesartisans.fr/services/serrurier/voisins-le-bretonneux,Serrurier à Voisins-le-Bretonneux — Devis Gratuit 2026 | ServicesArtisans,text/html; charset=utf-8,false,200,0,0,73,1,true
20,https://servicesartisans.fr/services/serrurier/villeneuve-la-garenne,Serrurier Villeneuve-la-Garenne 2026 — Devis Gratuit | ServicesArtisans,text/html; charset=utf-8,false,200,0,0,71,1,true
20,https://servicesartisans.fr/services/electricien/saint-etienne-au-mont,Électricien Saint-Étienne-au-Mont 2026 — Devis Gratuit | ServicesArtisans,text/html; charset=utf-8,false,200,0,0,73,1,true
20,https://servicesartisans.fr/glossaire,Glossaire du bâtiment — 150+ termes expliqués simplement | ServicesArtisans,text/html; charset=utf-8,false,200,0,0,75,1,true
20,https://servicesartisans.fr/services/chauffagiste/charvieu-chavagneux,Chauffagiste à Charvieu-Chavagneux — Devis Gratuit 2026 | ServicesArtisans,text/html; charset=utf-8,false,200,0,0,74,1,true
20,https://servicesartisans.fr/services/chauffagiste/chateauneuf-les-martigues,Chauffagiste à Châteauneuf-les-Martigues — Devis Gratuit… | ServicesArtisans,text/html; charset=utf-8,false,200,0,0,76,1,true
20,https://servicesartisans.fr/services/chauffagiste/beaupreau-en-mauges,Chauffagiste Beaupréau-en-Mauges 2026 — Devis Gratuit | ServicesArtisans,text/html; charset=utf-8,false,200,0,0,72,1,true
20,https://servicesartisans.fr/blog/prix-serrurier-montpellier-2026,Prix Serrurier Montpellier 2026 — Tarifs et Devis Gratuit | ServicesArtisans,text/html; charset=utf-8,false,200,0,0,76,1,true
20,https://servicesartisans.fr/services/serrurier/saint-martin-lez-tatinghem,Serrurier Saint-Martin-lez-Tatinghem (62) — Devis 2026 | ServicesArtisans,text/html; charset=utf-8,false,200,0,0,73,1,true
20,https://servicesartisans.fr/services/electricien/saint-pierre-les-elbeuf,Électricien Saint-Pierre-lès-Elbeuf 2026 : 9 Artisans | ServicesArtisans,text/html; charset=utf-8,false,200,0,0,72,1,true
20,https://servicesartisans.fr/services/chauffagiste/saint-brevin-les-pins,Chauffagiste Saint-Brevin-les-Pins (44) — Devis 2026 | ServicesArtisans,text/html; charset=utf-8,false,200,0,0,71,1,true
20,https://servicesartisans.fr/questions/prix-renovation-maison-m2,Quel est le prix de rénovation d'une maison au m² ? | ServicesArtisans | ServicesArtisans,text/html; charset=utf-8,false,200,0,0,89,1,true
20,https://servicesartisans.fr/services/chauffagiste/divatte-sur-loire,Chauffagiste à Divatte-sur-Loire — Devis Gratuit 2026 | ServicesArtisans,text/html; charset=utf-8,false,200,0,0,72,1,true
20,https://servicesartisans.fr/blog/tag/desinsectisation,Désinsectisation — Articles & Guides | ServicesArtisans | ServicesArtisans,text/html; charset=utf-8,false,200,0,0,74,1,true
20,https://servicesartisans.fr/services/chauffagiste/souleuvre-en-bocage,Chauffagiste à Souleuvre en Bocage — Devis Gratuit 2026 | ServicesArtisans,text/html; charset=utf-8,false,200,0,0,74,1,true
20,https://servicesartisans.fr/services/plombier/saint-thibault-des-vignes,Plombier Saint-Thibault-des-Vignes (77) — Devis 2026 | ServicesArtisans,text/html; charset=utf-8,false,200,0,0,71,1,true
20,https://servicesartisans.fr/services/electricien/belleville-en-beaujolais,Électricien Belleville-en-Beaujolais 2026 — Devis Gratuit | ServicesArtisans,text/html; charset=utf-8,false,200,0,0,76,1,true
20,https://servicesartisans.fr/services/chauffagiste/saint-martin-d-heres,Chauffagiste Saint-Martin-d'Hères 2026 — Devis Gratuit | ServicesArtisans,text/html; charset=utf-8,false,200,0,0,73,1,true
20,https://servicesartisans.fr/blog/tag/traitement-eau,traitement eau — Articles & Guides | ServicesArtisans | ServicesArtisans,text/html; charset=utf-8,false,200,0,0,72,1,true
20,https://servicesartisans.fr/services/electricien/saint-michel-sur-orge,Électricien à Saint-Michel-sur-Orge : 38 Pros + Devis | ServicesArtisans,text/html; charset=utf-8,false,200,0,0,72,1,true
20,https://servicesartisans.fr/services/serrurier/villefranche-sur-mer,Serrurier à Villefranche-sur-Mer — Devis Gratuit 2026 | ServicesArtisans,text/html; charset=utf-8,false,200,0,0,72,1,true
20,https://servicesartisans.fr/services/serrurier/gretz-armainvilliers,Serrurier à Gretz-Armainvilliers — Devis Gratuit 2026 | ServicesArtisans,text/html; charset=utf-8,false,200,0,0,72,1,true
20,https://servicesartisans.fr/services/chauffagiste/saint-martin-de-seignanx,Chauffagiste à Saint-Martin-de-Seignanx — Devis Gratuit… | ServicesArtisans,text/html; charset=utf-8,false,200,0,0,75,1,true
20,https://servicesartisans.fr/services/chauffagiste/verneuil-d-avre-et-d-iton,Chauffagiste à Verneuil d'Avre et d'Iton — Devis Gratuit… | ServicesArtisans,text/html; charset=utf-8,false,200,0,0,76,1,true
20,https://servicesartisans.fr/tarifs/plombier,Combien coûte un plombier en 2026 ? Prix + Devis Gratuit | ServicesArtisans,text/html; charset=utf-8,false,200,0,0,75,1,true
20,https://servicesartisans.fr/services/chauffagiste/chemille-en-anjou,Chauffagiste à Chemillé-en-Anjou — Devis Gratuit 2026 | ServicesArtisans,text/html; charset=utf-8,false,200,0,0,72,1,true
20,https://servicesartisans.fr/blog/tag/normes-electricite,normes électricité — Articles & Guides | ServicesArtisans | ServicesArtisans,text/html; charset=utf-8,false,200,0,0,76,1,true
20,https://servicesartisans.fr/blog/tag/nouvelle-aquitaine,Nouvelle-Aquitaine — Articles & Guides | ServicesArtisans | ServicesArtisans,text/html; charset=utf-8,false,200,0,0,76,1,true
20,https://servicesartisans.fr/questions/recours-malfacon-artisan,Quel recours en cas de malfaçon par un artisan ? | ServicesArtisans | ServicesArtisans,text/html; charset=utf-8,false,200,0,0,86,1,true
20,https://servicesartisans.fr/questions/installer-borne-recharge-soi-meme,Peut-on installer une borne de recharge soi-même ? | ServicesArtisans | ServicesArtisans,text/html; charset=utf-8,false,200,0,0,88,1,true
20,https://servicesartisans.fr/services/plombier/la-cadiere-d-azur,4.9★ (77 avis) · Plombier à La Cadière-d'Azur : 10 Pros… | ServicesArtisans,text/html; charset=utf-8,false,200,0,0,75,1,true
20,https://servicesartisans.fr/blog/prix-chauffagiste-montpellier-2026,Prix Chauffagiste Montpellier 2026 — Tarifs et Devis Gratuit | ServicesArtisans,text/html; charset=utf-8,false,200,0,0,79,1,true
20,https://servicesartisans.fr/blog/tag/tarifs-artisans,Tarifs artisans — Articles & Guides | ServicesArtisans | ServicesArtisans,text/html; charset=utf-8,false,200,0,0,73,1,true
20,https://servicesartisans.fr/blog/aide-renovation-energetique-paris-2026,Aides Rénovation Paris et Île-de-France — Guide 2026 | ServicesArtisans,text/html; charset=utf-8,false,200,0,0,71,1,true
20,https://servicesartisans.fr/services/plombier/le-beausset,4.9★ (77 avis) · Plombier Le Beausset (83) — Devis 2026 | ServicesArtisans,text/html; charset=utf-8,false,200,0,0,74,1,true
20,https://servicesartisans.fr/services/plombier/pourrieres,4.9★ (77 avis) · Plombier Pourrières 2026 : 9 Artisans | ServicesArtisans,text/html; charset=utf-8,false,200,0,0,73,1,true
20,https://servicesartisans.fr/services/plombier/saint-cyr-sur-mer,4.9★ (77 avis) · Plombier Saint-Cyr-sur-Mer (83) — Devis… | ServicesArtisans,text/html; charset=utf-8,false,200,0,0,76,1,true
20,https://servicesartisans.fr/leads-exclusifs-vs-partages,Leads exclusifs vs leads partagés : comparatif pour artisans du bâtiment | ServicesArtisans,text/html; charset=utf-8,false,200,0,0,91,1,true
20,https://servicesartisans.fr/services/electricien/cosne-cours-sur-loire,Électricien Cosne-Cours-sur-Loire 2026 — Devis Gratuit | ServicesArtisans,text/html; charset=utf-8,false,200,0,0,73,1,true
20,https://servicesartisans.fr/blog/tag/protection-solaire,Protection solaire — Articles & Guides | ServicesArtisans | ServicesArtisans,text/html; charset=utf-8,false,200,0,0,76,1,true
20,https://servicesartisans.fr/blog/prix-plombier-marseille-2026,Prix Plombier Marseille 2026 — Tarifs et Devis Gratuit | ServicesArtisans,text/html; charset=utf-8,false,200,0,0,73,1,true
20,https://servicesartisans.fr/services/electricien/la-chapelle-saint-luc,Électricien à La Chapelle-Saint-Luc — Devis Gratuit 2026 | ServicesArtisans,text/html; charset=utf-8,false,200,0,0,75,1,true
20,https://servicesartisans.fr/blog/tag/interdiction-location,Interdiction location — Articles & Guides | ServicesArtisans | ServicesArtisans,text/html; charset=utf-8,false,200,0,0,79,1,true
20,https://servicesartisans.fr/services/electricien/charbonnieres-les-bains,Électricien Charbonnières-les-Bains (69) — Devis 2026 | ServicesArtisans,text/html; charset=utf-8,false,200,0,0,72,1,true
20,https://servicesartisans.fr/services/plombier/sanary-sur-mer,4.9★ (77 avis) · Plombier Sanary-sur-Mer 2026 — Devis… | ServicesArtisans,text/html; charset=utf-8,false,200,0,0,73,1,true
20,https://servicesartisans.fr/services/chauffagiste/sainte-genevieve-des-bois,Chauffagiste à Sainte-Geneviève-des-Bois : 21 Pros + Devis | ServicesArtisans,text/html; charset=utf-8,false,200,0,0,77,1,true
20,https://servicesartisans.fr/services/plombier/oyonnax,4.5★ (89 avis) · Plombier à Oyonnax : 23 Pros + Devis | ServicesArtisans,text/html; charset=utf-8,false,200,0,0,72,1,true
20,https://servicesartisans.fr/blog/tag/plus-value-immobiliere,plus-value immobilière — Articles & Guides | ServicesArtisans | ServicesArtisans,text/html; charset=utf-8,false,200,0,0,80,1,true
20,https://servicesartisans.fr/services/electricien/villefranche-de-rouergue,Électricien Villefranche-de-Rouergue 2026 : 18 Artisans | ServicesArtisans,text/html; charset=utf-8,false,200,0,0,74,1,true
20,https://servicesartisans.fr/services/plombier/saint-arnoult-en-yvelines,Plombier à Saint-Arnoult-en-Yvelines — Devis Gratuit 2026 | ServicesArtisans,text/html; charset=utf-8,false,200,0,0,76,1,true
20,https://servicesartisans.fr/blog/tag/factures-energie,Factures énergie — Articles & Guides | ServicesArtisans | ServicesArtisans,text/html; charset=utf-8,false,200,0,0,74,1,true
20,https://servicesartisans.fr/blog/tag/reglementation,réglementation — Articles & Guides | ServicesArtisans | ServicesArtisans,text/html; charset=utf-8,false,200,0,0,72,1,true
20,https://servicesartisans.fr/villes/aix-en-provence,Aix-en-Provence : 46 métiers d'artisans — Devis 2026 | ServicesArtisans,text/html; charset=utf-8,false,200,0,0,71,1,true
20,https://servicesartisans.fr/services/chauffagiste/montigny-les-metz,Chauffagiste à Montigny-lès-Metz — Devis Gratuit 2026 | ServicesArtisans,text/html; charset=utf-8,false,200,0,0,72,1,true
20,https://servicesartisans.fr/services/chauffagiste/saint-bonnet-de-mure,Chauffagiste Saint-Bonnet-de-Mure 2026 : 11 Artisans | ServicesArtisans,text/html; charset=utf-8,false,200,0,0,71,1,true
20,https://servicesartisans.fr/services/chauffagiste/vallons-de-l-erdre,Chauffagiste Vallons-de-l'Erdre 2026 — Devis Gratuit | ServicesArtisans,text/html; charset=utf-8,false,200,0,0,71,1,true
20,https://servicesartisans.fr/blog/prix-chauffagiste-paris-2026,Prix Chauffagiste Paris 2026 — Tarifs et Devis Gratuit | ServicesArtisans,text/html; charset=utf-8,false,200,0,0,73,1,true
20,https://servicesartisans.fr/services/chauffagiste/le-relecq-kerhuon,Chauffagiste à Le Relecq-Kerhuon — Devis Gratuit 2026 | ServicesArtisans,text/html; charset=utf-8,false,200,0,0,72,1,true
20,https://servicesartisans.fr/services/serrurier/la-chapelle-saint-mesmin,Serrurier à La Chapelle-Saint-Mesmin : 4 Pros + Devis | ServicesArtisans,text/html; charset=utf-8,false,200,0,0,72,1,true
20,https://servicesartisans.fr/tarifs/panneaux-solaires,Combien coûte un panneaux solaires en 2026 ? 7000–20000€ | ServicesArtisans,text/html; charset=utf-8,false,200,0,0,75,1,true
20,https://servicesartisans.fr/questions/reception-travaux-comment-faire,Réception des travaux : comment ça se passe ? | ServicesArtisans | ServicesArtisans,text/html; charset=utf-8,false,200,0,0,83,1,true
20,https://servicesartisans.fr/blog/tag/economie-energie,économie énergie — Articles & Guides | ServicesArtisans | ServicesArtisans,text/html; charset=utf-8,false,200,0,0,74,1,true
20,https://servicesartisans.fr/questions/cout-installation-chaudiere,Combien coûte l'installation d'une chaudière ? | ServicesArtisans | ServicesArtisans,text/html; charset=utf-8,false,200,0,0,84,1,true
20,https://servicesartisans.fr/services/electricien/flines-lez-raches,Électricien à Flines-lez-Raches — Devis Gratuit 2026 | ServicesArtisans,text/html; charset=utf-8,false,200,0,0,71,1,true
20,https://servicesartisans.fr/services/plombier/entraigues-sur-la-sorgue,Plombier Entraigues-sur-la-Sorgue 2026 : 13 Artisans | ServicesArtisans,text/html; charset=utf-8,false,200,0,0,71,1,true
20,https://servicesartisans.fr/services/electricien/saint-martin-de-crau,Électricien Saint-Martin-de-Crau 2026 — Devis Gratuit | ServicesArtisans,text/html; charset=utf-8,false,200,0,0,72,1,true
20,https://servicesartisans.fr/services/electricien/le-bourget-du-lac,Électricien à Le Bourget-du-Lac — Devis Gratuit 2026 | ServicesArtisans,text/html; charset=utf-8,false,200,0,0,71,1,true
20,https://servicesartisans.fr/services/chauffagiste/saint-martin-le-vinoux,Chauffagiste Saint-Martin-le-Vinoux 2026 — Devis Gratuit | ServicesArtisans,text/html; charset=utf-8,false,200,0,0,75,1,true
20,https://servicesartisans.fr/services/serrurier/chateau-gontier-sur-mayenne,Serrurier à Château-Gontier-sur-Mayenne — Devis Gratuit… | ServicesArtisans,text/html; charset=utf-8,false,200,0,0,75,1,true
20,https://servicesartisans.fr/services/chauffagiste/entraigues-sur-la-sorgue,Chauffagiste à Entraigues-sur-la-Sorgue — Devis Gratuit… | ServicesArtisans,text/html; charset=utf-8,false,200,0,0,75,1,true
20,https://servicesartisans.fr/services/plombier/la-valette-du-var,4.9★ (77 avis) · Plombier à La Valette-du-Var : 48 Pros… | ServicesArtisans,text/html; charset=utf-8,false,200,0,0,75,1,true
20,https://servicesartisans.fr/services/chauffagiste/saint-thibault-des-vignes,Chauffagiste Saint-Thibault-des-Vignes (77) — Devis 2026 | ServicesArtisans,text/html; charset=utf-8,false,200,0,0,75,1,true
20,https://servicesartisans.fr/tarifs/architecte-interieur,Prix Architecte d'intérieur 2026 : combien prévoir ?… | ServicesArtisans,text/html; charset=utf-8,false,200,0,0,72,1,true
20,https://servicesartisans.fr/blog/prix-electricien-nantes-2026,Prix Électricien Nantes 2026 — Tarifs et Devis Gratuit | ServicesArtisans,text/html; charset=utf-8,false,200,0,0,73,1,true
20,https://servicesartisans.fr/guides/renovation-cuisine,Rénovation Cuisine : Guide Complet des Étapes et Prix 2026 | ServicesArtisans,text/html; charset=utf-8,false,200,0,0,77,1,true
20,https://servicesartisans.fr/services/chauffagiste/pernes-les-fontaines,Chauffagiste à Pernes-les-Fontaines : 5 Pros + Devis | ServicesArtisans,text/html; charset=utf-8,false,200,0,0,71,1,true
20,https://servicesartisans.fr/guides/extension-maison,"Extension de Maison : Démarches, Prix et Conseils 2026 | ServicesArtisans",text/html; charset=utf-8,false,200,0,0,73,1,true
20,https://servicesartisans.fr/services/chauffagiste/vigneux-sur-seine,Chauffagiste à Vigneux-sur-Seine — Devis Gratuit 2026 | ServicesArtisans,text/html; charset=utf-8,false,200,0,0,72,1,true
20,https://servicesartisans.fr/services/electricien/saint-maurice-l-exil,Électricien Saint-Maurice-l'Exil 2026 — Devis Gratuit | ServicesArtisans,text/html; charset=utf-8,false,200,0,0,72,1,true
20,https://servicesartisans.fr/services/electricien/saint-yrieix-sur-charente,Électricien à Saint-Yrieix-sur-Charente : 9 Pros + Devis | ServicesArtisans,text/html; charset=utf-8,false,200,0,0,75,1,true
20,https://servicesartisans.fr/services/plombier/carqueiranne,4.9★ (77 avis) · Plombier Carqueiranne 2026 — Devis… | ServicesArtisans,text/html; charset=utf-8,false,200,0,0,71,1,true
20,https://servicesartisans.fr/services/serrurier/le-controis-en-sologne,Serrurier à Le Controis-en-Sologne — Devis Gratuit 2026 | ServicesArtisans,text/html; charset=utf-8,false,200,0,0,74,1,true
20,https://servicesartisans.fr/services/electricien/fouquieres-les-lens,Électricien Fouquières-lès-Lens 2026 — Devis Gratuit | ServicesArtisans,text/html; charset=utf-8,false,200,0,0,71,1,true
20,https://servicesartisans.fr/services/electricien/saint-vincent-de-tyrosse,Électricien Saint-Vincent-de-Tyrosse 2026 — Devis Gratuit | ServicesArtisans,text/html; charset=utf-8,false,200,0,0,76,1,true
20,https://servicesartisans.fr/services/serrurier/la-plaine-des-palmistes,Serrurier à La Plaine-des-Palmistes : 2 Pros + Devis | ServicesArtisans,text/html; charset=utf-8,false,200,0,0,71,1,true
20,https://servicesartisans.fr/services/serrurier/saint-paul-trois-chateaux,Serrurier Saint-Paul-Trois-Châteaux 2026 — Devis Gratuit | ServicesArtisans,text/html; charset=utf-8,false,200,0,0,75,1,true
20,https://servicesartisans.fr/services/chauffagiste/boulogne-billancourt,Chauffagiste Boulogne-Billancourt 2026 : 54 Artisans | ServicesArtisans,text/html; charset=utf-8,false,200,0,0,71,1,true
20,https://servicesartisans.fr/services/serrurier/saint-orens-de-gameville,Serrurier à Saint-Orens-de-Gameville : 5 Pros + Devis | ServicesArtisans,text/html; charset=utf-8,false,200,0,0,72,1,true
20,https://servicesartisans.fr/blog/prix-chauffagiste-nantes-2026,Prix Chauffagiste Nantes 2026 — Tarifs et Devis Gratuit | ServicesArtisans,text/html; charset=utf-8,false,200,0,0,74,1,true
20,https://servicesartisans.fr/comparaison/fenetre-pvc-vs-aluminium-vs-bois,Fenêtre PVC vs Aluminium vs Bois : quel matériau choisir ? | ServicesArtisans,text/html; charset=utf-8,false,200,0,0,77,1,true
20,https://servicesartisans.fr/blog/tag/eco-renovons-paris,Éco-Rénovons Paris+ — Articles & Guides | ServicesArtisans | ServicesArtisans,text/html; charset=utf-8,false,200,0,0,77,1,true
20,https://servicesartisans.fr/blog/tag/audit-energetique,Audit énergétique — Articles & Guides | ServicesArtisans | ServicesArtisans,text/html; charset=utf-8,false,200,0,0,75,1,true
20,https://servicesartisans.fr/services/serrurier/saint-laurent-de-la-salanque,Serrurier à Saint-Laurent-de-la-Salanque : 5 Pros + Devis | ServicesArtisans,text/html; charset=utf-8,false,200,0,0,76,1,true
20,https://servicesartisans.fr/services/chauffagiste/saint-maixent-l-ecole,Chauffagiste à Saint-Maixent-l'École — Artisans 2026 | ServicesArtisans,text/html; charset=utf-8,false,200,0,0,71,1,true
20,https://servicesartisans.fr/services/serrurier/villebon-sur-yvette,Serrurier à Villebon-sur-Yvette — Devis Gratuit 2026 | ServicesArtisans,text/html; charset=utf-8,false,200,0,0,71,1,true
20,https://servicesartisans.fr/blog/prix-peintre-en-batiment-lyon-2026,Prix Peintre en bâtiment Lyon 2026 — Tarifs et Devis Gratuit | ServicesArtisans,text/html; charset=utf-8,false,200,0,0,79,1,true
20,https://servicesartisans.fr/services/plombier/chateauneuf-les-martigues,Plombier à Châteauneuf-les-Martigues — Devis Gratuit 2026 | ServicesArtisans,text/html; charset=utf-8,false,200,0,0,76,1,true
20,https://servicesartisans.fr/questions/tarif-serrurier-urgence,Quel est le tarif d'un serrurier en urgence ? | ServicesArtisans | ServicesArtisans,text/html; charset=utf-8,false,200,0,0,83,1,true
20,https://servicesartisans.fr/services/serrurier/saint-martin-de-seignanx,Serrurier à Saint-Martin-de-Seignanx — Devis Gratuit 2026 | ServicesArtisans,text/html; charset=utf-8,false,200,0,0,76,1,true
20,https://servicesartisans.fr/blog/tag/architecte-d-interieur,Architecte d'intérieur — Articles & Guides | ServicesArtisans | ServicesArtisans,text/html; charset=utf-8,false,200,0,0,80,1,true
20,https://servicesartisans.fr/services/chauffagiste/savigny-sur-orge,Chauffagiste à Savigny-sur-Orge — Devis Gratuit 2026 | ServicesArtisans,text/html; charset=utf-8,false,200,0,0,71,1,true
20,https://servicesartisans.fr/services/serrurier/carentan-les-marais,Serrurier à Carentan-les-Marais — Devis Gratuit 2026 | ServicesArtisans,text/html; charset=utf-8,false,200,0,0,71,1,true
20,https://servicesartisans.fr/blog/tag/isolation-phonique,isolation phonique — Articles & Guides | ServicesArtisans | ServicesArtisans,text/html; charset=utf-8,false,200,0,0,76,1,true
20,https://servicesartisans.fr/blog/tag/prime-energie,Prime énergie — Articles & Guides | ServicesArtisans | ServicesArtisans,text/html; charset=utf-8,false,200,0,0,71,1,true
20,https://servicesartisans.fr/services/electricien/saint-arnoult-en-yvelines,Électricien à Saint-Arnoult-en-Yvelines : 9 Pros + Devis | ServicesArtisans,text/html; charset=utf-8,false,200,0,0,75,1,true
20,https://servicesartisans.fr/devenir-partenaire-cee,Devenir partenaire CEE — Leads exclusifs et gestion des primes pour artisans RGE | ServicesArtisans,text/html; charset=utf-8,false,200,0,0,99,1,true
20,https://servicesartisans.fr/services/electricien/saint-martin-la-pallu,Électricien à Saint-Martin-la-Pallu : 4 Pros + Devis | ServicesArtisans,text/html; charset=utf-8,false,200,0,0,71,1,true
20,https://servicesartisans.fr/services/serrurier/ballancourt-sur-essonne,Serrurier à Ballancourt-sur-Essonne — Devis Gratuit 2026 | ServicesArtisans,text/html; charset=utf-8,false,200,0,0,75,1,true
20,https://servicesartisans.fr/services/electricien/le-controis-en-sologne,Électricien à Le Controis-en-Sologne — Devis Gratuit 2026 | ServicesArtisans,text/html; charset=utf-8,false,200,0,0,76,1,true
20,https://servicesartisans.fr/services/serrurier/beaupreau-en-mauges,Serrurier à Beaupréau-en-Mauges — Devis Gratuit 2026 | ServicesArtisans,text/html; charset=utf-8,false,200,0,0,71,1,true
20,https://servicesartisans.fr/blog/tag/auvergne-rhone-alpes,Auvergne-Rhône-Alpes — Articles & Guides | ServicesArtisans | ServicesArtisans,text/html; charset=utf-8,false,200,0,0,78,1,true
20,https://servicesartisans.fr/blog/tag/obligation-legale,obligation légale — Articles & Guides | ServicesArtisans | ServicesArtisans,text/html; charset=utf-8,false,200,0,0,75,1,true
20,https://servicesartisans.fr/services/serrurier/saint-denis-de-pile,Serrurier à Saint-Denis-de-Pile — Devis Gratuit 2026 | ServicesArtisans,text/html; charset=utf-8,false,200,0,0,71,1,true
20,https://servicesartisans.fr/services/serrurier/laneuveville-devant-nancy,Serrurier à Laneuveville-devant-Nancy : 2 Pros + Devis | ServicesArtisans,text/html; charset=utf-8,false,200,0,0,73,1,true
20,https://servicesartisans.fr/services/plombier/saint-germain-en-laye,Plombier à Saint-Germain-en-Laye — Devis Gratuit 2026 | ServicesArtisans,text/html; charset=utf-8,false,200,0,0,72,1,true
20,https://servicesartisans.fr/services/electricien/villeneuve-saint-georges,Électricien à Villeneuve-Saint-Georges — Devis Gratuit… | ServicesArtisans,text/html; charset=utf-8,false,200,0,0,74,1,true
20,https://servicesartisans.fr/services/plombier/saint-andre-de-cubzac,Plombier à Saint-André-de-Cubzac — Devis Gratuit 2026 | ServicesArtisans,text/html; charset=utf-8,false,200,0,0,72,1,true
20,https://servicesartisans.fr/normes,"Normes du Bâtiment : DTU, NF et Réglementations Essentielles | ServicesArtisans",text/html; charset=utf-8,false,200,0,0,79,1,true
20,https://servicesartisans.fr/blog/eco-ptz-2026-pret-taux-zero-renovation,Éco-PTZ 2026 : Jusqu'à 50 000€ à Taux Zéro — Guide 2026 | ServicesArtisans,text/html; charset=utf-8,false,200,0,0,74,1,true
20,https://servicesartisans.fr/services/chauffagiste/longpont-sur-orge,Chauffagiste à Longpont-sur-Orge — Devis Gratuit 2026 | ServicesArtisans,text/html; charset=utf-8,false,200,0,0,72,1,true
20,https://servicesartisans.fr/services/chauffagiste/la-londe-les-maures,Chauffagiste à La Londe-les-Maures — Devis Gratuit 2026 | ServicesArtisans,text/html; charset=utf-8,false,200,0,0,74,1,true
20,https://servicesartisans.fr/services/serrurier/saint-aubin-les-elbeuf,Serrurier Saint-Aubin-lès-Elbeuf : Devis Gratuit 2026 | ServicesArtisans,text/html; charset=utf-8,false,200,0,0,72,1,true
20,https://servicesartisans.fr/services/chauffagiste/villefranche-sur-saone,Chauffagiste Villefranche-sur-Saône 2026 : 22 Artisans | ServicesArtisans,text/html; charset=utf-8,false,200,0,0,73,1,true
20,https://servicesartisans.fr/services/chauffagiste/maizieres-les-metz,Chauffagiste Maizières-lès-Metz 2026 — Devis Gratuit | ServicesArtisans,text/html; charset=utf-8,false,200,0,0,71,1,true
20,https://servicesartisans.fr/services/electricien/saint-jean-d-angely,Électricien à Saint-Jean-d'Angély — Devis Gratuit 2026 | ServicesArtisans,text/html; charset=utf-8,false,200,0,0,73,1,true
20,https://servicesartisans.fr/services/chauffagiste/saint-gely-du-fesc,Chauffagiste Saint-Gély-du-Fesc 2026 — Devis Gratuit | ServicesArtisans,text/html; charset=utf-8,false,200,0,0,71,1,true
20,https://servicesartisans.fr/blog/tag/tendances-2026,tendances 2026 — Articles & Guides | ServicesArtisans | ServicesArtisans,text/html; charset=utf-8,false,200,0,0,72,1,true
20,https://servicesartisans.fr/blog/tag/travaux-valorisation,travaux valorisation — Articles & Guides | ServicesArtisans | ServicesArtisans,text/html; charset=utf-8,false,200,0,0,78,1,true
20,https://servicesartisans.fr/services/electricien/marennes-hiers-brouage,Électricien Marennes-Hiers-Brouage 2026 — Devis Gratuit | ServicesArtisans,text/html; charset=utf-8,false,200,0,0,74,1,true
20,https://servicesartisans.fr/services/plombier/montigny-les-cormeilles,Plombier Montigny-lès-Cormeilles 2026 — Devis Gratuit | ServicesArtisans,text/html; charset=utf-8,false,200,0,0,72,1,true
20,https://servicesartisans.fr/services/chauffagiste/conflans-sainte-honorine,Chauffagiste à Conflans-Sainte-Honorine — Devis Gratuit… | ServicesArtisans,text/html; charset=utf-8,false,200,0,0,75,1,true
20,https://servicesartisans.fr/services/serrurier/entraigues-sur-la-sorgue,Serrurier à Entraigues-sur-la-Sorgue — Devis Gratuit 2026 | ServicesArtisans,text/html; charset=utf-8,false,200,0,0,76,1,true
20,https://servicesartisans.fr/blog/tag/aides-locales,Aides locales — Articles & Guides | ServicesArtisans | ServicesArtisans,text/html; charset=utf-8,false,200,0,0,71,1,true
20,https://servicesartisans.fr/blog/tag/subventions-travaux,subventions travaux — Articles & Guides | ServicesArtisans | ServicesArtisans,text/html; charset=utf-8,false,200,0,0,77,1,true
20,https://servicesartisans.fr/blog/tag/surface-habitable,Surface habitable — Articles & Guides | ServicesArtisans | ServicesArtisans,text/html; charset=utf-8,false,200,0,0,75,1,true
20,https://servicesartisans.fr/blog/tag/economie-d-energie,économie d’énergie — Articles & Guides | ServicesArtisans | ServicesArtisans,text/html; charset=utf-8,false,200,0,0,76,1,true
20,https://servicesartisans.fr/questions/prix-installation-climatisation,Quel est le prix d'une installation de climatisation ? | ServicesArtisans | ServicesArtisans,text/html; charset=utf-8,false,200,0,0,92,1,true
20,https://servicesartisans.fr/services/electricien/saint-andre-lez-lille,Électricien Saint-André-lez-Lille 2026 : 13 Artisans | ServicesArtisans,text/html; charset=utf-8,false,200,0,0,71,1,true
20,https://servicesartisans.fr/services/serrurier/saint-martin-boulogne,Serrurier Saint-Martin-Boulogne 2026 — Devis Gratuit | ServicesArtisans,text/html; charset=utf-8,false,200,0,0,71,1,true
20,https://servicesartisans.fr/services/electricien/vand-uvre-les-nancy,Électricien à Vandœuvre-lès-Nancy — Devis Gratuit 2026 | ServicesArtisans,text/html; charset=utf-8,false,200,0,0,73,1,true
20,https://servicesartisans.fr/blog/tag/prix-chauffagiste,Prix chauffagiste — Articles & Guides | ServicesArtisans | ServicesArtisans,text/html; charset=utf-8,false,200,0,0,75,1,true
20,https://servicesartisans.fr/services/electricien/ferriere-la-grande,Électricien à Ferrière-la-Grande — Devis Gratuit 2026 | ServicesArtisans,text/html; charset=utf-8,false,200,0,0,72,1,true
20,https://servicesartisans.fr/services/chauffagiste/bons-en-chablais,Chauffagiste à Bons-en-Chablais — Devis Gratuit 2026 | ServicesArtisans,text/html; charset=utf-8,false,200,0,0,71,1,true
20,https://servicesartisans.fr/services/chauffagiste/saint-laurent-du-maroni,Chauffagiste Saint-Laurent-du-Maroni (973) — Devis 2026 | ServicesArtisans,text/html; charset=utf-8,false,200,0,0,74,1,true
20,https://servicesartisans.fr/services/electricien/les-avenieres-veyrins-thuellin,Électricien à Les Avenières Veyrins-Thuellin — Devis… | ServicesArtisans,text/html; charset=utf-8,false,200,0,0,72,1,true
20,https://servicesartisans.fr/services/chauffagiste/port-jerome-sur-seine,Chauffagiste à Port-Jérôme-sur-Seine — Devis Gratuit 2026 | ServicesArtisans,text/html; charset=utf-8,false,200,0,0,76,1,true
20,https://servicesartisans.fr/services/plombier/montauroux,4.9★ (77 avis) · Plombier Montauroux (83) — Devis 2026 | ServicesArtisans,text/html; charset=utf-8,false,200,0,0,73,1,true
20,https://servicesartisans.fr/services/serrurier/port-saint-louis-du-rhone,Serrurier Port-Saint-Louis-du-Rhône (13) — Devis 2026 | ServicesArtisans,text/html; charset=utf-8,false,200,0,0,72,1,true
20,https://servicesartisans.fr/questions/quelles-certifications-artisan,Quelles certifications doit avoir un artisan ? | ServicesArtisans | ServicesArtisans,text/html; charset=utf-8,false,200,0,0,84,1,true
20,https://servicesartisans.fr/services/chauffagiste/saint-pierre-des-corps,Chauffagiste Saint-Pierre-des-Corps 2026 — Devis Gratuit | ServicesArtisans,text/html; charset=utf-8,false,200,0,0,75,1,true
20,https://servicesartisans.fr/blog/tag/declaration-prealable,Déclaration préalable — Articles & Guides | ServicesArtisans | ServicesArtisans,text/html; charset=utf-8,false,200,0,0,79,1,true
20,https://servicesartisans.fr/services/plombier/villeneuve-les-maguelone,Plombier Villeneuve-lès-Maguelone 2026 — Devis Gratuit | ServicesArtisans,text/html; charset=utf-8,false,200,0,0,73,1,true
20,https://servicesartisans.fr/services/plombier/sainte-genevieve-des-bois,Plombier à Sainte-Geneviève-des-Bois : 34 Pros + Devis | ServicesArtisans,text/html; charset=utf-8,false,200,0,0,73,1,true
20,https://servicesartisans.fr/services/chauffagiste/herouville-saint-clair,Chauffagiste à Hérouville-Saint-Clair : 6 Pros + Devis | ServicesArtisans,text/html; charset=utf-8,false,200,0,0,73,1,true
20,https://servicesartisans.fr/rge/sources,Sources et méthodologie RGE — annuaire ServicesArtisans | ServicesArtisans,text/html; charset=utf-8,false,200,0,0,74,1,true
20,https://servicesartisans.fr/services/chauffagiste/la-roche-sur-foron,Chauffagiste La Roche-sur-Foron 2026 — Devis Gratuit | ServicesArtisans,text/html; charset=utf-8,false,200,0,0,71,1,true
20,https://servicesartisans.fr/services/chauffagiste/saint-laurent-de-la-salanque,Chauffagiste Saint-Laurent-de-la-Salanque (66) — Devis… | ServicesArtisans,text/html; charset=utf-8,false,200,0,0,74,1,true
20,https://servicesartisans.fr/services/serrurier/champagne-sur-seine,Serrurier à Champagne-sur-Seine — Devis Gratuit 2026 | ServicesArtisans,text/html; charset=utf-8,false,200,0,0,71,1,true
20,https://servicesartisans.fr/services/electricien/carrieres-sous-poissy,Électricien Carrières-sous-Poissy 2026 : 31 Artisans | ServicesArtisans,text/html; charset=utf-8,false,200,0,0,71,1,true
20,https://servicesartisans.fr/services/chauffagiste/cournon-d-auvergne,Chauffagiste à Cournon-d'Auvergne — Devis Gratuit 2026 | ServicesArtisans,text/html; charset=utf-8,false,200,0,0,73,1,true
20,https://servicesartisans.fr/services/serrurier/la-chapelle-d-armentieres,Serrurier à La Chapelle-d'Armentières : 1 Pros + Devis | ServicesArtisans,text/html; charset=utf-8,false,200,0,0,73,1,true
20,https://servicesartisans.fr/services/chauffagiste/varces-allieres-et-risset,Chauffagiste à Varces-Allières-et-Risset : 7 Pros + Devis | ServicesArtisans,text/html; charset=utf-8,false,200,0,0,76,1,true
20,https://servicesartisans.fr/services/serrurier/la-ferte-sous-jouarre,Serrurier La Ferté-sous-Jouarre 2026 — Devis Gratuit | ServicesArtisans,text/html; charset=utf-8,false,200,0,0,71,1,true
20,https://servicesartisans.fr/blog/categorie/securite,Sécurité Maison — Guides & Conseils | ServicesArtisans | ServicesArtisans,text/html; charset=utf-8,false,200,0,0,73,1,true
20,https://servicesartisans.fr/services/chauffagiste/laneuveville-devant-nancy,Chauffagiste Laneuveville-devant-Nancy 2026 — Devis… | ServicesArtisans,text/html; charset=utf-8,false,200,0,0,71,1,true
20,https://servicesartisans.fr/questions/cout-isolation-combles,Combien coûte l'isolation des combles ? | ServicesArtisans | ServicesArtisans,text/html; charset=utf-8,false,200,0,0,77,1,true
20,https://servicesartisans.fr/services/electricien/chennevieres-sur-marne,Électricien à Chennevières-sur-Marne — Devis Gratuit 2026 | ServicesArtisans,text/html; charset=utf-8,false,200,0,0,76,1,true
20,https://servicesartisans.fr/services/electricien/ballancourt-sur-essonne,Électricien Ballancourt-sur-Essonne 2026 : 18 Artisans | ServicesArtisans,text/html; charset=utf-8,false,200,0,0,73,1,true
20,https://servicesartisans.fr/blog/tag/personnes-agees,Personnes âgées — Articles & Guides | ServicesArtisans | ServicesArtisans,text/html; charset=utf-8,false,200,0,0,73,1,true
20,https://servicesartisans.fr/services/serrurier/morcenx-la-nouvelle,Serrurier à Morcenx-la-Nouvelle : Devis Gratuit 2026 | ServicesArtisans,text/html; charset=utf-8,false,200,0,0,71,1,true
20,https://servicesartisans.fr/services/electricien/saint-laurent-du-maroni,Électricien Saint-Laurent-du-Maroni (973) — Devis 2026 | ServicesArtisans,text/html; charset=utf-8,false,200,0,0,73,1,true
20,https://servicesartisans.fr/services/electricien/neuville-sur-saone,Électricien à Neuville-sur-Saône — Devis Gratuit 2026 | ServicesArtisans,text/html; charset=utf-8,false,200,0,0,72,1,true
20,https://servicesartisans.fr/services/electricien/septemes-les-vallons,Électricien à Septèmes-les-Vallons : 33 Pros + Devis | ServicesArtisans,text/html; charset=utf-8,false,200,0,0,71,1,true
20,https://servicesartisans.fr/blog/tag/fluide-frigorigene,fluide frigorigène — Articles & Guides | ServicesArtisans | ServicesArtisans,text/html; charset=utf-8,false,200,0,0,76,1,true
20,https://servicesartisans.fr/blog/prix-serrurier-strasbourg-2026,Prix Serrurier Strasbourg 2026 — Tarifs et Devis Gratuit | ServicesArtisans,text/html; charset=utf-8,false,200,0,0,75,1,true
20,https://servicesartisans.fr/services/electricien/saint-sebastien-sur-loire,Électricien Saint-Sébastien-sur-Loire 2026 : 17 Artisans | ServicesArtisans,text/html; charset=utf-8,false,200,0,0,75,1,true
20,https://servicesartisans.fr/services/plombier/montluel,4.5★ (89 avis) · Plombier Montluel (01) — Devis 2026 | ServicesArtisans,text/html; charset=utf-8,false,200,0,0,71,1,true
20,https://servicesartisans.fr/services/chauffagiste/fresnes-sur-escaut,Chauffagiste Fresnes-sur-Escaut 2026 — Devis Gratuit | ServicesArtisans,text/html; charset=utf-8,false,200,0,0,71,1,true
20,https://servicesartisans.fr/services/serrurier/chateauneuf-sur-loire,Serrurier à Châteauneuf-sur-Loire — Devis Gratuit 2026 | ServicesArtisans,text/html; charset=utf-8,false,200,0,0,73,1,true
20,https://servicesartisans.fr/services/plombier/saint-orens-de-gameville,Plombier Saint-Orens-de-Gameville 2026 — Devis Gratuit | ServicesArtisans,text/html; charset=utf-8,false,200,0,0,73,1,true
20,https://servicesartisans.fr/services/electricien/six-fours-les-plages,Électricien à Six-Fours-les-Plages : 99 Pros + Devis | ServicesArtisans,text/html; charset=utf-8,false,200,0,0,71,1,true
20,https://servicesartisans.fr/services/electricien/saint-julien-de-concelles,Électricien Saint-Julien-de-Concelles 2026 : 13 Artisans | ServicesArtisans,text/html; charset=utf-8,false,200,0,0,75,1,true
20,https://servicesartisans.fr/services/chauffagiste/brissac-loire-aubance,Chauffagiste à Brissac Loire Aubance — Devis Gratuit 2026 | ServicesArtisans,text/html; charset=utf-8,false,200,0,0,76,1,true
20,https://servicesartisans.fr/services/electricien/saint-michel-chef-chef,Électricien Saint-Michel-Chef-Chef 2026 — Devis Gratuit | ServicesArtisans,text/html; charset=utf-8,false,200,0,0,74,1,true
20,https://servicesartisans.fr/services/electricien/les-hauts-d-anjou,Électricien à Les Hauts-d'Anjou — Devis Gratuit 2026 | ServicesArtisans,text/html; charset=utf-8,false,200,0,0,71,1,true
20,https://servicesartisans.fr/services/chauffagiste/mortagne-sur-sevre,Chauffagiste à Mortagne-sur-Sèvre — Devis Gratuit 2026 | ServicesArtisans,text/html; charset=utf-8,false,200,0,0,73,1,true
20,https://servicesartisans.fr/questions/litige-artisan-mediation,Litige avec un artisan : la médiation est-elle gratuite ? | ServicesArtisans | ServicesArtisans,text/html; charset=utf-8,false,200,0,0,95,1,true
20,https://servicesartisans.fr/questions/radiateur-electrique-ou-eau,Radiateur électrique ou à eau : que choisir ? | ServicesArtisans | ServicesArtisans,text/html; charset=utf-8,false,200,0,0,83,1,true
20,https://servicesartisans.fr/services/serrurier/chalonnes-sur-loire,Serrurier à Chalonnes-sur-Loire — Devis Gratuit 2026 | ServicesArtisans,text/html; charset=utf-8,false,200,0,0,71,1,true
20,https://servicesartisans.fr/services/plombier/saint-sebastien-sur-loire,Plombier Saint-Sébastien-sur-Loire 2026 : 23 Artisans | ServicesArtisans,text/html; charset=utf-8,false,200,0,0,72,1,true
20,https://servicesartisans.fr/services/serrurier/la-penne-sur-huveaune,Serrurier à La Penne-sur-Huveaune — Devis Gratuit 2026 | ServicesArtisans,text/html; charset=utf-8,false,200,0,0,73,1,true
20,https://servicesartisans.fr/blog/prix-terrassier-2026-tarifs-travaux,Prix Terrassier 2026 : Tarifs au m³ et Devis Gratuit | ServicesArtisans,text/html; charset=utf-8,false,200,0,0,71,1,true
20,https://servicesartisans.fr/blog/prix-pisciniste-2026-tarifs,Prix Pisciniste 2026 : 8 000-60 000€ — Devis Gratuit | ServicesArtisans,text/html; charset=utf-8,false,200,0,0,71,1,true
20,https://servicesartisans.fr/services/electricien/saint-christol-lez-ales,Électricien Saint-Christol-lez-Alès 2026 : 17 Artisans | ServicesArtisans,text/html; charset=utf-8,false,200,0,0,73,1,true
20,https://servicesartisans.fr/services/chauffagiste/noyal-sur-vilaine,Chauffagiste à Noyal-sur-Vilaine — Devis Gratuit 2026 | ServicesArtisans,text/html; charset=utf-8,false,200,0,0,72,1,true
20,https://servicesartisans.fr/blog/tag/assurance-decennale,assurance décennale — Articles & Guides | ServicesArtisans | ServicesArtisans,text/html; charset=utf-8,false,200,0,0,77,1,true
20,https://servicesartisans.fr/services/chauffagiste/saint-andre-de-sangonis,Chauffagiste Saint-André-de-Sangonis (34) — Devis 2026 | ServicesArtisans,text/html; charset=utf-8,false,200,0,0,73,1,true
20,https://servicesartisans.fr/services/plombier/auneau-bleury-saint-symphorien,Plombier Auneau-Bleury-Saint-Symphorien (28) — Devis 2026 | ServicesArtisans,text/html; charset=utf-8,false,200,0,0,76,1,true
20,https://servicesartisans.fr/services/chauffagiste/saint-aubin-les-elbeuf,Chauffagiste à Saint-Aubin-lès-Elbeuf — Devis Gratuit 2026 | ServicesArtisans,text/html; charset=utf-8,false,200,0,0,77,1,true
20,https://servicesartisans.fr/services/electricien/les-abrets-en-dauphine,Électricien Les Abrets en Dauphiné 2026 : 11 Artisans | ServicesArtisans,text/html; charset=utf-8,false,200,0,0,72,1,true
20,https://servicesartisans.fr/blog/tag/monte-escalier,Monte-escalier — Articles & Guides | ServicesArtisans | ServicesArtisans,text/html; charset=utf-8,false,200,0,0,72,1,true
20,https://servicesartisans.fr/blog/tag/videosurveillance,vidéosurveillance — Articles & Guides | ServicesArtisans | ServicesArtisans,text/html; charset=utf-8,false,200,0,0,75,1,true
20,https://servicesartisans.fr/services/electricien/illkirch-graffenstaden,Électricien Illkirch-Graffenstaden (67) — Devis 2026 | ServicesArtisans,text/html; charset=utf-8,false,200,0,0,71,1,true
20,https://servicesartisans.fr/questions/cout-refaire-toiture,Combien coûte la réfection d'une toiture ? | ServicesArtisans | ServicesArtisans,text/html; charset=utf-8,false,200,0,0,80,1,true
20,https://servicesartisans.fr/blog/tag/miroir-sur-mesure,Miroir sur mesure — Articles & Guides | ServicesArtisans | ServicesArtisans,text/html; charset=utf-8,false,200,0,0,75,1,true
20,https://servicesartisans.fr/comparaison/radiateur-fonte-vs-acier-vs-aluminium,Radiateur fonte vs acier vs aluminium : lequel choisir ? | ServicesArtisans,text/html; charset=utf-8,false,200,0,0,75,1,true
20,https://servicesartisans.fr/services/electricien/le-perray-en-yvelines,Électricien à Le Perray-en-Yvelines : 8 Pros + Devis | ServicesArtisans,text/html; charset=utf-8,false,200,0,0,71,1,true
20,https://servicesartisans.fr/services/plombier/ballancourt-sur-essonne,Plombier à Ballancourt-sur-Essonne — Devis Gratuit 2026 | ServicesArtisans,text/html; charset=utf-8,false,200,0,0,74,1,true
20,https://servicesartisans.fr/services/chauffagiste/saint-leu-la-foret,Chauffagiste à Saint-Leu-la-Forêt — Devis Gratuit 2026 | ServicesArtisans,text/html; charset=utf-8,false,200,0,0,73,1,true
20,https://servicesartisans.fr/services/plombier/saint-yrieix-sur-charente,Plombier Saint-Yrieix-sur-Charente 2026 — Devis Gratuit | ServicesArtisans,text/html; charset=utf-8,false,200,0,0,74,1,true
20,https://servicesartisans.fr/blog/tag/thermodynamique,thermodynamique — Articles & Guides | ServicesArtisans | ServicesArtisans,text/html; charset=utf-8,false,200,0,0,73,1,true
20,https://servicesartisans.fr/blog/aide-maprimerenov-2026-montants-conditions,MaPrimeRénov' 2026 : jusqu'à 40 000€ — Barème complet | ServicesArtisans,text/html; charset=utf-8,false,200,0,0,72,1,true
20,https://servicesartisans.fr/services/chauffagiste/chevigny-saint-sauveur,Chauffagiste Chevigny-Saint-Sauveur 2026 : 7 Artisans | ServicesArtisans,text/html; charset=utf-8,false,200,0,0,72,1,true
20,https://servicesartisans.fr/services/electricien/saint-andre-de-sangonis,Électricien Saint-André-de-Sangonis 2026 : 22 Artisans | ServicesArtisans,text/html; charset=utf-8,false,200,0,0,73,1,true
20,https://servicesartisans.fr/questions/maprimerenov-conditions-2026,Quelles sont les conditions pour bénéficier de MaPrimeRénov en 2026 ? | ServicesArtisans | ServicesArtisans,text/html; charset=utf-8,false,200,0,0,107,1,true
20,https://servicesartisans.fr/comparaison/enduit-facade-vs-bardage-vs-peinture,Enduit de façade vs bardage vs peinture : quel revêtement extérieur choisir ? | ServicesArtisans,text/html; charset=utf-8,false,200,0,0,96,1,true
20,https://servicesartisans.fr/blog/tag/primes-energie,Primes énergie — Articles & Guides | ServicesArtisans | ServicesArtisans,text/html; charset=utf-8,false,200,0,0,72,1,true
20,https://servicesartisans.fr/services/serrurier/les-abrets-en-dauphine,Serrurier Les Abrets en Dauphiné 2026 — Devis Gratuit | ServicesArtisans,text/html; charset=utf-8,false,200,0,0,72,1,true
20,https://servicesartisans.fr/services/plombier/belleville-en-beaujolais,Plombier à Belleville-en-Beaujolais — Devis Gratuit 2026 | ServicesArtisans,text/html; charset=utf-8,false,200,0,0,75,1,true
20,https://servicesartisans.fr/blog/prix-chauffagiste-lyon-2026,Prix Chauffagiste Lyon 2026 — Tarifs et Devis Gratuit | ServicesArtisans,text/html; charset=utf-8,false,200,0,0,72,1,true
20,https://servicesartisans.fr/services/chauffagiste/montrevault-sur-evre,Chauffagiste Montrevault-sur-Èvre 2026 — Devis Gratuit | ServicesArtisans,text/html; charset=utf-8,false,200,0,0,73,1,true
20,https://servicesartisans.fr/services/serrurier/brissac-loire-aubance,Serrurier Brissac Loire Aubance 2026 — Devis Gratuit | ServicesArtisans,text/html; charset=utf-8,false,200,0,0,71,1,true
20,https://servicesartisans.fr/blog/tag/architecture-d-interieur,Architecture d'intérieur — Articles & Guides | ServicesArtisans | ServicesArtisans,text/html; charset=utf-8,false,200,0,0,82,1,true
20,https://servicesartisans.fr/comparaison/porte-entree-bois-vs-alu-vs-pvc,Porte d'entrée bois vs aluminium vs PVC : laquelle choisir ? | ServicesArtisans,text/html; charset=utf-8,false,200,0,0,79,1,true
20,https://servicesartisans.fr/services/electricien/villefranche-de-lauragais,Électricien Villefranche-de-Lauragais 2026 : 6 Artisans | ServicesArtisans,text/html; charset=utf-8,false,200,0,0,74,1,true
20,https://servicesartisans.fr/services/chauffagiste/moret-loing-et-orvanne,Chauffagiste Moret-Loing-et-Orvanne 2026 — Devis Gratuit | ServicesArtisans,text/html; charset=utf-8,false,200,0,0,75,1,true
20,https://servicesartisans.fr/services/plombier/sainte-maxime,4.9★ (77 avis) · Plombier Sainte-Maxime 2026 : 47 Artisans | ServicesArtisans,text/html; charset=utf-8,false,200,0,0,77,1,true
20,https://servicesartisans.fr/services/chauffagiste/saint-amand-montrond,Chauffagiste Saint-Amand-Montrond 2026 — Devis Gratuit | ServicesArtisans,text/html; charset=utf-8,false,200,0,0,73,1,true
20,https://servicesartisans.fr/services/serrurier/auneau-bleury-saint-symphorien,Serrurier Auneau-Bleury-Saint-Symphorien 2026 — Devis… | ServicesArtisans,text/html; charset=utf-8,false,200,0,0,73,1,true
20,https://servicesartisans.fr/services/serrurier/saint-jean-d-angely,Serrurier à Saint-Jean-d'Angély : Devis Gratuit 2026 | ServicesArtisans,text/html; charset=utf-8,false,200,0,0,71,1,true
20,https://servicesartisans.fr/services/plombier/notre-dame-de-bondeville,Plombier Notre-Dame-de-Bondeville 2026 — Devis Gratuit | ServicesArtisans,text/html; charset=utf-8,false,200,0,0,73,1,true
20,https://servicesartisans.fr/services/chauffagiste/morieres-les-avignon,Chauffagiste Morières-lès-Avignon 2026 — Devis Gratuit | ServicesArtisans,text/html; charset=utf-8,false,200,0,0,73,1,true
20,https://servicesartisans.fr/services/chauffagiste/saint-jean-de-monts,Chauffagiste à Saint-Jean-de-Monts — Devis Gratuit 2026 | ServicesArtisans,text/html; charset=utf-8,false,200,0,0,74,1,true
20,https://servicesartisans.fr/services/serrurier/chanteloup-les-vignes,Serrurier Chanteloup-les-Vignes : Devis Gratuit 2026 | ServicesArtisans,text/html; charset=utf-8,false,200,0,0,71,1,true
20,https://servicesartisans.fr/services/electricien/verneuil-sur-seine,Électricien à Verneuil-sur-Seine — Devis Gratuit 2026 | ServicesArtisans,text/html; charset=utf-8,false,200,0,0,72,1,true
20,https://servicesartisans.fr/services/plombier/saint-gilles-croix-de-vie,Plombier à Saint-Gilles-Croix-de-Vie — Devis Gratuit 2026 | ServicesArtisans,text/html; charset=utf-8,false,200,0,0,76,1,true
20,https://servicesartisans.fr/blog/prix-electricien-lille-2026,Prix Électricien Lille 2026 — Tarifs et Devis Gratuit | ServicesArtisans,text/html; charset=utf-8,false,200,0,0,72,1,true
20,https://servicesartisans.fr/tarifs/menuisier,Combien coûte un menuisier en 2026 ? Prix + Devis Gratuit | ServicesArtisans,text/html; charset=utf-8,false,200,0,0,76,1,true
20,https://servicesartisans.fr/services/chauffagiste/chateau-gontier-sur-mayenne,Chauffagiste Château-Gontier-sur-Mayenne 2026 : 3 Artisans | ServicesArtisans,text/html; charset=utf-8,false,200,0,0,77,1,true
20,https://servicesartisans.fr/services/plombier/peyrolles-en-provence,Plombier à Peyrolles-en-Provence — Devis Gratuit 2026 | ServicesArtisans,text/html; charset=utf-8,false,200,0,0,72,1,true
20,https://servicesartisans.fr/services/electricien/teteghem-coudekerque-village,Électricien Téteghem-Coudekerque-Village (59) — Devis 2026 | ServicesArtisans,text/html; charset=utf-8,false,200,0,0,77,1,true
20,https://servicesartisans.fr/questions/permis-construire-quand-necessaire,Quand faut-il un permis de construire ? | ServicesArtisans | ServicesArtisans,text/html; charset=utf-8,false,200,0,0,77,1,true
20,https://servicesartisans.fr/services/chauffagiste/artigues-pres-bordeaux,Chauffagiste à Artigues-près-Bordeaux — Devis Gratuit 2026 | ServicesArtisans,text/html; charset=utf-8,false,200,0,0,77,1,true
20,https://servicesartisans.fr/services/electricien/chevigny-saint-sauveur,Électricien Chevigny-Saint-Sauveur 2026 : 11 Artisans | ServicesArtisans,text/html; charset=utf-8,false,200,0,0,72,1,true
20,https://servicesartisans.fr/contact,Contactez l'équipe ServicesArtisans — Support & Questions | ServicesArtisans,text/html; charset=utf-8,false,200,0,0,76,1,true
20,https://servicesartisans.fr/questions/isolation-interieure-ou-exterieure,Isolation par l'intérieur ou l'extérieur ? | ServicesArtisans | ServicesArtisans,text/html; charset=utf-8,false,200,0,0,80,1,true
20,https://servicesartisans.fr/questions/combien-de-devis-demander,Combien de devis faut-il demander ? | ServicesArtisans | ServicesArtisans,text/html; charset=utf-8,false,200,0,0,73,1,true
20,https://servicesartisans.fr/blog/tag/agrandissement,Agrandissement — Articles & Guides | ServicesArtisans | ServicesArtisans,text/html; charset=utf-8,false,200,0,0,72,1,true
20,https://servicesartisans.fr/services/plombier/saint-martin-boulogne,Plombier à Saint-Martin-Boulogne — Devis Gratuit 2026 | ServicesArtisans,text/html; charset=utf-8,false,200,0,0,72,1,true
20,https://servicesartisans.fr/services/electricien/la-chapelle-sur-erdre,Électricien à La Chapelle-sur-Erdre : 18 Pros + Devis | ServicesArtisans,text/html; charset=utf-8,false,200,0,0,72,1,true
20,https://servicesartisans.fr/services/plombier/schweighouse-sur-moder,Plombier Schweighouse-sur-Moder 2026 — Devis Gratuit | ServicesArtisans,text/html; charset=utf-8,false,200,0,0,71,1,true
20,https://servicesartisans.fr/services/electricien/saint-yrieix-la-perche,Électricien Saint-Yrieix-la-Perche (87) — Devis 2026 | ServicesArtisans,text/html; charset=utf-8,false,200,0,0,71,1,true
20,https://servicesartisans.fr/services/serrurier/martignas-sur-jalle,Serrurier à Martignas-sur-Jalle — Devis Gratuit 2026 | ServicesArtisans,text/html; charset=utf-8,false,200,0,0,71,1,true
20,https://servicesartisans.fr/blog/tag/revetement-de-sol,Revêtement de sol — Articles & Guides | ServicesArtisans | ServicesArtisans,text/html; charset=utf-8,false,200,0,0,75,1,true
20,https://servicesartisans.fr/blog/tag/printemps-2026,printemps 2026 — Articles & Guides | ServicesArtisans | ServicesArtisans,text/html; charset=utf-8,false,200,0,0,72,1,true
20,https://servicesartisans.fr/services/serrurier/saint-andre-de-la-roche,Serrurier à Saint-André-de-la-Roche : 6 Pros + Devis | ServicesArtisans,text/html; charset=utf-8,false,200,0,0,71,1,true
20,https://servicesartisans.fr/services/chauffagiste/la-celle-saint-cloud,Chauffagiste La Celle-Saint-Cloud 2026 — Devis Gratuit | ServicesArtisans,text/html; charset=utf-8,false,200,0,0,73,1,true
20,https://servicesartisans.fr/services/serrurier/saint-laurent-de-mure,Serrurier à Saint-Laurent-de-Mure — Devis Gratuit 2026 | ServicesArtisans,text/html; charset=utf-8,false,200,0,0,73,1,true
20,https://servicesartisans.fr/services/electricien/saint-mitre-les-remparts,Électricien Saint-Mitre-les-Remparts 2026 : 19 Artisans | ServicesArtisans,text/html; charset=utf-8,false,200,0,0,74,1,true
20,https://servicesartisans.fr/services/chauffagiste/saint-rambert-d-albon,Chauffagiste Saint-Rambert-d'Albon (26) — Devis 2026 | ServicesArtisans,text/html; charset=utf-8,false,200,0,0,71,1,true
20,https://servicesartisans.fr/blog/tag/depannage-nuit,Dépannage nuit — Articles & Guides | ServicesArtisans | ServicesArtisans,text/html; charset=utf-8,false,200,0,0,72,1,true
20,https://servicesartisans.fr/comparaison/fosse-septique-vs-micro-station,Fosse septique vs micro-station d'épuration : quel assainissement ? | ServicesArtisans,text/html; charset=utf-8,false,200,0,0,86,1,true
20,https://servicesartisans.fr/blog/tag/planification,planification — Articles & Guides | ServicesArtisans | ServicesArtisans,text/html; charset=utf-8,false,200,0,0,71,1,true
20,https://servicesartisans.fr/services/serrurier/saint-jean-de-boiseau,Serrurier à Saint-Jean-de-Boiseau : Devis Gratuit 2026 | ServicesArtisans,text/html; charset=utf-8,false,200,0,0,73,1,true
20,https://servicesartisans.fr/services/plombier/saint-denis-les-bourg,4.5★ (89 avis) · Plombier Saint-Denis-lès-Bourg 2026 —… | ServicesArtisans,text/html; charset=utf-8,false,200,0,0,74,1,true
20,https://servicesartisans.fr/services/electricien/segre-en-anjou-bleu,Électricien à Segré-en-Anjou Bleu — Devis Gratuit 2026 | ServicesArtisans,text/html; charset=utf-8,false,200,0,0,73,1,true
20,https://servicesartisans.fr/blog/tag/prix-electricien,Prix électricien — Articles & Guides | ServicesArtisans | ServicesArtisans,text/html; charset=utf-8,false,200,0,0,74,1,true
20,https://servicesartisans.fr/services/serrurier/castelnau-d-estretefonds,Serrurier Castelnau-d'Estrétefonds 2026 — Devis Gratuit | ServicesArtisans,text/html; charset=utf-8,false,200,0,0,74,1,true
20,https://servicesartisans.fr/blog/prix-electricien-2026-tarifs-travaux,Prix Électricien 2026 : Tarif Horaire 40-85€/h + Mise aux Normes | ServicesArtisans,text/html; charset=utf-8,false,200,0,0,83,1,true
20,https://servicesartisans.fr/services/electricien/saint-bonnet-de-mure,Électricien à Saint-Bonnet-de-Mure — Devis Gratuit 2026 | ServicesArtisans,text/html; charset=utf-8,false,200,0,0,74,1,true
20,https://servicesartisans.fr/services/plombier/saint-didier-au-mont-d-or,Plombier Saint-Didier-au-Mont-d'Or 2026 : 9 Artisans | ServicesArtisans,text/html; charset=utf-8,false,200,0,0,71,1,true
20,https://servicesartisans.fr/services/plombier/pernes-les-fontaines,Plombier à Pernes-les-Fontaines — Devis Gratuit 2026 | ServicesArtisans,text/html; charset=utf-8,false,200,0,0,71,1,true
20,https://servicesartisans.fr/services/chauffagiste/la-salvetat-saint-gilles,Chauffagiste La Salvetat-Saint-Gilles 2026 : 4 Artisans | ServicesArtisans,text/html; charset=utf-8,false,200,0,0,74,1,true
20,https://servicesartisans.fr/questions/certificats-economie-energie-cee,C'est quoi les certificats d'économie d'énergie (CEE) ? | ServicesArtisans | ServicesArtisans,text/html; charset=utf-8,false,200,0,0,93,1,true
20,https://servicesartisans.fr/services/electricien/soisy-sous-montmorency,Électricien Soisy-sous-Montmorency (95) — Devis 2026 | ServicesArtisans,text/html; charset=utf-8,false,200,0,0,71,1,true
20,https://servicesartisans.fr/services/electricien/castelnau-d-estretefonds,Électricien Castelnau-d'Estrétefonds 2026 : 32 Artisans | ServicesArtisans,text/html; charset=utf-8,false,200,0,0,74,1,true
20,https://servicesartisans.fr/blog/tag/panneaux-solaires,Panneaux solaires — Articles & Guides | ServicesArtisans | ServicesArtisans,text/html; charset=utf-8,false,200,0,0,75,1,true
20,https://servicesartisans.fr/blog/prix-plombier-2026-tarifs-horaires,"Prix Plombier 2026 : Tarifs Dépannage, Réparation et Devis Gratuit | ServicesArtisans",text/html; charset=utf-8,false,200,0,0,85,1,true
20,https://servicesartisans.fr/urgence/architecte-interieur,Architecte d'intérieur urgence — Intervention rapide | ServicesArtisans,text/html; charset=utf-8,false,200,0,0,71,1,true
20,https://servicesartisans.fr/questions/plombier-urgence-nuit-tarif,Combien coûte un plombier d'urgence la nuit ? | ServicesArtisans | ServicesArtisans,text/html; charset=utf-8,false,200,0,0,83,1,true
20,https://servicesartisans.fr/services/plombier/saint-paul-trois-chateaux,Plombier à Saint-Paul-Trois-Châteaux : 2 Pros + Devis | ServicesArtisans,text/html; charset=utf-8,false,200,0,0,72,1,true
20,https://servicesartisans.fr/services/chauffagiste/saint-jean-de-boiseau,Chauffagiste à Saint-Jean-de-Boiseau : 2 Pros + Devis | ServicesArtisans,text/html; charset=utf-8,false,200,0,0,72,1,true
20,https://servicesartisans.fr/services/chauffagiste/la-roche-sur-yon,Chauffagiste à La Roche-sur-Yon — Devis Gratuit 2026 | ServicesArtisans,text/html; charset=utf-8,false,200,0,0,71,1,true
20,https://servicesartisans.fr/blog/tag/permis-de-construire,permis de construire — Articles & Guides | ServicesArtisans | ServicesArtisans,text/html; charset=utf-8,false,200,0,0,78,1,true
20,https://servicesartisans.fr/services/electricien/le-peage-de-roussillon,Électricien à Le Péage-de-Roussillon : 7 Pros + Devis | ServicesArtisans,text/html; charset=utf-8,false,200,0,0,72,1,true
20,https://servicesartisans.fr/services/electricien/chartres-de-bretagne,Électricien à Chartres-de-Bretagne — Devis Gratuit 2026 | ServicesArtisans,text/html; charset=utf-8,false,200,0,0,74,1,true
20,https://servicesartisans.fr/services/plombier/vidauban,4.9★ (77 avis) · Plombier Vidauban 2026 : 40 Artisans | ServicesArtisans,text/html; charset=utf-8,false,200,0,0,72,1,true
20,https://servicesartisans.fr/services/serrurier/teteghem-coudekerque-village,Serrurier Téteghem-Coudekerque-Village (59) — Devis 2026 | ServicesArtisans,text/html; charset=utf-8,false,200,0,0,75,1,true
20,https://servicesartisans.fr/blog/tag/garantie-decennale,Garantie décennale — Articles & Guides | ServicesArtisans | ServicesArtisans,text/html; charset=utf-8,false,200,0,0,76,1,true
20,https://servicesartisans.fr/services/serrurier/villeneuve-saint-georges,Serrurier Villeneuve-Saint-Georges 2026 — Devis Gratuit | ServicesArtisans,text/html; charset=utf-8,false,200,0,0,74,1,true
20,https://servicesartisans.fr/tarifs/macon,Tarif maçon 2026 : prix au m² + prestations + Devis Gratuit | ServicesArtisans,text/html; charset=utf-8,false,200,0,0,78,1,true
20,https://servicesartisans.fr/services/chauffagiste/saint-pierre-en-faucigny,Chauffagiste à Saint-Pierre-en-Faucigny : 1 Pros + Devis | ServicesArtisans,text/html; charset=utf-8,false,200,0,0,75,1,true
20,https://servicesartisans.fr/services/electricien/saint-fargeau-ponthierry,Électricien Saint-Fargeau-Ponthierry 2026 : 33 Artisans | ServicesArtisans,text/html; charset=utf-8,false,200,0,0,74,1,true
20,https://servicesartisans.fr/services/serrurier/cloyes-les-trois-rivieres,Serrurier à Cloyes-les-Trois-Rivières — Devis Gratuit 2026 | ServicesArtisans,text/html; charset=utf-8,false,200,0,0,77,1,true
20,https://servicesartisans.fr/services/chauffagiste/brunstatt-didenheim,Chauffagiste Brunstatt-Didenheim 2026 — Devis Gratuit | ServicesArtisans,text/html; charset=utf-8,false,200,0,0,72,1,true
20,https://servicesartisans.fr/comparaison/store-banne-vs-pergola-vs-voile-ombrage,Store banne vs pergola vs voile d'ombrage : que choisir ? | ServicesArtisans,text/html; charset=utf-8,false,200,0,0,76,1,true
20,https://servicesartisans.fr/services/chauffagiste/nanteuil-les-meaux,Chauffagiste à Nanteuil-lès-Meaux — Devis Gratuit 2026 | ServicesArtisans,text/html; charset=utf-8,false,200,0,0,73,1,true
20,https://servicesartisans.fr/blog/tag/isolant-thermique,isolant thermique — Articles & Guides | ServicesArtisans | ServicesArtisans,text/html; charset=utf-8,false,200,0,0,75,1,true
20,https://servicesartisans.fr/services/plombier/saint-philbert-de-grand-lieu,Plombier Saint-Philbert-de-Grand-Lieu 2026 — Devis Gratuit | ServicesArtisans,text/html; charset=utf-8,false,200,0,0,77,1,true
20,https://servicesartisans.fr/comparaison/cloison-placo-vs-brique-vs-carreau-platre,Cloison placo vs brique vs carreau de plâtre : que choisir ? | ServicesArtisans,text/html; charset=utf-8,false,200,0,0,79,1,true
20,https://servicesartisans.fr/services/chauffagiste/sainte-luce-sur-loire,Chauffagiste Sainte-Luce-sur-Loire 2026 : 3 Artisans | ServicesArtisans,text/html; charset=utf-8,false,200,0,0,71,1,true
20,https://servicesartisans.fr/services/plombier/saint-pierre-les-elbeuf,Plombier à Saint-Pierre-lès-Elbeuf — Devis Gratuit 2026 | ServicesArtisans,text/html; charset=utf-8,false,200,0,0,74,1,true
20,https://servicesartisans.fr/questions/prix-veranda-2026,Quel est le prix d'une véranda en 2026 ? | ServicesArtisans | ServicesArtisans,text/html; charset=utf-8,false,200,0,0,78,1,true
20,https://servicesartisans.fr/services/chauffagiste/les-abrets-en-dauphine,Chauffagiste Les Abrets en Dauphiné 2026 : 5 Artisans | ServicesArtisans,text/html; charset=utf-8,false,200,0,0,72,1,true
20,https://servicesartisans.fr/services/serrurier/les-avenieres-veyrins-thuellin,Serrurier Les Avenières Veyrins-Thuellin 2026 : 2 Artisans | ServicesArtisans,text/html; charset=utf-8,false,200,0,0,77,1,true
20,https://servicesartisans.fr/services/serrurier/les-pavillons-sous-bois,Serrurier Les Pavillons-sous-Bois 2026 : 37 Artisans | ServicesArtisans,text/html; charset=utf-8,false,200,0,0,71,1,true
20,https://servicesartisans.fr/services/chauffagiste/gretz-armainvilliers,Chauffagiste à Gretz-Armainvilliers — Devis Gratuit 2026 | ServicesArtisans,text/html; charset=utf-8,false,200,0,0,75,1,true
20,https://servicesartisans.fr/services/electricien/la-roquette-sur-siagne,Électricien La Roquette-sur-Siagne 2026 — Devis Gratuit | ServicesArtisans,text/html; charset=utf-8,false,200,0,0,74,1,true
20,https://servicesartisans.fr/services/plombier/amberieu-en-bugey,4.5★ (89 avis) · Plombier Ambérieu-en-Bugey 2026 — Devis… | ServicesArtisans,text/html; charset=utf-8,false,200,0,0,76,1,true
20,https://servicesartisans.fr/services/electricien/carnoux-en-provence,Électricien Carnoux-en-Provence 2026 — Devis Gratuit | ServicesArtisans,text/html; charset=utf-8,false,200,0,0,71,1,true
20,https://servicesartisans.fr/blog/tag/salle-de-bain,Salle de bain — Articles & Guides | ServicesArtisans | ServicesArtisans,text/html; charset=utf-8,false,200,0,0,71,1,true
20,https://servicesartisans.fr/services/chauffagiste/beaumont-sur-oise,Chauffagiste à Beaumont-sur-Oise — Devis Gratuit 2026 | ServicesArtisans,text/html; charset=utf-8,false,200,0,0,72,1,true
20,https://servicesartisans.fr/questions/trouver-artisan-week-end,Comment trouver un artisan le week-end ? | ServicesArtisans | ServicesArtisans,text/html; charset=utf-8,false,200,0,0,78,1,true
20,https://servicesartisans.fr/questions/simple-ou-double-vitrage,"Simple, double ou triple vitrage : que choisir ? | ServicesArtisans | ServicesArtisans",text/html; charset=utf-8,false,200,0,0,86,1,true
20,https://servicesartisans.fr/questions/assurance-rc-artisan-obligatoire,L'assurance RC pro est-elle obligatoire pour un artisan ? | ServicesArtisans | ServicesArtisans,text/html; charset=utf-8,false,200,0,0,95,1,true
20,https://servicesartisans.fr/services/electricien/la-chapelle-d-armentieres,Électricien La Chapelle-d'Armentières (59) — Devis 2026 | ServicesArtisans,text/html; charset=utf-8,false,200,0,0,74,1,true
20,https://servicesartisans.fr/services/serrurier/chateau-arnoux-saint-auban,Serrurier Château-Arnoux-Saint-Auban (04) — Devis 2026 | ServicesArtisans,text/html; charset=utf-8,false,200,0,0,73,1,true
20,https://servicesartisans.fr/questions/panne-chauffage-locataire-droits,Panne de chauffage en tant que locataire : quels sont vos droits ? | ServicesArtisans | ServicesArtisans,text/html; charset=utf-8,false,200,0,0,104,1,true
20,https://servicesartisans.fr/services/serrurier/saint-symphorien-d-ozon,Serrurier à Saint-Symphorien-d'Ozon — Devis Gratuit 2026 | ServicesArtisans,text/html; charset=utf-8,false,200,0,0,75,1,true
20,https://servicesartisans.fr/services/electricien/boulogne-billancourt,Électricien à Boulogne-Billancourt — Devis Gratuit 2026 | ServicesArtisans,text/html; charset=utf-8,false,200,0,0,74,1,true
20,https://servicesartisans.fr/services/electricien/chateau-gontier-sur-mayenne,Électricien à Château-Gontier-sur-Mayenne : 19 Pros +… | ServicesArtisans,text/html; charset=utf-8,false,200,0,0,73,1,true
20,https://servicesartisans.fr/services/serrurier/saint-etienne-du-rouvray,Serrurier Saint-Étienne-du-Rouvray (76) — Devis 2026 | ServicesArtisans,text/html; charset=utf-8,false,200,0,0,71,1,true
20,https://servicesartisans.fr/services/plombier/saint-julien-en-genevois,Plombier à Saint-Julien-en-Genevois : 9 Pros + Devis | ServicesArtisans,text/html; charset=utf-8,false,200,0,0,71,1,true
20,https://servicesartisans.fr/questions/isoler-combles-soi-meme,Peut-on isoler ses combles soi-même ? | ServicesArtisans | ServicesArtisans,text/html; charset=utf-8,false,200,0,0,75,1,true
20,https://servicesartisans.fr/services/chauffagiste/vouneuil-sous-biard,Chauffagiste Vouneuil-sous-Biard 2026 — Devis Gratuit | ServicesArtisans,text/html; charset=utf-8,false,200,0,0,72,1,true
20,https://servicesartisans.fr/services/chauffagiste/chalons-en-champagne,Chauffagiste Châlons-en-Champagne 2026 — Devis Gratuit | ServicesArtisans,text/html; charset=utf-8,false,200,0,0,73,1,true
20,https://servicesartisans.fr/blog/tag/services-a-domicile,Services à domicile — Articles & Guides | ServicesArtisans | ServicesArtisans,text/html; charset=utf-8,false,200,0,0,77,1,true
20,https://servicesartisans.fr/services/plombier/beynost,4.5★ (89 avis) · Plombier à Beynost : 11 Pros + Devis | ServicesArtisans,text/html; charset=utf-8,false,200,0,0,72,1,true
20,https://servicesartisans.fr/services/plombier/saint-marcel-les-valence,Plombier Saint-Marcel-lès-Valence 2026 — Devis Gratuit | ServicesArtisans,text/html; charset=utf-8,false,200,0,0,73,1,true
20,https://servicesartisans.fr/questions/installer-prise-electrique-danger,Peut-on installer une prise électrique soi-même ? | ServicesArtisans | ServicesArtisans,text/html; charset=utf-8,false,200,0,0,87,1,true
20,https://servicesartisans.fr/blog/tag/douche-italienne,Douche italienne — Articles & Guides | ServicesArtisans | ServicesArtisans,text/html; charset=utf-8,false,200,0,0,74,1,true
20,https://servicesartisans.fr/services/electricien/le-perreux-sur-marne,Électricien à Le Perreux-sur-Marne — Devis Gratuit 2026 | ServicesArtisans,text/html; charset=utf-8,false,200,0,0,74,1,true
20,https://servicesartisans.fr/services/electricien/talmont-saint-hilaire,Électricien à Talmont-Saint-Hilaire : 11 Pros + Devis | ServicesArtisans,text/html; charset=utf-8,false,200,0,0,72,1,true
20,https://servicesartisans.fr/services/serrurier/saint-saturnin-les-avignon,Serrurier à Saint-Saturnin-lès-Avignon — Devis Gratuit… | ServicesArtisans,text/html; charset=utf-8,false,200,0,0,74,1,true
20,https://servicesartisans.fr/services/chauffagiste/chennevieres-sur-marne,Chauffagiste à Chennevières-sur-Marne — Devis Gratuit 2026 | ServicesArtisans,text/html; charset=utf-8,false,200,0,0,77,1,true
20,https://servicesartisans.fr/questions/assurance-habitation-travaux,Mon assurance habitation couvre-t-elle les travaux ? | ServicesArtisans | ServicesArtisans,text/html; charset=utf-8,false,200,0,0,90,1,true
20,https://servicesartisans.fr/tarifs/carreleur,Prix carreleur 2026 : tarif au m² + pose + Devis Gratuit | ServicesArtisans,text/html; charset=utf-8,false,200,0,0,75,1,true
20,https://servicesartisans.fr/services/electricien/saint-pierre-des-corps,Électricien Saint-Pierre-des-Corps 2026 — Devis Gratuit | ServicesArtisans,text/html; charset=utf-8,false,200,0,0,74,1,true
20,https://servicesartisans.fr/services/serrurier/saint-pryve-saint-mesmin,Serrurier à Saint-Pryvé-Saint-Mesmin : 3 Pros + Devis | ServicesArtisans,text/html; charset=utf-8,false,200,0,0,72,1,true
20,https://servicesartisans.fr/blog/tag/confort-thermique,Confort thermique — Articles & Guides | ServicesArtisans | ServicesArtisans,text/html; charset=utf-8,false,200,0,0,75,1,true
20,https://servicesartisans.fr/services/chauffagiste/six-fours-les-plages,Chauffagiste Six-Fours-les-Plages 2026 : 34 Artisans | ServicesArtisans,text/html; charset=utf-8,false,200,0,0,71,1,true
20,https://servicesartisans.fr/blog/tag/maison-connectee,maison connectée — Articles & Guides | ServicesArtisans | ServicesArtisans,text/html; charset=utf-8,false,200,0,0,74,1,true
20,https://servicesartisans.fr/services/chauffagiste/saint-jean-bonnefonds,Chauffagiste à Saint-Jean-Bonnefonds : 3 Pros + Devis | ServicesArtisans,text/html; charset=utf-8,false,200,0,0,72,1,true
20,https://servicesartisans.fr/blog/prix-chauffagiste-marseille-2026,Prix Chauffagiste Marseille 2026 — Tarifs et Devis Gratuit | ServicesArtisans,text/html; charset=utf-8,false,200,0,0,77,1,true
20,https://servicesartisans.fr/services/serrurier/sainte-foy-les-lyon,Serrurier à Sainte-Foy-lès-Lyon — Devis Gratuit 2026 | ServicesArtisans,text/html; charset=utf-8,false,200,0,0,71,1,true
20,https://servicesartisans.fr/questions/depannage-plomberie-nuit-weekend,Dépannage plomberie nuit et week-end : quel tarif ? | ServicesArtisans | ServicesArtisans,text/html; charset=utf-8,false,200,0,0,89,1,true
20,https://servicesartisans.fr/blog/tag/parquet-contrecolle,Parquet contrecollé — Articles & Guides | ServicesArtisans | ServicesArtisans,text/html; charset=utf-8,false,200,0,0,77,1,true
20,https://servicesartisans.fr/services/chauffagiste/villeneuve-les-avignon,Chauffagiste Villeneuve-lès-Avignon (30) — Devis 2026 | ServicesArtisans,text/html; charset=utf-8,false,200,0,0,72,1,true
20,https://servicesartisans.fr/blog/tag/prix-par-region,Prix par région — Articles & Guides | ServicesArtisans | ServicesArtisans,text/html; charset=utf-8,false,200,0,0,73,1,true
20,https://servicesartisans.fr/services/chauffagiste/bonneuil-sur-marne,Chauffagiste Bonneuil-sur-Marne 2026 — Devis Gratuit | ServicesArtisans,text/html; charset=utf-8,false,200,0,0,71,1,true
20,https://servicesartisans.fr/blog/tag/reference-tarifs,Référence tarifs — Articles & Guides | ServicesArtisans | ServicesArtisans,text/html; charset=utf-8,false,200,0,0,74,1,true
20,https://servicesartisans.fr/services/chauffagiste/la-chapelle-saint-mesmin,Chauffagiste à La Chapelle-Saint-Mesmin : 5 Pros + Devis | ServicesArtisans,text/html; charset=utf-8,false,200,0,0,75,1,true
20,https://servicesartisans.fr/services/chauffagiste/la-ville-du-bois,Chauffagiste à La Ville-du-Bois — Devis Gratuit 2026 | ServicesArtisans,text/html; charset=utf-8,false,200,0,0,71,1,true
20,https://servicesartisans.fr/services/chauffagiste/le-mesnil-saint-denis,Chauffagiste à Le Mesnil-Saint-Denis : 2 Pros + Devis | ServicesArtisans,text/html; charset=utf-8,false,200,0,0,72,1,true
20,https://servicesartisans.fr/blog/tag/dommages-ouvrage,Dommages-ouvrage — Articles & Guides | ServicesArtisans | ServicesArtisans,text/html; charset=utf-8,false,200,0,0,74,1,true
20,https://servicesartisans.fr/services/electricien/la-plaine-des-palmistes,Électricien La Plaine-des-Palmistes 2026 — Devis Gratuit | ServicesArtisans,text/html; charset=utf-8,false,200,0,0,75,1,true
20,https://servicesartisans.fr/blog/prix-plombier-montpellier-2026,Prix Plombier Montpellier 2026 — Tarifs et Devis Gratuit | ServicesArtisans,text/html; charset=utf-8,false,200,0,0,75,1,true
20,https://servicesartisans.fr/services/plombier/saint-raphael,4.9★ (77 avis) · Plombier Saint-Raphaël 2026 : 65 Artisans | ServicesArtisans,text/html; charset=utf-8,false,200,0,0,77,1,true
20,https://servicesartisans.fr/services/chauffagiste/sotteville-les-rouen,Chauffagiste Sotteville-lès-Rouen 2026 — Devis Gratuit | ServicesArtisans,text/html; charset=utf-8,false,200,0,0,73,1,true
20,https://servicesartisans.fr/services/chauffagiste/marennes-hiers-brouage,Chauffagiste Marennes-Hiers-Brouage 2026 — Devis Gratuit | ServicesArtisans,text/html; charset=utf-8,false,200,0,0,75,1,true
20,https://servicesartisans.fr/questions/credit-impot-travaux-2026,Crédit d'impôt travaux en 2026 : ça existe encore ? | ServicesArtisans | ServicesArtisans,text/html; charset=utf-8,false,200,0,0,89,1,true
20,https://servicesartisans.fr/services/electricien/saint-cyr-au-mont-d-or,Électricien Saint-Cyr-au-Mont-d'Or (69) — Devis 2026 | ServicesArtisans,text/html; charset=utf-8,false,200,0,0,71,1,true
20,https://servicesartisans.fr/questions/prix-renovation-cuisine-complete,Combien coûte une rénovation de cuisine complète ? | ServicesArtisans | ServicesArtisans,text/html; charset=utf-8,false,200,0,0,88,1,true
20,https://servicesartisans.fr/services/plombier/toulon,4.9★ (77 avis) · Plombier Toulon 2026 — Devis Gratuit | ServicesArtisans,text/html; charset=utf-8,false,200,0,0,72,1,true
20,https://servicesartisans.fr/services/electricien/cloyes-les-trois-rivieres,Électricien Cloyes-les-Trois-Rivières (28) — Devis 2026 | ServicesArtisans,text/html; charset=utf-8,false,200,0,0,74,1,true
20,https://servicesartisans.fr/services/plombier/saint-julien-de-concelles,Plombier Saint-Julien-de-Concelles (44) — Devis 2026 | ServicesArtisans,text/html; charset=utf-8,false,200,0,0,71,1,true
20,https://servicesartisans.fr/services/electricien/la-salvetat-saint-gilles,Électricien à La Salvetat-Saint-Gilles — Devis Gratuit… | ServicesArtisans,text/html; charset=utf-8,false,200,0,0,74,1,true
20,https://servicesartisans.fr/services/plombier/grandchamp-des-fontaines,Plombier à Grandchamp-des-Fontaines — Devis Gratuit 2026 | ServicesArtisans,text/html; charset=utf-8,false,200,0,0,75,1,true
20,https://servicesartisans.fr/services/electricien/cazouls-les-beziers,Électricien à Cazouls-lès-Béziers — Devis Gratuit 2026 | ServicesArtisans,text/html; charset=utf-8,false,200,0,0,73,1,true
20,https://servicesartisans.fr/services/electricien/saint-maximin-la-sainte-baume,Électricien à Saint-Maximin-la-Sainte-Baume : 43 Pros +… | ServicesArtisans,text/html; charset=utf-8,false,200,0,0,75,1,true
20,https://servicesartisans.fr/services/electricien/dammartin-en-goele,Électricien à Dammartin-en-Goële — Devis Gratuit 2026 | ServicesArtisans,text/html; charset=utf-8,false,200,0,0,72,1,true
20,https://servicesartisans.fr/services/electricien/saint-just-saint-rambert,Électricien Saint-Just-Saint-Rambert 2026 : 18 Artisans | ServicesArtisans,text/html; charset=utf-8,false,200,0,0,74,1,true
20,https://servicesartisans.fr/services/electricien/saint-privat-des-vieux,Électricien Saint-Privat-des-Vieux 2026 — Devis Gratuit | ServicesArtisans,text/html; charset=utf-8,false,200,0,0,74,1,true
20,https://servicesartisans.fr/blog/tag/qualifications,Qualifications — Articles & Guides | ServicesArtisans | ServicesArtisans,text/html; charset=utf-8,false,200,0,0,72,1,true
20,https://servicesartisans.fr/blog/tag/pose-flottante,pose flottante — Articles & Guides | ServicesArtisans | ServicesArtisans,text/html; charset=utf-8,false,200,0,0,72,1,true
20,https://servicesartisans.fr/services/chauffagiste/chatuzange-le-goubet,Chauffagiste à Chatuzange-le-Goubet : 3 Pros + Devis | ServicesArtisans,text/html; charset=utf-8,false,200,0,0,71,1,true
20,https://servicesartisans.fr/guides/isolation-combles,"Isolation des Combles : Guide Prix, Techniques et Aides 2026 | ServicesArtisans",text/html; charset=utf-8,false,200,0,0,79,1,true
20,https://servicesartisans.fr/services/plombier/puget-sur-argens,4.9★ (77 avis) · Plombier Puget-sur-Argens 2026 : 34… | ServicesArtisans,text/html; charset=utf-8,false,200,0,0,72,1,true
20,https://servicesartisans.fr/services/serrurier/sainte-genevieve-des-bois,Serrurier Sainte-Geneviève-des-Bois 2026 — Devis Gratuit | ServicesArtisans,text/html; charset=utf-8,false,200,0,0,75,1,true
20,https://servicesartisans.fr/questions/climatisation-reversible-avantages,Quels sont les avantages d’une climatisation réversible ? | ServicesArtisans | ServicesArtisans,text/html; charset=utf-8,false,200,0,0,95,1,true
20,https://servicesartisans.fr/blog/tag/proces-verbal,Procès-verbal — Articles & Guides | ServicesArtisans | ServicesArtisans,text/html; charset=utf-8,false,200,0,0,71,1,true
20,https://servicesartisans.fr/blog/tag/diagnostiqueur,Diagnostiqueur — Articles & Guides | ServicesArtisans | ServicesArtisans,text/html; charset=utf-8,false,200,0,0,72,1,true
20,https://servicesartisans.fr/services/chauffagiste/charnay-les-macon,Chauffagiste à Charnay-lès-Mâcon — Devis Gratuit 2026 | ServicesArtisans,text/html; charset=utf-8,false,200,0,0,72,1,true
20,https://servicesartisans.fr/services/electricien/saint-martin-lez-tatinghem,Électricien Saint-Martin-lez-Tatinghem (62) — Devis 2026 | ServicesArtisans,text/html; charset=utf-8,false,200,0,0,75,1,true
20,https://servicesartisans.fr/services/serrurier/saint-julien-en-genevois,Serrurier Saint-Julien-en-Genevois 2026 — Devis Gratuit | ServicesArtisans,text/html; charset=utf-8,false,200,0,0,74,1,true
20,https://servicesartisans.fr/blog/tag/haute-garonne,Haute-Garonne — Articles & Guides | ServicesArtisans | ServicesArtisans,text/html; charset=utf-8,false,200,0,0,71,1,true
20,https://servicesartisans.fr/services/plombier/chatillon-sur-chalaronne,4.5★ (89 avis) · Plombier à Châtillon-sur-Chalaronne : 6… | ServicesArtisans,text/html; charset=utf-8,false,200,0,0,76,1,true
20,https://servicesartisans.fr/services/chauffagiste/le-perreux-sur-marne,Chauffagiste Le Perreux-sur-Marne 2026 : 16 Artisans | ServicesArtisans,text/html; charset=utf-8,false,200,0,0,71,1,true
20,https://servicesartisans.fr/services/chauffagiste/martignas-sur-jalle,Chauffagiste Martignas-sur-Jalle 2026 — Devis Gratuit | ServicesArtisans,text/html; charset=utf-8,false,200,0,0,72,1,true
20,https://servicesartisans.fr/services/chauffagiste/binic-etables-sur-mer,Chauffagiste Binic-Étables-sur-Mer 2026 : 1 Artisans | ServicesArtisans,text/html; charset=utf-8,false,200,0,0,71,1,true
20,https://servicesartisans.fr/services/serrurier/blainville-sur-orne,Serrurier à Blainville-sur-Orne : Devis Gratuit 2026 | ServicesArtisans,text/html; charset=utf-8,false,200,0,0,71,1,true
20,https://servicesartisans.fr/blog/tag/remontees-capillaires,Remontées capillaires — Articles & Guides | ServicesArtisans | ServicesArtisans,text/html; charset=utf-8,false,200,0,0,79,1,true
20,https://servicesartisans.fr/services/chauffagiste/saint-cyr-au-mont-d-or,Chauffagiste Saint-Cyr-au-Mont-d'Or : Devis Gratuit 2026 | ServicesArtisans,text/html; charset=utf-8,false,200,0,0,75,1,true
20,https://servicesartisans.fr/comparaison/toiture-tuiles-vs-ardoise-vs-zinc,Toiture tuiles vs ardoise vs zinc : quel matériau de couverture choisir ? | ServicesArtisans,text/html; charset=utf-8,false,200,0,0,92,1,true
20,https://servicesartisans.fr/services/plombier/saint-brevin-les-pins,Plombier à Saint-Brevin-les-Pins — Devis Gratuit 2026 | ServicesArtisans,text/html; charset=utf-8,false,200,0,0,72,1,true
20,https://servicesartisans.fr/blog/tag/pmr-accessibilite,PMR accessibilité — Articles & Guides | ServicesArtisans | ServicesArtisans,text/html; charset=utf-8,false,200,0,0,75,1,true
20,https://servicesartisans.fr/services/chauffagiste/monistrol-sur-loire,Chauffagiste Monistrol-sur-Loire 2026 — Devis Gratuit | ServicesArtisans,text/html; charset=utf-8,false,200,0,0,72,1,true
20,https://servicesartisans.fr/questions/prix-extension-maison-m2,Combien coûte une extension de maison au m² ? | ServicesArtisans | ServicesArtisans,text/html; charset=utf-8,false,200,0,0,83,1,true
20,https://servicesartisans.fr/services/chauffagiste/les-clayes-sous-bois,Chauffagiste à Les Clayes-sous-Bois : 3 Pros + Devis | ServicesArtisans,text/html; charset=utf-8,false,200,0,0,71,1,true
20,https://servicesartisans.fr/services/electricien/montigny-les-cormeilles,Électricien Montigny-lès-Cormeilles 2026 — Devis Gratuit | ServicesArtisans,text/html; charset=utf-8,false,200,0,0,75,1,true
20,https://servicesartisans.fr/blog/renovation-energetique-aides-2026,Aides Rénovation 2026 : jusqu'à 80% financés — Guide | ServicesArtisans,text/html; charset=utf-8,false,200,0,0,71,1,true
20,https://servicesartisans.fr/avis,Avis Artisans Vérifiés 2026 — Choisir un pro de confiance | ServicesArtisans,text/html; charset=utf-8,false,200,0,0,76,1,true
20,https://servicesartisans.fr/services/chauffagiste/saint-amand-les-eaux,Chauffagiste à Saint-Amand-les-Eaux — Devis Gratuit 2026 | ServicesArtisans,text/html; charset=utf-8,false,200,0,0,75,1,true
20,https://servicesartisans.fr/services/electricien/champagne-au-mont-d-or,Électricien Champagne-au-Mont-d'Or (69) — Devis 2026 | ServicesArtisans,text/html; charset=utf-8,false,200,0,0,71,1,true
20,https://servicesartisans.fr/services/chauffagiste/villeneuve-les-maguelone,Chauffagiste à Villeneuve-lès-Maguelone : 12 Pros + Devis | ServicesArtisans,text/html; charset=utf-8,false,200,0,0,76,1,true
20,https://servicesartisans.fr/blog/prix-chauffagiste-strasbourg-2026,Prix Chauffagiste Strasbourg 2026 — Tarifs et Devis Gratuit | ServicesArtisans,text/html; charset=utf-8,false,200,0,0,78,1,true
20,https://servicesartisans.fr/services/plombier/miribel,4.5★ (89 avis) · Plombier à Miribel — Devis Gratuit 2026 | ServicesArtisans,text/html; charset=utf-8,false,200,0,0,75,1,true
20,https://servicesartisans.fr/services/electricien/saint-pierre-en-faucigny,Électricien à Saint-Pierre-en-Faucigny : 18 Pros + Devis | ServicesArtisans,text/html; charset=utf-8,false,200,0,0,75,1,true
20,https://servicesartisans.fr/services/serrurier/schweighouse-sur-moder,Serrurier Schweighouse-sur-Moder 2026 — Devis Gratuit | ServicesArtisans,text/html; charset=utf-8,false,200,0,0,72,1,true
20,https://servicesartisans.fr/comparaison/isolation-laine-vs-ouate-vs-polyurethane,"Isolants : laine de verre, ouate de cellulose ou polyuréthane ? | ServicesArtisans",text/html; charset=utf-8,false,200,0,0,82,1,true
20,https://servicesartisans.fr/blog/tag/prix-peintre-en-batiment,Prix peintre en bâtiment — Articles & Guides | ServicesArtisans | ServicesArtisans,text/html; charset=utf-8,false,200,0,0,82,1,true
20,https://servicesartisans.fr/blog/prix-serrurier-toulouse-2026,Prix Serrurier Toulouse 2026 — Tarifs et Devis Gratuit | ServicesArtisans,text/html; charset=utf-8,false,200,0,0,73,1,true
20,https://servicesartisans.fr/services/serrurier/les-pennes-mirabeau,Serrurier à Les Pennes-Mirabeau — Devis Gratuit 2026 | ServicesArtisans,text/html; charset=utf-8,false,200,0,0,71,1,true
20,https://servicesartisans.fr/blog/garantie-decennale-tout-savoir,Garantie Décennale : 10 ans de protection — Guide 2026 | ServicesArtisans,text/html; charset=utf-8,false,200,0,0,73,1,true
20,https://servicesartisans.fr/blog/tag/responsabilite,Responsabilité — Articles & Guides | ServicesArtisans | ServicesArtisans,text/html; charset=utf-8,false,200,0,0,72,1,true
20,https://servicesartisans.fr/services/serrurier/saint-just-saint-rambert,Serrurier à Saint-Just-Saint-Rambert : 4 Pros + Devis | ServicesArtisans,text/html; charset=utf-8,false,200,0,0,72,1,true
20,https://servicesartisans.fr/services/serrurier/illkirch-graffenstaden,Serrurier à Illkirch-Graffenstaden : 11 Pros + Devis | ServicesArtisans,text/html; charset=utf-8,false,200,0,0,71,1,true
20,https://servicesartisans.fr/services/serrurier/charleville-mezieres,Serrurier à Charleville-Mézières — Devis Gratuit 2026 | ServicesArtisans,text/html; charset=utf-8,false,200,0,0,72,1,true
20,https://servicesartisans.fr/blog/tag/construction-neuve,Construction neuve — Articles & Guides | ServicesArtisans | ServicesArtisans,text/html; charset=utf-8,false,200,0,0,76,1,true
20,https://servicesartisans.fr/services/chauffagiste/saint-florent-sur-cher,Chauffagiste à Saint-Florent-sur-Cher — Devis Gratuit 2026 | ServicesArtisans,text/html; charset=utf-8,false,200,0,0,77,1,true
20,https://servicesartisans.fr/blog/prix-etancheiste-2026-tarifs-etancheite,Prix Étanchéiste 2026 : Tarifs au m² et Devis Gratuit | ServicesArtisans,text/html; charset=utf-8,false,200,0,0,72,1,true
20,https://servicesartisans.fr/questions/aide-pompe-chaleur-2026,Quelles aides pour une pompe à chaleur en 2026 ? | ServicesArtisans | ServicesArtisans,text/html; charset=utf-8,false,200,0,0,86,1,true
20,https://servicesartisans.fr/services/nettoyage,Nettoyage professionnel : Artisans Vérifiés + Devis… | ServicesArtisans,text/html; charset=utf-8,false,200,0,0,71,1,true
20,https://servicesartisans.fr/blog/tag/renovation-interieure,rénovation intérieure — Articles & Guides | ServicesArtisans | ServicesArtisans,text/html; charset=utf-8,false,200,0,0,79,1,true
20,https://servicesartisans.fr/services/electricien/saint-martin-le-vinoux,Électricien Saint-Martin-le-Vinoux 2026 — Devis Gratuit | ServicesArtisans,text/html; charset=utf-8,false,200,0,0,74,1,true
20,https://servicesartisans.fr/services/electricien/la-londe-les-maures,Électricien à La Londe-les-Maures — Devis Gratuit 2026 | ServicesArtisans,text/html; charset=utf-8,false,200,0,0,73,1,true
20,https://servicesartisans.fr/services/plombier/saint-etienne-du-rouvray,Plombier Saint-Étienne-du-Rouvray 2026 : 30 Artisans | ServicesArtisans,text/html; charset=utf-8,false,200,0,0,71,1,true
20,https://servicesartisans.fr/services/serrurier/oloron-sainte-marie,Serrurier à Oloron-Sainte-Marie — Devis Gratuit 2026 | ServicesArtisans,text/html; charset=utf-8,false,200,0,0,71,1,true
20,https://servicesartisans.fr/blog/tag/prix-plombier,Prix plombier — Articles & Guides | ServicesArtisans | ServicesArtisans,text/html; charset=utf-8,false,200,0,0,71,1,true
20,https://servicesartisans.fr/services/plombier/saint-germain-les-corbeil,Plombier Saint-Germain-lès-Corbeil 2026 : 3 Artisans | ServicesArtisans,text/html; charset=utf-8,false,200,0,0,71,1,true
20,https://servicesartisans.fr/maprimerenov-cumulaison-cee,"Cumul MaPrimeRénov’ et CEE 2026 : règles, plafonds, tableau | ServicesArtisans",text/html; charset=utf-8,false,200,0,0,78,1,true
20,https://servicesartisans.fr/rge,Artisans RGE certifiés : trouvez un pro près de chez vous | ServicesArtisans,text/html; charset=utf-8,false,200,0,0,76,1,true
20,https://servicesartisans.fr/blog/tag/economies-energie,économies énergie — Articles & Guides | ServicesArtisans | ServicesArtisans,text/html; charset=utf-8,false,200,0,0,75,1,true
20,https://servicesartisans.fr/services/serrurier/issy-les-moulineaux,Serrurier à Issy-les-Moulineaux — Devis Gratuit 2026 | ServicesArtisans,text/html; charset=utf-8,false,200,0,0,71,1,true
20,https://servicesartisans.fr/services/serrurier/le-puy-sainte-reparade,Serrurier Le Puy-Sainte-Réparade 2026 — Devis Gratuit | ServicesArtisans,text/html; charset=utf-8,false,200,0,0,72,1,true
20,https://servicesartisans.fr/blog/tag/punaises-de-lit,punaises de lit — Articles & Guides | ServicesArtisans | ServicesArtisans,text/html; charset=utf-8,false,200,0,0,73,1,true
20,https://servicesartisans.fr/blog/tag/investissement,Investissement — Articles & Guides | ServicesArtisans | ServicesArtisans,text/html; charset=utf-8,false,200,0,0,72,1,true
20,https://servicesartisans.fr/services/plombier/bourg-en-bresse,4.5★ (89 avis) · Plombier à Bourg-en-Bresse : 37 Pros +… | ServicesArtisans,text/html; charset=utf-8,false,200,0,0,75,1,true
20,https://servicesartisans.fr/blog/categorie/diy,DIY & Bricolage — Tutoriels Travaux | ServicesArtisans | ServicesArtisans,text/html; charset=utf-8,false,200,0,0,73,1,true
20,https://servicesartisans.fr/questions/assurance-dommages-ouvrage,Qu'est-ce que l'assurance dommages-ouvrage ? | ServicesArtisans | ServicesArtisans,text/html; charset=utf-8,false,200,0,0,82,1,true
20,https://servicesartisans.fr/services/chauffagiste/saint-etienne-du-rouvray,Chauffagiste Saint-Étienne-du-Rouvray (76) — Devis 2026 | ServicesArtisans,text/html; charset=utf-8,false,200,0,0,74,1,true
20,https://servicesartisans.fr/services/chauffagiste/jarville-la-malgrange,Chauffagiste Jarville-la-Malgrange 2026 — Devis Gratuit | ServicesArtisans,text/html; charset=utf-8,false,200,0,0,74,1,true
20,https://servicesartisans.fr/services/plombier/la-crau,4.9★ (77 avis) · Plombier à La Crau — Devis Gratuit 2026 | ServicesArtisans,text/html; charset=utf-8,false,200,0,0,75,1,true
20,https://servicesartisans.fr/services/serrurier/bussy-saint-georges,Serrurier à Bussy-Saint-Georges — Devis Gratuit 2026 | ServicesArtisans,text/html; charset=utf-8,false,200,0,0,71,1,true
20,https://servicesartisans.fr/services/electricien/saint-julien-en-genevois,Électricien à Saint-Julien-en-Genevois — Devis Gratuit… | ServicesArtisans,text/html; charset=utf-8,false,200,0,0,74,1,true
20,https://servicesartisans.fr/services/electricien/sainte-livrade-sur-lot,Électricien à Sainte-Livrade-sur-Lot : 10 Pros + Devis | ServicesArtisans,text/html; charset=utf-8,false,200,0,0,73,1,true
20,https://servicesartisans.fr/services/electricien/pernes-les-fontaines,Électricien à Pernes-les-Fontaines — Devis Gratuit 2026 | ServicesArtisans,text/html; charset=utf-8,false,200,0,0,74,1,true
20,https://servicesartisans.fr/services/electricien/boussy-saint-antoine,Électricien à Boussy-Saint-Antoine — Devis Gratuit 2026 | ServicesArtisans,text/html; charset=utf-8,false,200,0,0,74,1,true
20,https://servicesartisans.fr/blog/mon-accompagnateur-renov-2026-guide,Mon Accompagnateur Rénov' : Rôle et Obligation — Guide 2026 | ServicesArtisans,text/html; charset=utf-8,false,200,0,0,78,1,true
20,https://servicesartisans.fr/services/serrurier/bellerive-sur-allier,Serrurier à Bellerive-sur-Allier — Devis Gratuit 2026 | ServicesArtisans,text/html; charset=utf-8,false,200,0,0,72,1,true
20,https://servicesartisans.fr/services/chauffagiste/romorantin-lanthenay,Chauffagiste à Romorantin-Lanthenay : 4 Pros + Devis | ServicesArtisans,text/html; charset=utf-8,false,200,0,0,71,1,true
20,https://servicesartisans.fr/services/electricien/saint-aubin-les-elbeuf,Électricien à Saint-Aubin-lès-Elbeuf — Devis Gratuit 2026 | ServicesArtisans,text/html; charset=utf-8,false,200,0,0,76,1,true
20,https://servicesartisans.fr/services/chauffagiste/sainte-livrade-sur-lot,Chauffagiste à Sainte-Livrade-sur-Lot : 2 Pros + Devis | ServicesArtisans,text/html; charset=utf-8,false,200,0,0,73,1,true
20,https://servicesartisans.fr/blog/tag/passoires-thermiques,Passoires thermiques — Articles & Guides | ServicesArtisans | ServicesArtisans,text/html; charset=utf-8,false,200,0,0,78,1,true
20,https://servicesartisans.fr/services/chauffagiste/roquebrune-sur-argens,Chauffagiste Roquebrune-sur-Argens 2026 — Devis Gratuit | ServicesArtisans,text/html; charset=utf-8,false,200,0,0,74,1,true
20,https://servicesartisans.fr/services/plombier/champagne-au-mont-d-or,Plombier à Champagne-au-Mont-d'Or — Devis Gratuit 2026 | ServicesArtisans,text/html; charset=utf-8,false,200,0,0,73,1,true
20,https://servicesartisans.fr/services/chauffagiste/septemes-les-vallons,Chauffagiste Septèmes-les-Vallons 2026 : 14 Artisans | ServicesArtisans,text/html; charset=utf-8,false,200,0,0,71,1,true
20,https://servicesartisans.fr/questions/financer-renovation-energetique,Comment financer sa rénovation énergétique ? | ServicesArtisans | ServicesArtisans,text/html; charset=utf-8,false,200,0,0,82,1,true
20,https://servicesartisans.fr/blog/tag/mon-accompagnateur-renov,Mon Accompagnateur Rénov' — Articles & Guides | ServicesArtisans | ServicesArtisans,text/html; charset=utf-8,false,200,0,0,83,1,true
20,https://servicesartisans.fr/questions/pompe-chaleur-air-eau-ou-air-air,PAC air-eau ou air-air : quelle différence ? | ServicesArtisans | ServicesArtisans,text/html; charset=utf-8,false,200,0,0,82,1,true
20,https://servicesartisans.fr/services/electricien/saint-marcellin-en-forez,Électricien Saint-Marcellin-en-Forez (42) — Devis 2026 | ServicesArtisans,text/html; charset=utf-8,false,200,0,0,73,1,true
20,https://servicesartisans.fr/services/electricien/grandchamp-des-fontaines,Électricien Grandchamp-des-Fontaines (44) — Devis 2026 | ServicesArtisans,text/html; charset=utf-8,false,200,0,0,73,1,true
20,https://servicesartisans.fr/questions/assurance-dommage-ouvrage-obligatoire,L'assurance dommage-ouvrage est-elle obligatoire ? | ServicesArtisans | ServicesArtisans,text/html; charset=utf-8,false,200,0,0,88,1,true
20,https://servicesartisans.fr/services/electricien/notre-dame-de-bondeville,Électricien à Notre-Dame-de-Bondeville — Devis Gratuit… | ServicesArtisans,text/html; charset=utf-8,false,200,0,0,74,1,true
20,https://servicesartisans.fr/tarifs/peintre-en-batiment,Prix peintre en bâtiment 2026 : tarif au m² + Devis Gratuit | ServicesArtisans,text/html; charset=utf-8,false,200,0,0,78,1,true
20,https://servicesartisans.fr/services/plombier/sainte-livrade-sur-lot,Plombier à Sainte-Livrade-sur-Lot — Devis Gratuit 2026 | ServicesArtisans,text/html; charset=utf-8,false,200,0,0,73,1,true
20,https://servicesartisans.fr/services/electricien/carrieres-sur-seine,Électricien Carrières-sur-Seine 2026 — Devis Gratuit | ServicesArtisans,text/html; charset=utf-8,false,200,0,0,71,1,true
20,https://servicesartisans.fr/comparaison/volet-roulant-vs-battant-vs-persienne,Volet roulant vs battant vs persienne : lequel choisir ? | ServicesArtisans,text/html; charset=utf-8,false,200,0,0,75,1,true
20,https://servicesartisans.fr/blog/tag/diagnostic-immobilier,Diagnostic immobilier — Articles & Guides | ServicesArtisans | ServicesArtisans,text/html; charset=utf-8,false,200,0,0,79,1,true
20,https://servicesartisans.fr/services/serrurier/artigues-pres-bordeaux,Serrurier à Artigues-près-Bordeaux — Devis Gratuit 2026 | ServicesArtisans,text/html; charset=utf-8,false,200,0,0,74,1,true
20,https://servicesartisans.fr/services/chauffagiste/voisins-le-bretonneux,Chauffagiste Voisins-le-Bretonneux 2026 — Devis Gratuit | ServicesArtisans,text/html; charset=utf-8,false,200,0,0,74,1,true
20,https://servicesartisans.fr/services/chauffagiste/mezidon-vallee-d-auge,Chauffagiste à Mézidon Vallée d'Auge — Devis Gratuit 2026 | ServicesArtisans,text/html; charset=utf-8,false,200,0,0,76,1,true
20,https://servicesartisans.fr/comparaison/vmc-simple-flux-vs-double-flux,VMC simple flux vs double flux : quel système de ventilation ? | ServicesArtisans,text/html; charset=utf-8,false,200,0,0,81,1,true
20,https://servicesartisans.fr/questions/comment-choisir-plombier,Comment choisir un bon plombier ? | ServicesArtisans | ServicesArtisans,text/html; charset=utf-8,false,200,0,0,71,1,true
20,https://servicesartisans.fr/services/chauffagiste/les-avenieres-veyrins-thuellin,Chauffagiste à Les Avenières Veyrins-Thuellin — Devis… | ServicesArtisans,text/html; charset=utf-8,false,200,0,0,73,1,true
20,https://servicesartisans.fr/blog/tag/calendrier-travaux,calendrier travaux — Articles & Guides | ServicesArtisans | ServicesArtisans,text/html; charset=utf-8,false,200,0,0,76,1,true
20,https://servicesartisans.fr/blog/prix-electricien-marseille-2026,Prix Électricien Marseille 2026 — Tarifs et Devis Gratuit | ServicesArtisans,text/html; charset=utf-8,false,200,0,0,76,1,true
20,https://servicesartisans.fr/services/electricien/saint-gervais-les-bains,Électricien à Saint-Gervais-les-Bains : 10 Pros + Devis | ServicesArtisans,text/html; charset=utf-8,false,200,0,0,74,1,true
20,https://servicesartisans.fr/questions/tarif-electricien-au-m2,Quel est le tarif d'un électricien au m² ? | ServicesArtisans | ServicesArtisans,text/html; charset=utf-8,false,200,0,0,80,1,true
20,https://servicesartisans.fr/services/plombier/saint-jean-de-la-ruelle,Plombier à Saint-Jean-de-la-Ruelle : 14 Pros + Devis | ServicesArtisans,text/html; charset=utf-8,false,200,0,0,71,1,true
20,https://servicesartisans.fr/comparaison/pompe-a-chaleur-vs-chaudiere-gaz,Pompe à chaleur vs Chaudière gaz : quel chauffage choisir ? | ServicesArtisans,text/html; charset=utf-8,false,200,0,0,78,1,true
20,https://servicesartisans.fr/services/chauffagiste/saint-didier-au-mont-d-or,Chauffagiste Saint-Didier-au-Mont-d'Or (69) — Devis 2026 | ServicesArtisans,text/html; charset=utf-8,false,200,0,0,75,1,true
20,https://servicesartisans.fr/comparaison/porte-blindee-vs-renforcee,Porte blindée vs porte renforcée : laquelle pour votre sécurité ? | ServicesArtisans,text/html; charset=utf-8,false,200,0,0,84,1,true
20,https://servicesartisans.fr/blog/tag/voiture-electrique,voiture électrique — Articles & Guides | ServicesArtisans | ServicesArtisans,text/html; charset=utf-8,false,200,0,0,76,1,true
20,https://servicesartisans.fr/services/serrurier/saint-thibault-des-vignes,Serrurier Saint-Thibault-des-Vignes 2026 : 3 Artisans | ServicesArtisans,text/html; charset=utf-8,false,200,0,0,72,1,true
20,https://servicesartisans.fr/services/plombier/saint-germain-les-arpajon,Plombier à Saint-Germain-lès-Arpajon — Devis Gratuit 2026 | ServicesArtisans,text/html; charset=utf-8,false,200,0,0,76,1,true
20,https://servicesartisans.fr/blog/cumul-aides-renovation-2026-tableau,Cumul Aides Rénovation 2026 : Tableau Complet — Guide 2026 | ServicesArtisans,text/html; charset=utf-8,false,200,0,0,77,1,true
20,https://servicesartisans.fr/services/electricien/saint-mandrier-sur-mer,Électricien Saint-Mandrier-sur-Mer (83) — Devis 2026 | ServicesArtisans,text/html; charset=utf-8,false,200,0,0,71,1,true
20,https://servicesartisans.fr/services/serrurier/saint-yrieix-sur-charente,Serrurier Saint-Yrieix-sur-Charente 2026 — Devis Gratuit | ServicesArtisans,text/html; charset=utf-8,false,200,0,0,75,1,true
20,https://servicesartisans.fr/services/chauffagiste/saint-paul-trois-chateaux,Chauffagiste à Saint-Paul-Trois-Châteaux : 2 Pros + Devis | ServicesArtisans,text/html; charset=utf-8,false,200,0,0,76,1,true
20,https://servicesartisans.fr/services/electricien/saint-pierre-en-auge,Électricien Saint-Pierre-en-Auge 2026 — Devis Gratuit | ServicesArtisans,text/html; charset=utf-8,false,200,0,0,72,1,true
20,https://servicesartisans.fr/services/chauffagiste/la-penne-sur-huveaune,Chauffagiste La Penne-sur-Huveaune 2026 — Devis Gratuit | ServicesArtisans,text/html; charset=utf-8,false,200,0,0,74,1,true
20,https://servicesartisans.fr/services/chauffagiste/saint-hilaire-de-riez,Chauffagiste à Saint-Hilaire-de-Riez — Devis Gratuit 2026 | ServicesArtisans,text/html; charset=utf-8,false,200,0,0,76,1,true
20,https://servicesartisans.fr/tarifs/ferronnier,Prix Ferronnier 2026 : combien prévoir ? 200–600€/ml | ServicesArtisans,text/html; charset=utf-8,false,200,0,0,71,1,true
20,https://servicesartisans.fr/services/electricien/saint-georges-de-didonne,Électricien Saint-Georges-de-Didonne (17) — Devis 2026 | ServicesArtisans,text/html; charset=utf-8,false,200,0,0,73,1,true
20,https://servicesartisans.fr/services/plombier/valserhone,4.5★ (89 avis) · Plombier Valserhône 2026 — Devis Gratuit | ServicesArtisans,text/html; charset=utf-8,false,200,0,0,76,1,true
20,https://servicesartisans.fr/questions/prix-renovation-electrique-appartement,Combien coûte une rénovation électrique complète ? | ServicesArtisans | ServicesArtisans,text/html; charset=utf-8,false,200,0,0,88,1,true
20,https://servicesartisans.fr/services/serrurier/saint-germain-les-corbeil,Serrurier Saint-Germain-lès-Corbeil (91) — Devis 2026 | ServicesArtisans,text/html; charset=utf-8,false,200,0,0,72,1,true
20,https://servicesartisans.fr/services/chauffagiste/saint-quentin-fallavier,Chauffagiste Saint-Quentin-Fallavier 2026 : 7 Artisans | ServicesArtisans,text/html; charset=utf-8,false,200,0,0,73,1,true
20,https://servicesartisans.fr/services/serrurier/saint-pierre-les-nemours,Serrurier Saint-Pierre-lès-Nemours 2026 — Devis Gratuit | ServicesArtisans,text/html; charset=utf-8,false,200,0,0,74,1,true
20,https://servicesartisans.fr/outils/diagnostic,Quel artisan choisir ? Diagnostic gratuit en 30 secondes | ServicesArtisans,text/html; charset=utf-8,false,200,0,0,75,1,true
20,https://servicesartisans.fr/services/plombier/saint-georges-de-didonne,Plombier à Saint-Georges-de-Didonne — Devis Gratuit 2026 | ServicesArtisans,text/html; charset=utf-8,false,200,0,0,75,1,true
20,https://servicesartisans.fr/services/serrurier/montigny-les-cormeilles,Serrurier Montigny-lès-Cormeilles 2026 — Devis Gratuit | ServicesArtisans,text/html; charset=utf-8,false,200,0,0,73,1,true
20,https://servicesartisans.fr/services/chauffagiste/marange-silvange,Chauffagiste à Marange-Silvange — Devis Gratuit 2026 | ServicesArtisans,text/html; charset=utf-8,false,200,0,0,71,1,true
20,https://servicesartisans.fr/guides/devis-travaux,Devis Travaux : Guide Complet pour Bien Comparer (2026) | ServicesArtisans,text/html; charset=utf-8,false,200,0,0,74,1,true
20,https://servicesartisans.fr/blog/tag/entretien-exterieur,entretien extérieur — Articles & Guides | ServicesArtisans | ServicesArtisans,text/html; charset=utf-8,false,200,0,0,77,1,true
20,https://servicesartisans.fr/services/electricien/saint-orens-de-gameville,Électricien à Saint-Orens-de-Gameville : 13 Pros + Devis | ServicesArtisans,text/html; charset=utf-8,false,200,0,0,75,1,true
20,https://servicesartisans.fr/services/chauffagiste/capesterre-belle-eau,Chauffagiste Capesterre-Belle-Eau 2026 — Devis Gratuit | ServicesArtisans,text/html; charset=utf-8,false,200,0,0,73,1,true
20,https://servicesartisans.fr/services/chauffagiste/franqueville-saint-pierre,Chauffagiste Franqueville-Saint-Pierre (76) — Devis 2026 | ServicesArtisans,text/html; charset=utf-8,false,200,0,0,75,1,true
20,https://servicesartisans.fr/services/electricien/saint-germain-les-corbeil,Électricien Saint-Germain-lès-Corbeil 2026 : 7 Artisans | ServicesArtisans,text/html; charset=utf-8,false,200,0,0,74,1,true
20,https://servicesartisans.fr/services/serrurier/moncoutant-sur-sevre,Serrurier à Moncoutant-sur-Sèvre : Devis Gratuit 2026 | ServicesArtisans,text/html; charset=utf-8,false,200,0,0,72,1,true
20,https://servicesartisans.fr/services/electricien/ramonville-saint-agne,Électricien Ramonville-Saint-Agne 2026 — Devis Gratuit | ServicesArtisans,text/html; charset=utf-8,false,200,0,0,73,1,true
20,https://servicesartisans.fr/services/serrurier/villemoisson-sur-orge,Serrurier à Villemoisson-sur-Orge — Devis Gratuit 2026 | ServicesArtisans,text/html; charset=utf-8,false,200,0,0,73,1,true
20,https://servicesartisans.fr/services/chauffagiste/ramonville-saint-agne,Chauffagiste Ramonville-Saint-Agne 2026 — Devis Gratuit | ServicesArtisans,text/html; charset=utf-8,false,200,0,0,74,1,true
20,https://servicesartisans.fr/services/chauffagiste/saint-julien-les-villas,Chauffagiste à Saint-Julien-les-Villas — Devis Gratuit… | ServicesArtisans,text/html; charset=utf-8,false,200,0,0,74,1,true
20,https://servicesartisans.fr/services/serrurier/saint-arnoult-en-yvelines,Serrurier à Saint-Arnoult-en-Yvelines — Devis Gratuit 2026 | ServicesArtisans,text/html; charset=utf-8,false,200,0,0,77,1,true
20,https://servicesartisans.fr/services/electricien/saint-medard-en-jalles,Électricien Saint-Médard-en-Jalles 2026 — Devis Gratuit | ServicesArtisans,text/html; charset=utf-8,false,200,0,0,74,1,true
20,https://servicesartisans.fr/blog/tag/canalisations,canalisations — Articles & Guides | ServicesArtisans | ServicesArtisans,text/html; charset=utf-8,false,200,0,0,71,1,true
20,https://servicesartisans.fr/services/electricien/machecoul-saint-meme,Électricien à Machecoul-Saint-Même : 11 Pros + Devis | ServicesArtisans,text/html; charset=utf-8,false,200,0,0,71,1,true
20,https://servicesartisans.fr/services/chauffagiste/villemoisson-sur-orge,Chauffagiste Villemoisson-sur-Orge 2026 : 7 Artisans | ServicesArtisans,text/html; charset=utf-8,false,200,0,0,71,1,true
20,https://servicesartisans.fr/services/chauffagiste/fontenay-sous-bois,Chauffagiste à Fontenay-sous-Bois — Devis Gratuit 2026 | ServicesArtisans,text/html; charset=utf-8,false,200,0,0,73,1,true
20,https://servicesartisans.fr/services/chauffagiste/saint-pierre-du-perray,Chauffagiste à Saint-Pierre-du-Perray : 4 Pros + Devis | ServicesArtisans,text/html; charset=utf-8,false,200,0,0,73,1,true
20,https://servicesartisans.fr/services/serrurier/saint-vincent-de-tyrosse,Serrurier à Saint-Vincent-de-Tyrosse — Devis Gratuit 2026 | ServicesArtisans,text/html; charset=utf-8,false,200,0,0,76,1,true
20,https://servicesartisans.fr/services/plombier/sollies-pont,4.9★ (77 avis) · Plombier Solliès-Pont (83) — Devis 2026 | ServicesArtisans,text/html; charset=utf-8,false,200,0,0,75,1,true
20,https://servicesartisans.fr/services/electricien/le-mesnil-saint-denis,Électricien à Le Mesnil-Saint-Denis : 4 Pros + Devis | ServicesArtisans,text/html; charset=utf-8,false,200,0,0,71,1,true
20,https://servicesartisans.fr/services/chauffagiste/neuville-en-ferrain,Chauffagiste à Neuville-en-Ferrain — Devis Gratuit 2026 | ServicesArtisans,text/html; charset=utf-8,false,200,0,0,74,1,true
20,https://servicesartisans.fr/blog/tag/budget-domotique,budget domotique — Articles & Guides | ServicesArtisans | ServicesArtisans,text/html; charset=utf-8,false,200,0,0,74,1,true
20,https://servicesartisans.fr/services/electricien/saint-florent-sur-cher,Électricien à Saint-Florent-sur-Cher : 3 Pros + Devis | ServicesArtisans,text/html; charset=utf-8,false,200,0,0,72,1,true
20,https://servicesartisans.fr/questions/chaudiere-en-panne-hiver,Chaudière en panne en hiver : que faire ? | ServicesArtisans | ServicesArtisans,text/html; charset=utf-8,false,200,0,0,79,1,true
20,https://servicesartisans.fr/blog/tag/degat-des-eaux,Dégât des eaux — Articles & Guides | ServicesArtisans | ServicesArtisans,text/html; charset=utf-8,false,200,0,0,72,1,true
20,https://servicesartisans.fr/services/electricien/le-palais-sur-vienne,Électricien à Le Palais-sur-Vienne : 10 Pros + Devis | ServicesArtisans,text/html; charset=utf-8,false,200,0,0,71,1,true
20,https://servicesartisans.fr/blog/tag/aides-renovation,aides rénovation — Articles & Guides | ServicesArtisans | ServicesArtisans,text/html; charset=utf-8,false,200,0,0,74,1,true
20,https://servicesartisans.fr/questions/permis-construire-quand-obligatoire,Quand le permis de construire est-il obligatoire ? | ServicesArtisans | ServicesArtisans,text/html; charset=utf-8,false,200,0,0,88,1,true
20,https://servicesartisans.fr/services/chauffagiste/montoir-de-bretagne,Chauffagiste Montoir-de-Bretagne 2026 — Devis Gratuit | ServicesArtisans,text/html; charset=utf-8,false,200,0,0,72,1,true
20,https://servicesartisans.fr/services/chauffagiste/issy-les-moulineaux,Chauffagiste Issy-les-Moulineaux 2026 — Devis Gratuit | ServicesArtisans,text/html; charset=utf-8,false,200,0,0,72,1,true
20,https://servicesartisans.fr/services/electricien/saint-pierre-les-nemours,Électricien à Saint-Pierre-lès-Nemours — Devis Gratuit… | ServicesArtisans,text/html; charset=utf-8,false,200,0,0,74,1,true
20,https://servicesartisans.fr/services/electricien/varces-allieres-et-risset,Électricien à Varces-Allières-et-Risset : 20 Pros + Devis | ServicesArtisans,text/html; charset=utf-8,false,200,0,0,76,1,true
20,https://servicesartisans.fr/services/chauffagiste/fleury-les-aubrais,Chauffagiste Fleury-les-Aubrais 2026 — Devis Gratuit | ServicesArtisans,text/html; charset=utf-8,false,200,0,0,71,1,true
20,https://servicesartisans.fr/services/plombier/le-puy-sainte-reparade,Plombier Le Puy-Sainte-Réparade 2026 — Devis Gratuit | ServicesArtisans,text/html; charset=utf-8,false,200,0,0,71,1,true
20,https://servicesartisans.fr/services/electricien/artigues-pres-bordeaux,Électricien à Artigues-près-Bordeaux — Devis Gratuit 2026 | ServicesArtisans,text/html; charset=utf-8,false,200,0,0,76,1,true
20,https://servicesartisans.fr/services/plombier/oullins-pierre-benite,Plombier à Oullins-Pierre-Bénite — Devis Gratuit 2026 | ServicesArtisans,text/html; charset=utf-8,false,200,0,0,72,1,true
20,https://servicesartisans.fr/blog/prix-serrurier-bordeaux-2026,Prix Serrurier Bordeaux 2026 — Tarifs et Devis Gratuit | ServicesArtisans,text/html; charset=utf-8,false,200,0,0,73,1,true
20,https://servicesartisans.fr/guides/eviter-arnaques-artisan,Arnaques Artisans : Comment les Repérer et s'en Protéger | ServicesArtisans,text/html; charset=utf-8,false,200,0,0,75,1,true
20,https://servicesartisans.fr/services/electricien/oullins-pierre-benite,Électricien à Oullins-Pierre-Bénite : 47 Pros + Devis | ServicesArtisans,text/html; charset=utf-8,false,200,0,0,72,1,true
20,https://servicesartisans.fr/comparaison/chaudiere-gaz-vs-electrique-vs-pac,Chaudière gaz vs Électrique vs PAC : comparatif chauffage 2026 | ServicesArtisans,text/html; charset=utf-8,false,200,0,0,81,1,true
20,https://servicesartisans.fr/services/plombier/cloyes-les-trois-rivieres,Plombier Cloyes-les-Trois-Rivières (28) — Devis 2026 | ServicesArtisans,text/html; charset=utf-8,false,200,0,0,71,1,true
20,https://servicesartisans.fr/blog/tag/passoire-thermique,passoire thermique — Articles & Guides | ServicesArtisans | ServicesArtisans,text/html; charset=utf-8,false,200,0,0,76,1,true
20,https://servicesartisans.fr/tarifs/vitrier,Quel est le tarif d'un vitrier en 2026 ? Grille complète | ServicesArtisans,text/html; charset=utf-8,false,200,0,0,75,1,true
20,https://servicesartisans.fr/blog/tag/photovoltaique,photovoltaïque — Articles & Guides | ServicesArtisans | ServicesArtisans,text/html; charset=utf-8,false,200,0,0,72,1,true
20,https://servicesartisans.fr/blog/tag/financement-travaux,Financement travaux — Articles & Guides | ServicesArtisans | ServicesArtisans,text/html; charset=utf-8,false,200,0,0,77,1,true
20,https://servicesartisans.fr/blog/tag/rentabilite-solaire,rentabilité solaire — Articles & Guides | ServicesArtisans | ServicesArtisans,text/html; charset=utf-8,false,200,0,0,77,1,true
20,https://servicesartisans.fr/services/chauffagiste/meulan-en-yvelines,Chauffagiste à Meulan-en-Yvelines — Devis Gratuit 2026 | ServicesArtisans,text/html; charset=utf-8,false,200,0,0,73,1,true
20,https://servicesartisans.fr/services/electricien/saint-ouen-sur-seine,Électricien Saint-Ouen-sur-Seine 2026 : 126 Artisans | ServicesArtisans,text/html; charset=utf-8,false,200,0,0,71,1,true
20,https://servicesartisans.fr/services/plombier/le-pradet,4.9★ (77 avis) · Plombier Le Pradet (83) — Devis 2026 | ServicesArtisans,text/html; charset=utf-8,false,200,0,0,72,1,true
20,https://servicesartisans.fr/services/plombier/saint-andre-de-sangonis,Plombier à Saint-André-de-Sangonis — Devis Gratuit 2026 | ServicesArtisans,text/html; charset=utf-8,false,200,0,0,74,1,true
20,https://servicesartisans.fr/blog/tag/pierre-naturelle,pierre naturelle — Articles & Guides | ServicesArtisans | ServicesArtisans,text/html; charset=utf-8,false,200,0,0,74,1,true
20,https://servicesartisans.fr/blog/tag/electromenager,électroménager — Articles & Guides | ServicesArtisans | ServicesArtisans,text/html; charset=utf-8,false,200,0,0,72,1,true
20,https://servicesartisans.fr/services/electricien/saint-clement-de-riviere,Électricien à Saint-Clément-de-Rivière — Devis Gratuit… | ServicesArtisans,text/html; charset=utf-8,false,200,0,0,74,1,true
20,https://servicesartisans.fr/questions/quels-travaux-declaration-prealable,Quels travaux nécessitent une déclaration préalable ? | ServicesArtisans | ServicesArtisans,text/html; charset=utf-8,false,200,0,0,91,1,true
20,https://servicesartisans.fr/services/chauffagiste/les-essarts-le-roi,Chauffagiste à Les Essarts-le-Roi — Devis Gratuit 2026 | ServicesArtisans,text/html; charset=utf-8,false,200,0,0,73,1,true
20,https://servicesartisans.fr/services/electricien/saint-remy-les-chevreuse,Électricien à Saint-Rémy-lès-Chevreuse — Devis Gratuit… | ServicesArtisans,text/html; charset=utf-8,false,200,0,0,74,1,true
20,https://servicesartisans.fr/services/plombier/roquefort-la-bedoule,Plombier à Roquefort-la-Bédoule — Devis Gratuit 2026 | ServicesArtisans,text/html; charset=utf-8,false,200,0,0,71,1,true
20,https://servicesartisans.fr/services/chauffagiste/villeneuve-la-garenne,Chauffagiste Villeneuve-la-Garenne (92) — Devis 2026 | ServicesArtisans,text/html; charset=utf-8,false,200,0,0,71,1,true
20,https://servicesartisans.fr/services/plombier/jassans-riottier,4.5★ (89 avis) · Plombier à Jassans-Riottier — Devis… | ServicesArtisans,text/html; charset=utf-8,false,200,0,0,72,1,true
20,https://servicesartisans.fr/services/electricien/saint-amand-les-eaux,Électricien à Saint-Amand-les-Eaux : 27 Pros + Devis | ServicesArtisans,text/html; charset=utf-8,false,200,0,0,71,1,true
20,https://servicesartisans.fr/services/plombier/saint-genis-les-ollieres,Plombier à Saint-Genis-les-Ollières : 5 Pros + Devis | ServicesArtisans,text/html; charset=utf-8,false,200,0,0,71,1,true
20,https://servicesartisans.fr/services/electricien/jarville-la-malgrange,Électricien à Jarville-la-Malgrange : 7 Pros + Devis | ServicesArtisans,text/html; charset=utf-8,false,200,0,0,71,1,true
20,https://servicesartisans.fr/blog/tag/climatisation,climatisation — Articles & Guides | ServicesArtisans | ServicesArtisans,text/html; charset=utf-8,false,200,0,0,71,1,true
20,https://servicesartisans.fr/services/chauffagiste/saint-nicolas-de-port,Chauffagiste Saint-Nicolas-de-Port (54) — Devis 2026 | ServicesArtisans,text/html; charset=utf-8,false,200,0,0,71,1,true
20,https://servicesartisans.fr/services/chauffagiste/saint-priest-en-jarez,Chauffagiste Saint-Priest-en-Jarez (42) — Devis 2026 | ServicesArtisans,text/html; charset=utf-8,false,200,0,0,71,1,true
20,https://servicesartisans.fr/services/chauffagiste/coulounieix-chamiers,Chauffagiste Coulounieix-Chamiers 2026 — Devis Gratuit | ServicesArtisans,text/html; charset=utf-8,false,200,0,0,73,1,true
20,https://servicesartisans.fr/services/serrurier/saint-pierre-les-elbeuf,Serrurier Saint-Pierre-lès-Elbeuf : Devis Gratuit 2026 | ServicesArtisans,text/html; charset=utf-8,false,200,0,0,73,1,true
20,https://servicesartisans.fr/questions/tarif-menuisier-sur-mesure,Quel est le tarif d'un menuisier pour du sur-mesure ? | ServicesArtisans | ServicesArtisans,text/html; charset=utf-8,false,200,0,0,91,1,true
20,https://servicesartisans.fr/tarifs/pompe-a-chaleur,Prix pompe à chaleur 2026 : aides + tarifs + Devis Gratuit | ServicesArtisans,text/html; charset=utf-8,false,200,0,0,77,1,true
20,https://servicesartisans.fr/services/chauffagiste/bain-de-bretagne,Chauffagiste à Bain-de-Bretagne — Devis Gratuit 2026 | ServicesArtisans,text/html; charset=utf-8,false,200,0,0,71,1,true
20,https://servicesartisans.fr/services/electricien/herouville-saint-clair,Électricien à Hérouville-Saint-Clair : 24 Pros + Devis | ServicesArtisans,text/html; charset=utf-8,false,200,0,0,73,1,true
20,https://servicesartisans.fr/services/electricien/saint-paul-trois-chateaux,Électricien à Saint-Paul-Trois-Châteaux — Devis Gratuit… | ServicesArtisans,text/html; charset=utf-8,false,200,0,0,75,1,true
20,https://servicesartisans.fr/services/chauffagiste/saint-brice-sous-foret,Chauffagiste à Saint-Brice-sous-Forêt : 24 Pros + Devis | ServicesArtisans,text/html; charset=utf-8,false,200,0,0,74,1,true
20,https://servicesartisans.fr/services/electricien/mezidon-vallee-d-auge,Électricien à Mézidon Vallée d'Auge — Devis Gratuit 2026 | ServicesArtisans,text/html; charset=utf-8,false,200,0,0,75,1,true
20,https://servicesartisans.fr/services/chauffagiste/montauban-de-bretagne,Chauffagiste Montauban-de-Bretagne 2026 : 1 Artisans | ServicesArtisans,text/html; charset=utf-8,false,200,0,0,71,1,true
20,https://servicesartisans.fr/blog/prix-charpentier-2026-tarifs-charpente,Prix Charpentier 2026 : Tarifs au m² et Devis Gratuit | ServicesArtisans,text/html; charset=utf-8,false,200,0,0,72,1,true
20,https://servicesartisans.fr/services/plombier/saint-pryve-saint-mesmin,Plombier Saint-Pryvé-Saint-Mesmin 2026 — Devis Gratuit | ServicesArtisans,text/html; charset=utf-8,false,200,0,0,73,1,true
20,https://servicesartisans.fr/faq,FAQ — Questions Artisans et Travaux | ServicesArtisans | ServicesArtisans,text/html; charset=utf-8,false,200,0,0,73,1,true
20,https://servicesartisans.fr/services/chauffagiste/auneau-bleury-saint-symphorien,Chauffagiste à Auneau-Bleury-Saint-Symphorien : 6 Pros +… | ServicesArtisans,text/html; charset=utf-8,false,200,0,0,76,1,true
20,https://servicesartisans.fr/services/electricien/brissac-loire-aubance,Électricien à Brissac Loire Aubance — Devis Gratuit 2026 | ServicesArtisans,text/html; charset=utf-8,false,200,0,0,75,1,true
20,https://servicesartisans.fr/services/serrurier/saint-andre-de-sangonis,Serrurier à Saint-André-de-Sangonis — Devis Gratuit 2026 | ServicesArtisans,text/html; charset=utf-8,false,200,0,0,75,1,true
20,https://servicesartisans.fr/services/electricien/saintry-sur-seine,Électricien à Saintry-sur-Seine — Devis Gratuit 2026 | ServicesArtisans,text/html; charset=utf-8,false,200,0,0,71,1,true
20,https://servicesartisans.fr/services/chauffagiste/montlouis-sur-loire,Chauffagiste à Montlouis-sur-Loire — Devis Gratuit 2026 | ServicesArtisans,text/html; charset=utf-8,false,200,0,0,74,1,true
20,https://servicesartisans.fr/services/electricien/villeneuve-les-maguelone,Électricien à Villeneuve-lès-Maguelone : 15 Pros + Devis | ServicesArtisans,text/html; charset=utf-8,false,200,0,0,75,1,true
20,https://servicesartisans.fr/services/plombier/saint-pierre-du-perray,Plombier à Saint-Pierre-du-Perray — Devis Gratuit 2026 | ServicesArtisans,text/html; charset=utf-8,false,200,0,0,73,1,true
20,https://servicesartisans.fr/blog/tag/accessibilite,accessibilité — Articles & Guides | ServicesArtisans | ServicesArtisans,text/html; charset=utf-8,false,200,0,0,71,1,true
20,https://servicesartisans.fr/services/chauffagiste/villemur-sur-tarn,Chauffagiste à Villemur-sur-Tarn — Devis Gratuit 2026 | ServicesArtisans,text/html; charset=utf-8,false,200,0,0,72,1,true
20,https://servicesartisans.fr/services/plombier/saint-jacques-de-la-lande,Plombier Saint-Jacques-de-la-Lande 2026 : 6 Artisans | ServicesArtisans,text/html; charset=utf-8,false,200,0,0,71,1,true
20,https://servicesartisans.fr/services/plombier/les-arcs,4.9★ (77 avis) · Plombier à Les Arcs : 14 Pros + Devis | ServicesArtisans,text/html; charset=utf-8,false,200,0,0,73,1,true
20,https://servicesartisans.fr/services/chauffagiste/beaufort-en-anjou,Chauffagiste à Beaufort-en-Anjou : Devis Gratuit 2026 | ServicesArtisans,text/html; charset=utf-8,false,200,0,0,72,1,true
20,https://servicesartisans.fr/services/chauffagiste/chatelaillon-plage,Chauffagiste à Châtelaillon-Plage — Devis Gratuit 2026 | ServicesArtisans,text/html; charset=utf-8,false,200,0,0,73,1,true
20,https://servicesartisans.fr/services/alarme-securite,Alarme et sécurité : Artisans Vérifiés + Devis Gratuit | ServicesArtisans,text/html; charset=utf-8,false,200,0,0,73,1,true
20,https://servicesartisans.fr/services/serrurier/villeneuve-les-maguelone,Serrurier à Villeneuve-lès-Maguelone : 1 Pros + Devis | ServicesArtisans,text/html; charset=utf-8,false,200,0,0,72,1,true
20,https://servicesartisans.fr/questions/carrelage-ou-parquet-salle-de-bain,Carrelage ou parquet pour la salle de bain ? | ServicesArtisans | ServicesArtisans,text/html; charset=utf-8,false,200,0,0,82,1,true
20,https://servicesartisans.fr/services/chauffagiste/boussy-saint-antoine,Chauffagiste à Boussy-Saint-Antoine : 5 Pros + Devis | ServicesArtisans,text/html; charset=utf-8,false,200,0,0,71,1,true
20,https://servicesartisans.fr/services/electricien/noyal-chatillon-sur-seiche,Électricien à Noyal-Châtillon-sur-Seiche — Devis Gratuit… | ServicesArtisans,text/html; charset=utf-8,false,200,0,0,76,1,true
20,https://servicesartisans.fr/cee/guides,"Guides primes CEE 2026 — PAC, isolation, poêle, chaudière | ServicesArtisans",text/html; charset=utf-8,false,200,0,0,76,1,true
20,https://servicesartisans.fr/services/serrurier/dombasle-sur-meurthe,Serrurier à Dombasle-sur-Meurthe — Devis Gratuit 2026 | ServicesArtisans,text/html; charset=utf-8,false,200,0,0,72,1,true
20,https://servicesartisans.fr/services/serrurier/roquefort-la-bedoule,Serrurier à Roquefort-la-Bédoule — Devis Gratuit 2026 | ServicesArtisans,text/html; charset=utf-8,false,200,0,0,72,1,true
20,https://servicesartisans.fr/services/serrurier/saint-didier-au-mont-d-or,Serrurier à Saint-Didier-au-Mont-d'Or — Artisans 2026 | ServicesArtisans,text/html; charset=utf-8,false,200,0,0,72,1,true
20,https://servicesartisans.fr/services/electricien/saint-pantaleon-de-larche,Électricien Saint-Pantaléon-de-Larche 2026 — Devis Gratuit | ServicesArtisans,text/html; charset=utf-8,false,200,0,0,77,1,true
20,https://servicesartisans.fr/services/plombier/montigny-le-bretonneux,Plombier Montigny-le-Bretonneux 2026 — Devis Gratuit | ServicesArtisans,text/html; charset=utf-8,false,200,0,0,71,1,true
20,https://servicesartisans.fr/blog/tag/budget-renovation,budget rénovation — Articles & Guides | ServicesArtisans | ServicesArtisans,text/html; charset=utf-8,false,200,0,0,75,1,true
20,https://servicesartisans.fr/services/electricien/la-chapelle-saint-mesmin,Électricien La Chapelle-Saint-Mesmin 2026 : 11 Artisans | ServicesArtisans,text/html; charset=utf-8,false,200,0,0,74,1,true
20,https://servicesartisans.fr/services/electricien/caumont-sur-durance,Électricien Caumont-sur-Durance 2026 — Devis Gratuit | ServicesArtisans,text/html; charset=utf-8,false,200,0,0,71,1,true
20,https://servicesartisans.fr/services/serrurier/montoir-de-bretagne,Serrurier à Montoir-de-Bretagne : Devis Gratuit 2026 | ServicesArtisans,text/html; charset=utf-8,false,200,0,0,71,1,true
20,https://servicesartisans.fr/blog/tag/coup-de-pouce,Coup de pouce — Articles & Guides | ServicesArtisans | ServicesArtisans,text/html; charset=utf-8,false,200,0,0,71,1,true
20,https://servicesartisans.fr/services/plombier/la-ferte-sous-jouarre,Plombier à La Ferté-sous-Jouarre — Devis Gratuit 2026 | ServicesArtisans,text/html; charset=utf-8,false,200,0,0,72,1,true
20,https://servicesartisans.fr/services/electricien/divatte-sur-loire,Électricien à Divatte-sur-Loire — Devis Gratuit 2026 | ServicesArtisans,text/html; charset=utf-8,false,200,0,0,71,1,true
20,https://servicesartisans.fr/services/electricien/mandelieu-la-napoule,Électricien Mandelieu-la-Napoule 2026 — Devis Gratuit | ServicesArtisans,text/html; charset=utf-8,false,200,0,0,72,1,true
20,https://servicesartisans.fr/services/serrurier/saint-georges-de-didonne,Serrurier Saint-Georges-de-Didonne 2026 — Devis Gratuit | ServicesArtisans,text/html; charset=utf-8,false,200,0,0,74,1,true
20,https://servicesartisans.fr/services/chauffagiste/saint-remy-de-provence,Chauffagiste Saint-Rémy-de-Provence (13) — Devis 2026 | ServicesArtisans,text/html; charset=utf-8,false,200,0,0,72,1,true
20,https://servicesartisans.fr/services/chauffagiste/saint-andre-des-eaux,Chauffagiste Saint-André-des-Eaux 2026 — Devis Gratuit | ServicesArtisans,text/html; charset=utf-8,false,200,0,0,73,1,true
20,https://servicesartisans.fr/services/chauffagiste/saint-germain-les-arpajon,Chauffagiste à Saint-Germain-lès-Arpajon — Devis Gratuit… | ServicesArtisans,text/html; charset=utf-8,false,200,0,0,76,1,true
20,https://servicesartisans.fr/tarifs/pisciniste,Prix Pisciniste 2026 : combien prévoir ? 15000–50000€ | ServicesArtisans,text/html; charset=utf-8,false,200,0,0,72,1,true
20,https://servicesartisans.fr/services/plombier/le-castellet,4.9★ (77 avis) · Plombier Le Castellet (83) — Devis 2026 | ServicesArtisans,text/html; charset=utf-8,false,200,0,0,75,1,true
20,https://servicesartisans.fr/services/electricien/voisins-le-bretonneux,Électricien Voisins-le-Bretonneux 2026 — Devis Gratuit | ServicesArtisans,text/html; charset=utf-8,false,200,0,0,73,1,true
20,https://servicesartisans.fr/services/electricien/quesnoy-sur-deule,Électricien à Quesnoy-sur-Deûle — Devis Gratuit 2026 | ServicesArtisans,text/html; charset=utf-8,false,200,0,0,71,1,true
20,https://servicesartisans.fr/questions/comment-verifier-artisan-fiable,Comment vérifier si un artisan est fiable ? | ServicesArtisans | ServicesArtisans,text/html; charset=utf-8,false,200,0,0,81,1,true
20,https://servicesartisans.fr/questions/prix-renovation-complete-m2,Quel est le prix d'une rénovation complète au m² ? | ServicesArtisans | ServicesArtisans,text/html; charset=utf-8,false,200,0,0,88,1,true
20,https://servicesartisans.fr/guides/budget-renovation,Budget Rénovation : Combien Coûtent vos Travaux en 2026 ? | ServicesArtisans,text/html; charset=utf-8,false,200,0,0,76,1,true
20,https://servicesartisans.fr/services/plombier/gretz-armainvilliers,Plombier à Gretz-Armainvilliers — Devis Gratuit 2026 | ServicesArtisans,text/html; charset=utf-8,false,200,0,0,71,1,true
20,https://servicesartisans.fr/blog/tag/plan-de-travail,plan de travail — Articles & Guides | ServicesArtisans | ServicesArtisans,text/html; charset=utf-8,false,200,0,0,73,1,true
20,https://servicesartisans.fr/services/electricien/saint-genis-pouilly,Électricien Saint-Genis-Pouilly 2026 — Devis Gratuit | ServicesArtisans,text/html; charset=utf-8,false,200,0,0,71,1,true
20,https://servicesartisans.fr/services/electricien/le-chambon-feugerolles,Électricien Le Chambon-Feugerolles 2026 — Devis Gratuit | ServicesArtisans,text/html; charset=utf-8,false,200,0,0,74,1,true
20,https://servicesartisans.fr/services/plombier/six-fours-les-plages,4.9★ (77 avis) · Plombier Six-Fours-les-Plages 2026 : 73… | ServicesArtisans,text/html; charset=utf-8,false,200,0,0,76,1,true
20,https://servicesartisans.fr/services/chauffagiste/lezignan-corbieres,Chauffagiste à Lézignan-Corbières — Devis Gratuit 2026 | ServicesArtisans,text/html; charset=utf-8,false,200,0,0,73,1,true
20,https://servicesartisans.fr/services/electricien/boulazac-isle-manoire,Électricien Boulazac Isle Manoire 2026 : 17 Artisans | ServicesArtisans,text/html; charset=utf-8,false,200,0,0,71,1,true
20,https://servicesartisans.fr/blog/tag/tendances-btp,Tendances BTP — Articles & Guides | ServicesArtisans | ServicesArtisans,text/html; charset=utf-8,false,200,0,0,71,1,true
20,https://servicesartisans.fr/outils/calculateur-prix,Calculateur de prix artisan 2026 — Estimez vos travaux | ServicesArtisans,text/html; charset=utf-8,false,200,0,0,73,1,true
20,https://servicesartisans.fr/blog/tag/comparatif-prix,Comparatif prix — Articles & Guides | ServicesArtisans | ServicesArtisans,text/html; charset=utf-8,false,200,0,0,73,1,true
20,https://servicesartisans.fr/services/serrurier/saint-jean-bonnefonds,Serrurier à Saint-Jean-Bonnefonds — Devis Gratuit 2026 | ServicesArtisans,text/html; charset=utf-8,false,200,0,0,73,1,true
20,https://servicesartisans.fr/questions/prix-renovation-salle-de-bain,Quel est le prix d'une rénovation de salle de bain ? | ServicesArtisans | ServicesArtisans,text/html; charset=utf-8,false,200,0,0,90,1,true
20,https://servicesartisans.fr/services/serrurier/chatillon-sur-seine,Serrurier à Châtillon-sur-Seine — Devis Gratuit 2026 | ServicesArtisans,text/html; charset=utf-8,false,200,0,0,71,1,true
20,https://servicesartisans.fr/blog/tag/entretien-piscine,entretien piscine — Articles & Guides | ServicesArtisans | ServicesArtisans,text/html; charset=utf-8,false,200,0,0,75,1,true
20,https://servicesartisans.fr/blog/tag/isolation-thermique,Isolation thermique — Articles & Guides | ServicesArtisans | ServicesArtisans,text/html; charset=utf-8,false,200,0,0,77,1,true
20,https://servicesartisans.fr/services/plombier/villeneuve-saint-georges,Plombier à Villeneuve-Saint-Georges : 89 Pros + Devis | ServicesArtisans,text/html; charset=utf-8,false,200,0,0,72,1,true
20,https://servicesartisans.fr/services/serrurier/le-chesnay-rocquencourt,Serrurier à Le Chesnay-Rocquencourt — Devis Gratuit 2026 | ServicesArtisans,text/html; charset=utf-8,false,200,0,0,75,1,true
20,https://servicesartisans.fr/services/electricien/bricquebec-en-cotentin,Électricien Bricquebec-en-Cotentin (50) — Devis 2026 | ServicesArtisans,text/html; charset=utf-8,false,200,0,0,71,1,true
20,https://servicesartisans.fr/services/serrurier/gennes-val-de-loire,Serrurier à Gennes-Val-de-Loire — Devis Gratuit 2026 | ServicesArtisans,text/html; charset=utf-8,false,200,0,0,71,1,true
20,https://servicesartisans.fr/services/chauffagiste/fontaines-sur-saone,Chauffagiste à Fontaines-sur-Saône — Devis Gratuit 2026 | ServicesArtisans,text/html; charset=utf-8,false,200,0,0,74,1,true
20,https://servicesartisans.fr/questions/locataire-ou-proprietaire-qui-paye,Locataire ou propriétaire : qui paye les réparations ? | ServicesArtisans | ServicesArtisans,text/html; charset=utf-8,false,200,0,0,92,1,true
20,https://servicesartisans.fr/blog/tag/poseur-de-parquet,Poseur de parquet — Articles & Guides | ServicesArtisans | ServicesArtisans,text/html; charset=utf-8,false,200,0,0,75,1,true
20,https://servicesartisans.fr/services/chauffagiste/le-pre-saint-gervais,Chauffagiste Le Pré-Saint-Gervais 2026 — Devis Gratuit | ServicesArtisans,text/html; charset=utf-8,false,200,0,0,73,1,true
20,https://servicesartisans.fr/services/electricien/saint-quentin-fallavier,Électricien Saint-Quentin-Fallavier 2026 : 16 Artisans | ServicesArtisans,text/html; charset=utf-8,false,200,0,0,73,1,true
20,https://servicesartisans.fr/guides,Guides Pratiques pour vos Travaux | ServicesArtisans | ServicesArtisans,text/html; charset=utf-8,false,200,0,0,71,1,true
20,https://servicesartisans.fr/services/plombier/saint-martin-lez-tatinghem,Plombier Saint-Martin-lez-Tatinghem (62) — Devis 2026 | ServicesArtisans,text/html; charset=utf-8,false,200,0,0,72,1,true
20,https://servicesartisans.fr/services/chauffagiste/saint-pee-sur-nivelle,Chauffagiste à Saint-Pée-sur-Nivelle — Devis Gratuit 2026 | ServicesArtisans,text/html; charset=utf-8,false,200,0,0,76,1,true
20,https://servicesartisans.fr/blog/tag/fiscalite-2026,Fiscalité 2026 — Articles & Guides | ServicesArtisans | ServicesArtisans,text/html; charset=utf-8,false,200,0,0,72,1,true
20,https://servicesartisans.fr/services/electricien/saint-thibault-des-vignes,Électricien Saint-Thibault-des-Vignes (77) — Devis 2026 | ServicesArtisans,text/html; charset=utf-8,false,200,0,0,74,1,true
20,https://servicesartisans.fr/blog/tag/ossature-bois,Ossature bois — Articles & Guides | ServicesArtisans | ServicesArtisans,text/html; charset=utf-8,false,200,0,0,71,1,true
20,https://servicesartisans.fr/services/plombier/villars-les-dombes,4.5★ (89 avis) · Plombier Villars-les-Dombes 2026 —… | ServicesArtisans,text/html; charset=utf-8,false,200,0,0,71,1,true
20,https://servicesartisans.fr/questions/difference-devis-facture,Quelle différence entre un devis et une facture ? | ServicesArtisans | ServicesArtisans,text/html; charset=utf-8,false,200,0,0,87,1,true
20,https://servicesartisans.fr/tarifs/desinsectisation,Prix Désinsectisation 2026 : combien prévoir ? 80–300€ | ServicesArtisans,text/html; charset=utf-8,false,200,0,0,73,1,true
20,https://servicesartisans.fr/blog/tag/hauts-de-france,Hauts-de-France — Articles & Guides | ServicesArtisans | ServicesArtisans,text/html; charset=utf-8,false,200,0,0,73,1,true
20,https://servicesartisans.fr/services/chauffagiste/saint-pryve-saint-mesmin,Chauffagiste à Saint-Pryvé-Saint-Mesmin : 1 Pros + Devis | ServicesArtisans,text/html; charset=utf-8,false,200,0,0,75,1,true
20,https://servicesartisans.fr/blog/prix-chauffagiste-toulouse-2026,Prix Chauffagiste Toulouse 2026 — Tarifs et Devis Gratuit | ServicesArtisans,text/html; charset=utf-8,false,200,0,0,76,1,true
20,https://servicesartisans.fr/services/plombier/saint-martin-la-pallu,Plombier à Saint-Martin-la-Pallu — Devis Gratuit 2026 | ServicesArtisans,text/html; charset=utf-8,false,200,0,0,72,1,true
20,https://servicesartisans.fr/services/plombier/charleville-mezieres,Plombier à Charleville-Mézières — Devis Gratuit 2026 | ServicesArtisans,text/html; charset=utf-8,false,200,0,0,71,1,true
20,https://servicesartisans.fr/questions/fuite-gaz-que-faire,Fuite de gaz : que faire en urgence ? | ServicesArtisans | ServicesArtisans,text/html; charset=utf-8,false,200,0,0,75,1,true
20,https://servicesartisans.fr/services/serrurier/chateauneuf-les-martigues,Serrurier à Châteauneuf-les-Martigues : 10 Pros + Devis | ServicesArtisans,text/html; charset=utf-8,false,200,0,0,74,1,true
20,https://servicesartisans.fr/services/chauffagiste/villefranche-de-rouergue,Chauffagiste à Villefranche-de-Rouergue : 8 Pros + Devis | ServicesArtisans,text/html; charset=utf-8,false,200,0,0,75,1,true
20,https://servicesartisans.fr/services/electricien/saint-jean-de-luz,Électricien à Saint-Jean-de-Luz — Devis Gratuit 2026 | ServicesArtisans,text/html; charset=utf-8,false,200,0,0,71,1,true
20,https://servicesartisans.fr/services/serrurier/villeneuve-sur-yonne,Serrurier à Villeneuve-sur-Yonne : Devis Gratuit 2026 | ServicesArtisans,text/html; charset=utf-8,false,200,0,0,72,1,true
20,https://servicesartisans.fr/blog/tag/maison-ancienne,Maison ancienne — Articles & Guides | ServicesArtisans | ServicesArtisans,text/html; charset=utf-8,false,200,0,0,73,1,true
20,https://servicesartisans.fr/services/plombier/saint-michel-sur-orge,Plombier à Saint-Michel-sur-Orge — Devis Gratuit 2026 | ServicesArtisans,text/html; charset=utf-8,false,200,0,0,72,1,true
20,https://servicesartisans.fr/services/plombier/lorgues,4.9★ (77 avis) · Plombier à Lorgues : 26 Pros + Devis | ServicesArtisans,text/html; charset=utf-8,false,200,0,0,72,1,true
20,https://servicesartisans.fr/services/chauffagiste/ancenis-saint-gereon,Chauffagiste Ancenis-Saint-Géréon 2026 — Devis Gratuit | ServicesArtisans,text/html; charset=utf-8,false,200,0,0,73,1,true
20,https://servicesartisans.fr/services/serrurier/saulx-les-chartreux,Serrurier à Saulx-les-Chartreux — Devis Gratuit 2026 | ServicesArtisans,text/html; charset=utf-8,false,200,0,0,71,1,true
20,https://servicesartisans.fr/services/electricien/les-essarts-le-roi,Électricien à Les Essarts-le-Roi — Devis Gratuit 2026 | ServicesArtisans,text/html; charset=utf-8,false,200,0,0,72,1,true
20,https://servicesartisans.fr/blog/tag/borne-de-recharge,borne de recharge — Articles & Guides | ServicesArtisans | ServicesArtisans,text/html; charset=utf-8,false,200,0,0,75,1,true
20,https://servicesartisans.fr/services/plombier/cogolin,4.9★ (77 avis) · Plombier Cogolin 2026 — Devis Gratuit | ServicesArtisans,text/html; charset=utf-8,false,200,0,0,73,1,true
20,https://servicesartisans.fr/services/chauffagiste/villeneuve-saint-georges,Chauffagiste Villeneuve-Saint-Georges 2026 — Devis Gratuit | ServicesArtisans,text/html; charset=utf-8,false,200,0,0,77,1,true
20,https://servicesartisans.fr/services/electricien/pont-sainte-maxence,Électricien Pont-Sainte-Maxence 2026 — Devis Gratuit | ServicesArtisans,text/html; charset=utf-8,false,200,0,0,71,1,true
20,https://servicesartisans.fr/questions/artisan-en-retard-que-faire,Artisan en retard sur le chantier : que faire ? | ServicesArtisans | ServicesArtisans,text/html; charset=utf-8,false,200,0,0,85,1,true
20,https://servicesartisans.fr/services/chauffagiste/le-chesnay-rocquencourt,Chauffagiste Le Chesnay-Rocquencourt 2026 : 3 Artisans | ServicesArtisans,text/html; charset=utf-8,false,200,0,0,73,1,true
20,https://servicesartisans.fr/guides/diagnostics-immobiliers,Diagnostics Immobiliers Obligatoires : Le Guide Complet | ServicesArtisans,text/html; charset=utf-8,false,200,0,0,74,1,true
20,https://servicesartisans.fr/blog/prix-electricien-nice-2026,Prix Électricien Nice 2026 — Tarifs et Devis Gratuit | ServicesArtisans,text/html; charset=utf-8,false,200,0,0,71,1,true
20,https://servicesartisans.fr/services/chauffagiste/saint-jean-de-la-ruelle,Chauffagiste à Saint-Jean-de-la-Ruelle — Devis Gratuit… | ServicesArtisans,text/html; charset=utf-8,false,200,0,0,74,1,true
20,https://servicesartisans.fr/services/plombier/villefranche-de-lauragais,Plombier Villefranche-de-Lauragais 2026 : 4 Artisans | ServicesArtisans,text/html; charset=utf-8,false,200,0,0,71,1,true
20,https://servicesartisans.fr/services/electricien/villeneuve-sur-yonne,Électricien Villeneuve-sur-Yonne 2026 — Devis Gratuit | ServicesArtisans,text/html; charset=utf-8,false,200,0,0,72,1,true
20,https://servicesartisans.fr/services/serrurier/saint-martin-d-uriage,Serrurier à Saint-Martin-d'Uriage — Devis Gratuit 2026 | ServicesArtisans,text/html; charset=utf-8,false,200,0,0,73,1,true
20,https://servicesartisans.fr/questions/quel-isolant-combles,Quel isolant choisir pour les combles ? | ServicesArtisans | ServicesArtisans,text/html; charset=utf-8,false,200,0,0,77,1,true
20,https://servicesartisans.fr/services/electricien/saint-laurent-du-var,Électricien Saint-Laurent-du-Var 2026 — Devis Gratuit | ServicesArtisans,text/html; charset=utf-8,false,200,0,0,72,1,true
20,https://servicesartisans.fr/tarifs/ramoneur,Quel est le tarif d'un ramoneur en 2026 ? Grille complète | ServicesArtisans,text/html; charset=utf-8,false,200,0,0,76,1,true
20,https://servicesartisans.fr/services/plombier/brignoles,4.9★ (77 avis) · Plombier Brignoles 2026 : 27 Artisans | ServicesArtisans,text/html; charset=utf-8,false,200,0,0,73,1,true
20,https://servicesartisans.fr/services/chauffagiste/andernos-les-bains,Chauffagiste Andernos-les-Bains 2026 — Devis Gratuit | ServicesArtisans,text/html; charset=utf-8,false,200,0,0,71,1,true
20,https://servicesartisans.fr/blog/tag/peintre-en-batiment,Peintre en bâtiment — Articles & Guides | ServicesArtisans | ServicesArtisans,text/html; charset=utf-8,false,200,0,0,77,1,true
20,https://servicesartisans.fr/services/serrurier/boulazac-isle-manoire,Serrurier à Boulazac Isle Manoire — Devis Gratuit 2026 | ServicesArtisans,text/html; charset=utf-8,false,200,0,0,73,1,true
20,https://servicesartisans.fr/questions/travaux-sans-autorisation-risques,Travaux sans autorisation : quels risques ? | ServicesArtisans | ServicesArtisans,text/html; charset=utf-8,false,200,0,0,81,1,true
20,https://servicesartisans.fr/services/chauffagiste/machecoul-saint-meme,Chauffagiste à Machecoul-Saint-Même — Devis Gratuit 2026 | ServicesArtisans,text/html; charset=utf-8,false,200,0,0,75,1,true
20,https://servicesartisans.fr/services/electricien/saint-georges-d-orques,Électricien Saint-Georges-d'Orques 2026 — Devis Gratuit | ServicesArtisans,text/html; charset=utf-8,false,200,0,0,74,1,true
20,https://servicesartisans.fr/services/serrurier/saint-hilaire-de-riez,Serrurier Saint-Hilaire-de-Riez 2026 — Devis Gratuit | ServicesArtisans,text/html; charset=utf-8,false,200,0,0,71,1,true
20,https://servicesartisans.fr/services/chauffagiste/saint-martin-boulogne,Chauffagiste Saint-Martin-Boulogne (62) — Devis 2026 | ServicesArtisans,text/html; charset=utf-8,false,200,0,0,71,1,true
20,https://servicesartisans.fr/blog/tag/pergola-bioclimatique,Pergola bioclimatique — Articles & Guides | ServicesArtisans | ServicesArtisans,text/html; charset=utf-8,false,200,0,0,79,1,true
20,https://servicesartisans.fr/services/electricien/sotteville-les-rouen,Électricien à Sotteville-lès-Rouen — Devis Gratuit 2026 | ServicesArtisans,text/html; charset=utf-8,false,200,0,0,74,1,true
20,https://servicesartisans.fr/tarifs,Tarifs Artisans 2026 : Prix Moyens par Métier et Ville | ServicesArtisans,text/html; charset=utf-8,false,200,0,0,73,1,true
20,https://servicesartisans.fr/services/serrurier/andrezieux-boutheon,Serrurier à Andrézieux-Bouthéon — Devis Gratuit 2026 | ServicesArtisans,text/html; charset=utf-8,false,200,0,0,71,1,true
20,https://servicesartisans.fr/services/chauffagiste/portes-les-valence,Chauffagiste à Portes-lès-Valence — Devis Gratuit 2026 | ServicesArtisans,text/html; charset=utf-8,false,200,0,0,73,1,true
20,https://servicesartisans.fr/services/electricien/saint-etienne-de-montluc,Électricien Saint-Étienne-de-Montluc (44) — Devis 2026 | ServicesArtisans,text/html; charset=utf-8,false,200,0,0,73,1,true
20,https://servicesartisans.fr/services/electricien/bagneres-de-bigorre,Électricien à Bagnères-de-Bigorre — Devis Gratuit 2026 | ServicesArtisans,text/html; charset=utf-8,false,200,0,0,73,1,true
20,https://servicesartisans.fr/services/electricien/auneau-bleury-saint-symphorien,Électricien Auneau-Bleury-Saint-Symphorien (28) — Devis… | ServicesArtisans,text/html; charset=utf-8,false,200,0,0,75,1,true
20,https://servicesartisans.fr/services/chauffagiste/garges-les-gonesse,Chauffagiste Garges-lès-Gonesse 2026 — Devis Gratuit | ServicesArtisans,text/html; charset=utf-8,false,200,0,0,71,1,true
20,https://servicesartisans.fr/services/electricien/saint-pee-sur-nivelle,Électricien à Saint-Pée-sur-Nivelle — Devis Gratuit 2026 | ServicesArtisans,text/html; charset=utf-8,false,200,0,0,75,1,true
20,https://servicesartisans.fr/rge/fraude-rge-comment-verifier,Fraude RGE : comment vérifier qu’un artisan est vraiment certifié ? | ServicesArtisans,text/html; charset=utf-8,false,200,0,0,86,1,true
20,https://servicesartisans.fr/guides/renovation-fenetres,"Changer ses Fenêtres : Matériaux, Prix et Aides 2026 | ServicesArtisans",text/html; charset=utf-8,false,200,0,0,71,1,true
20,https://servicesartisans.fr/blog/tag/securite-maison,sécurité maison — Articles & Guides | ServicesArtisans | ServicesArtisans,text/html; charset=utf-8,false,200,0,0,73,1,true
20,https://servicesartisans.fr/services/plombier/la-seyne-sur-mer,4.9★ (77 avis) · Plombier à La Seyne-sur-Mer — Devis… | ServicesArtisans,text/html; charset=utf-8,false,200,0,0,72,1,true
20,https://servicesartisans.fr/blog/tva-reduite-travaux-5-5-10-2026,"TVA Réduite Travaux : 5,5% vs 10% vs 20% — Guide 2026 | ServicesArtisans",text/html; charset=utf-8,false,200,0,0,72,1,true
20,https://servicesartisans.fr/services/serrurier/saint-andre-de-cubzac,Serrurier Saint-André-de-Cubzac 2026 — Devis Gratuit | ServicesArtisans,text/html; charset=utf-8,false,200,0,0,71,1,true
20,https://servicesartisans.fr/services/electricien/saint-saturnin-les-avignon,Électricien Saint-Saturnin-lès-Avignon 2026 — Devis… | ServicesArtisans,text/html; charset=utf-8,false,200,0,0,71,1,true
20,https://servicesartisans.fr/questions/delai-retractation-travaux,Quel délai de rétractation pour des travaux ? | ServicesArtisans | ServicesArtisans,text/html; charset=utf-8,false,200,0,0,83,1,true
20,https://servicesartisans.fr/services/electricien/saint-symphorien-d-ozon,Électricien Saint-Symphorien-d'Ozon (69) — Devis 2026 | ServicesArtisans,text/html; charset=utf-8,false,200,0,0,72,1,true
20,https://servicesartisans.fr/tarifs/serrurier,Tarif serrurier 2026 : prix urgence + dépannage + Devis | ServicesArtisans,text/html; charset=utf-8,false,200,0,0,74,1,true
20,https://servicesartisans.fr/services/chauffagiste/saint-sulpice-la-pointe,Chauffagiste Saint-Sulpice-la-Pointe 2026 : 9 Artisans | ServicesArtisans,text/html; charset=utf-8,false,200,0,0,73,1,true
20,https://servicesartisans.fr/rge/tarifs-audit-energetique,"Tarifs audit énergétique 2026 : prix, aides et retour sur investissement | ServicesArtisans",text/html; charset=utf-8,false,200,0,0,91,1,true
20,https://servicesartisans.fr/services/chauffagiste/saint-yrieix-la-perche,Chauffagiste Saint-Yrieix-la-Perche 2026 : 1 Artisans | ServicesArtisans,text/html; charset=utf-8,false,200,0,0,72,1,true
20,https://servicesartisans.fr/blog/tag/pompe-a-chaleur,pompe à chaleur — Articles & Guides | ServicesArtisans | ServicesArtisans,text/html; charset=utf-8,false,200,0,0,73,1,true
20,https://servicesartisans.fr/blog/tag/renovation-energetique,Rénovation énergétique — Articles & Guides | ServicesArtisans | ServicesArtisans,text/html; charset=utf-8,false,200,0,0,80,1,true
20,https://servicesartisans.fr/questions/devis-combien-demander,Combien de devis faut-il demander pour des travaux ? | ServicesArtisans | ServicesArtisans,text/html; charset=utf-8,false,200,0,0,90,1,true
20,https://servicesartisans.fr/services/electricien/saint-jean-de-maurienne,Électricien Saint-Jean-de-Maurienne (73) — Devis 2026 | ServicesArtisans,text/html; charset=utf-8,false,200,0,0,72,1,true
20,https://servicesartisans.fr/blog/prix-plombier-bordeaux-2026,Prix Plombier Bordeaux 2026 — Tarifs et Devis Gratuit | ServicesArtisans,text/html; charset=utf-8,false,200,0,0,72,1,true
20,https://servicesartisans.fr/blog/tag/alpes-maritimes,Alpes-Maritimes — Articles & Guides | ServicesArtisans | ServicesArtisans,text/html; charset=utf-8,false,200,0,0,73,1,true
20,https://servicesartisans.fr/questions/degat-des-eaux-premiers-gestes,Dégât des eaux : quels sont les premiers gestes ? | ServicesArtisans | ServicesArtisans,text/html; charset=utf-8,false,200,0,0,87,1,true
20,https://servicesartisans.fr/comparaison/terrasse-bois-vs-composite-vs-carrelage,Terrasse bois vs composite vs carrelage : quel revêtement choisir ? | ServicesArtisans,text/html; charset=utf-8,false,200,0,0,86,1,true
20,https://servicesartisans.fr/services/chauffagiste/le-grand-quevilly,Chauffagiste à Le Grand-Quevilly — Devis Gratuit 2026 | ServicesArtisans,text/html; charset=utf-8,false,200,0,0,72,1,true
20,https://servicesartisans.fr/questions/devis-obligatoire-a-partir-de-combien,Un devis est-il obligatoire ? À partir de quel montant ? | ServicesArtisans | ServicesArtisans,text/html; charset=utf-8,false,200,0,0,94,1,true
20,https://servicesartisans.fr/services/electricien/port-saint-louis-du-rhone,Électricien à Port-Saint-Louis-du-Rhône — Devis Gratuit… | ServicesArtisans,text/html; charset=utf-8,false,200,0,0,75,1,true
20,https://servicesartisans.fr/blog/tag/revente-maison,revente maison — Articles & Guides | ServicesArtisans | ServicesArtisans,text/html; charset=utf-8,false,200,0,0,72,1,true
20,https://servicesartisans.fr/services/electricien/saint-sulpice-la-pointe,Électricien Saint-Sulpice-la-Pointe (81) — Devis 2026 | ServicesArtisans,text/html; charset=utf-8,false,200,0,0,72,1,true
20,https://servicesartisans.fr/blog/prix-electricien-paris-2026,Prix Électricien Paris 2026 — Tarifs et Devis Gratuit | ServicesArtisans,text/html; charset=utf-8,false,200,0,0,72,1,true
20,https://servicesartisans.fr/services/electricien/saint-aubin-de-medoc,Électricien Saint-Aubin-de-Médoc 2026 — Devis Gratuit | ServicesArtisans,text/html; charset=utf-8,false,200,0,0,72,1,true
20,https://servicesartisans.fr/villes/saint-etienne,Artisans à Saint-Étienne 2026 — Comparez & choisissez | ServicesArtisans,text/html; charset=utf-8,false,200,0,0,72,1,true
20,https://servicesartisans.fr/services/serrurier/saint-hilaire-du-harcouet,Serrurier Saint-Hilaire-du-Harcouët (50) — Devis 2026 | ServicesArtisans,text/html; charset=utf-8,false,200,0,0,72,1,true
20,https://servicesartisans.fr/services/electricien/montbonnot-saint-martin,Électricien Montbonnot-Saint-Martin 2026 : 3 Artisans | ServicesArtisans,text/html; charset=utf-8,false,200,0,0,72,1,true
20,https://servicesartisans.fr/services/electricien/villeneuve-tolosane,Électricien à Villeneuve-Tolosane — Devis Gratuit 2026 | ServicesArtisans,text/html; charset=utf-8,false,200,0,0,73,1,true
20,https://servicesartisans.fr/blog/tag/professionnel,Professionnel — Articles & Guides | ServicesArtisans | ServicesArtisans,text/html; charset=utf-8,false,200,0,0,71,1,true
20,https://servicesartisans.fr/services/chauffagiste/saint-germain-en-laye,Chauffagiste Saint-Germain-en-Laye 2026 — Devis Gratuit | ServicesArtisans,text/html; charset=utf-8,false,200,0,0,74,1,true
20,https://servicesartisans.fr/services/electricien/chanteloup-les-vignes,Électricien Chanteloup-les-Vignes 2026 : 27 Artisans | ServicesArtisans,text/html; charset=utf-8,false,200,0,0,71,1,true
20,https://servicesartisans.fr/blog/tag/isolation-exterieure,Isolation extérieure — Articles & Guides | ServicesArtisans | ServicesArtisans,text/html; charset=utf-8,false,200,0,0,78,1,true
20,https://servicesartisans.fr/services/electricien/aulnoy-lez-valenciennes,Électricien Aulnoy-lez-Valenciennes (59) — Devis 2026 | ServicesArtisans,text/html; charset=utf-8,false,200,0,0,72,1,true
20,https://servicesartisans.fr/blog/tag/reglementation-2026,réglementation 2026 — Articles & Guides | ServicesArtisans | ServicesArtisans,text/html; charset=utf-8,false,200,0,0,77,1,true
20,https://servicesartisans.fr/services/chauffagiste/saint-orens-de-gameville,Chauffagiste à Saint-Orens-de-Gameville : 6 Pros + Devis | ServicesArtisans,text/html; charset=utf-8,false,200,0,0,75,1,true
20,https://servicesartisans.fr/questions/porte-claquee-que-faire,Porte claquée : que faire quand on est enfermé dehors ? | ServicesArtisans | ServicesArtisans,text/html; charset=utf-8,false,200,0,0,93,1,true
20,https://servicesartisans.fr/services/electricien/le-plessis-robinson,Électricien à Le Plessis-Robinson — Devis Gratuit 2026 | ServicesArtisans,text/html; charset=utf-8,false,200,0,0,73,1,true
20,https://servicesartisans.fr/blog/tag/preparation-hiver,préparation hiver — Articles & Guides | ServicesArtisans | ServicesArtisans,text/html; charset=utf-8,false,200,0,0,75,1,true
20,https://servicesartisans.fr/services/serrurier/bricquebec-en-cotentin,Serrurier à Bricquebec-en-Cotentin : Devis Gratuit 2026 | ServicesArtisans,text/html; charset=utf-8,false,200,0,0,74,1,true
20,https://servicesartisans.fr/services/plombier/le-cannet-des-maures,4.9★ (77 avis) · Plombier Le Cannet-des-Maures 2026 —… | ServicesArtisans,text/html; charset=utf-8,false,200,0,0,73,1,true
20,https://servicesartisans.fr/services/chauffagiste/saint-pierre-les-elbeuf,Chauffagiste Saint-Pierre-lès-Elbeuf (76) — Devis 2026 | ServicesArtisans,text/html; charset=utf-8,false,200,0,0,73,1,true
20,https://servicesartisans.fr/questions/comment-choisir-electricien,Comment choisir un électricien qualifié ? | ServicesArtisans | ServicesArtisans,text/html; charset=utf-8,false,200,0,0,79,1,true
20,https://servicesartisans.fr/services/plombier/le-lavandou,4.9★ (77 avis) · Plombier à Le Lavandou — Devis Gratuit… | ServicesArtisans,text/html; charset=utf-8,false,200,0,0,75,1,true
20,https://servicesartisans.fr/services/serrurier/saint-philbert-de-grand-lieu,Serrurier à Saint-Philbert-de-Grand-Lieu : 2 Pros + Devis | ServicesArtisans,text/html; charset=utf-8,false,200,0,0,76,1,true
20,https://servicesartisans.fr/blog/tag/maitre-d-ouvrage,Maître d'ouvrage — Articles & Guides | ServicesArtisans | ServicesArtisans,text/html; charset=utf-8,false,200,0,0,74,1,true
20,https://servicesartisans.fr/blog/tag/prix-domotique,prix domotique — Articles & Guides | ServicesArtisans | ServicesArtisans,text/html; charset=utf-8,false,200,0,0,72,1,true
20,https://servicesartisans.fr/questions/passoire-thermique-que-faire,"Mon logement est une passoire thermique, que faire ? | ServicesArtisans | ServicesArtisans",text/html; charset=utf-8,false,200,0,0,90,1,true
20,https://servicesartisans.fr/services/electricien/aubigny-les-clouzeaux,Électricien à Aubigny-Les Clouzeaux : 6 Pros + Devis | ServicesArtisans,text/html; charset=utf-8,false,200,0,0,71,1,true
20,https://servicesartisans.fr/services/electricien/cormeilles-en-parisis,Électricien à Cormeilles-en-Parisis — Devis Gratuit 2026 | ServicesArtisans,text/html; charset=utf-8,false,200,0,0,75,1,true
20,https://servicesartisans.fr/questions/chaudiere-gaz-interdite-2026,La chaudière gaz est-elle interdite en 2026 ? | ServicesArtisans | ServicesArtisans,text/html; charset=utf-8,false,200,0,0,83,1,true
20,https://servicesartisans.fr/services/plombier/villefranche-sur-saone,Plombier Villefranche-sur-Saône 2026 — Devis Gratuit | ServicesArtisans,text/html; charset=utf-8,false,200,0,0,71,1,true
20,https://servicesartisans.fr/services/plombier/douvres-la-delivrande,Plombier à Douvres-la-Délivrande — Devis Gratuit 2026 | ServicesArtisans,text/html; charset=utf-8,false,200,0,0,72,1,true
20,https://servicesartisans.fr/services/serrurier/conflans-sainte-honorine,Serrurier à Conflans-Sainte-Honorine — Devis Gratuit 2026 | ServicesArtisans,text/html; charset=utf-8,false,200,0,0,76,1,true
20,https://servicesartisans.fr/services/plombier/saint-pantaleon-de-larche,Plombier à Saint-Pantaléon-de-Larche : 7 Pros + Devis | ServicesArtisans,text/html; charset=utf-8,false,200,0,0,72,1,true
20,https://servicesartisans.fr/services/chauffagiste/le-loroux-bottereau,Chauffagiste Le Loroux-Bottereau 2026 — Devis Gratuit | ServicesArtisans,text/html; charset=utf-8,false,200,0,0,72,1,true
20,https://servicesartisans.fr/services/serrurier/nuits-saint-georges,Serrurier à Nuits-Saint-Georges — Devis Gratuit 2026 | ServicesArtisans,text/html; charset=utf-8,false,200,0,0,71,1,true
20,https://servicesartisans.fr/services/electricien/vigneux-sur-seine,Électricien à Vigneux-sur-Seine — Devis Gratuit 2026 | ServicesArtisans,text/html; charset=utf-8,false,200,0,0,71,1,true
20,https://servicesartisans.fr/services/electricien/saint-barthelemy-d-anjou,Électricien Saint-Barthélemy-d'Anjou 2026 : 10 Artisans | ServicesArtisans,text/html; charset=utf-8,false,200,0,0,74,1,true
20,https://servicesartisans.fr/services/chauffagiste/cherbourg-en-cotentin,Chauffagiste Cherbourg-en-Cotentin (50) — Devis 2026 | ServicesArtisans,text/html; charset=utf-8,false,200,0,0,71,1,true
20,https://servicesartisans.fr/services/plombier/port-saint-louis-du-rhone,Plombier à Port-Saint-Louis-du-Rhône — Devis Gratuit 2026 | ServicesArtisans,text/html; charset=utf-8,false,200,0,0,76,1,true
20,https://servicesartisans.fr/services/electricien/vigneux-de-bretagne,Électricien Vigneux-de-Bretagne 2026 — Devis Gratuit | ServicesArtisans,text/html; charset=utf-8,false,200,0,0,71,1,true
20,https://servicesartisans.fr/services/plombier/franqueville-saint-pierre,Plombier Franqueville-Saint-Pierre 2026 : 1 Artisans | ServicesArtisans,text/html; charset=utf-8,false,200,0,0,71,1,true
20,https://servicesartisans.fr/services/plombier/saint-laurent-de-la-salanque,Plombier à Saint-Laurent-de-la-Salanque : 16 Pros + Devis | ServicesArtisans,text/html; charset=utf-8,false,200,0,0,76,1,true
20,https://servicesartisans.fr/questions/electricien-urgent-disjoncteur,Que faire quand le disjoncteur saute en permanence ? | ServicesArtisans | ServicesArtisans,text/html; charset=utf-8,false,200,0,0,90,1,true
20,https://servicesartisans.fr/services/electricien/montigny-le-bretonneux,Électricien Montigny-le-Bretonneux 2026 : 25 Artisans | ServicesArtisans,text/html; charset=utf-8,false,200,0,0,72,1,true
20,https://servicesartisans.fr/services/chauffagiste/carrieres-sous-poissy,Chauffagiste Carrières-sous-Poissy 2026 : 5 Artisans | ServicesArtisans,text/html; charset=utf-8,false,200,0,0,71,1,true
20,https://servicesartisans.fr/questions/monter-meuble-cuisine-soi-meme,Comment monter un meuble de cuisine soi-même ? | ServicesArtisans | ServicesArtisans,text/html; charset=utf-8,false,200,0,0,84,1,true
20,https://servicesartisans.fr/services/electricien/saint-sebastien-de-morsent,Électricien Saint-Sébastien-de-Morsent 2026 — Devis… | ServicesArtisans,text/html; charset=utf-8,false,200,0,0,71,1,true
20,https://servicesartisans.fr/services/chauffagiste/chartres-de-bretagne,Chauffagiste à Chartres-de-Bretagne : Devis Gratuit 2026 | ServicesArtisans,text/html; charset=utf-8,false,200,0,0,75,1,true
20,https://servicesartisans.fr/services/chauffagiste/saint-maximin-la-sainte-baume,Chauffagiste Saint-Maximin-la-Sainte-Baume 2026 : 11… | ServicesArtisans,text/html; charset=utf-8,false,200,0,0,72,1,true
20,https://servicesartisans.fr/services/plombier/peronnas,4.5★ (89 avis) · Plombier à Péronnas : 4 Pros + Devis | ServicesArtisans,text/html; charset=utf-8,false,200,0,0,72,1,true
20,https://servicesartisans.fr/services/plombier/castelnau-d-estretefonds,Plombier à Castelnau-d'Estrétefonds — Devis Gratuit 2026 | ServicesArtisans,text/html; charset=utf-8,false,200,0,0,75,1,true
20,https://servicesartisans.fr/questions/quest-ce-que-la-garantie-decennale,Qu'est-ce que la garantie décennale ? | ServicesArtisans | ServicesArtisans,text/html; charset=utf-8,false,200,0,0,75,1,true
20,https://servicesartisans.fr/services/plombier/le-luc,4.9★ (77 avis) · Plombier Le Luc 2026 — Devis Gratuit | ServicesArtisans,text/html; charset=utf-8,false,200,0,0,72,1,true
20,https://servicesartisans.fr/blog/categorie/saisonnier,Travaux Saisonniers — Entretien Maison | ServicesArtisans | ServicesArtisans,text/html; charset=utf-8,false,200,0,0,76,1,true
20,https://servicesartisans.fr/services/chauffagiste/ormesson-sur-marne,Chauffagiste Ormesson-sur-Marne 2026 — Devis Gratuit | ServicesArtisans,text/html; charset=utf-8,false,200,0,0,71,1,true
20,https://servicesartisans.fr/blog/prix-electricien-toulouse-2026,Prix Électricien Toulouse 2026 — Tarifs et Devis Gratuit | ServicesArtisans,text/html; charset=utf-8,false,200,0,0,75,1,true
20,https://servicesartisans.fr/blog/tag/parquet-massif,Parquet massif — Articles & Guides | ServicesArtisans | ServicesArtisans,text/html; charset=utf-8,false,200,0,0,72,1,true
20,https://servicesartisans.fr/services/plombier/la-chapelle-sur-erdre,Plombier à La Chapelle-sur-Erdre — Devis Gratuit 2026 | ServicesArtisans,text/html; charset=utf-8,false,200,0,0,72,1,true
20,https://servicesartisans.fr/questions/artisan-sans-decennale-que-faire,Artisan sans décennale : quels risques ? | ServicesArtisans | ServicesArtisans,text/html; charset=utf-8,false,200,0,0,78,1,true
20,https://servicesartisans.fr/services/chauffagiste/saint-marcel-les-valence,Chauffagiste à Saint-Marcel-lès-Valence — Devis Gratuit… | ServicesArtisans,text/html; charset=utf-8,false,200,0,0,75,1,true
20,https://servicesartisans.fr/services/plombier/conflans-sainte-honorine,Plombier à Conflans-Sainte-Honorine : 41 Pros + Devis | ServicesArtisans,text/html; charset=utf-8,false,200,0,0,72,1,true
20,https://servicesartisans.fr/services/electricien/livarot-pays-d-auge,Électricien à Livarot-Pays-d'Auge — Devis Gratuit 2026 | ServicesArtisans,text/html; charset=utf-8,false,200,0,0,73,1,true
20,https://servicesartisans.fr/services/plombier/la-farlede,4.9★ (77 avis) · Plombier La Farlède 2026 — Devis Gratuit | ServicesArtisans,text/html; charset=utf-8,false,200,0,0,76,1,true
20,https://servicesartisans.fr/services/electricien/saint-remy-de-provence,Électricien Saint-Rémy-de-Provence (13) — Devis 2026 | ServicesArtisans,text/html; charset=utf-8,false,200,0,0,71,1,true
20,https://servicesartisans.fr/services/serrurier/varces-allieres-et-risset,Serrurier Varces-Allières-et-Risset (38) — Devis 2026 | ServicesArtisans,text/html; charset=utf-8,false,200,0,0,72,1,true
20,https://servicesartisans.fr/services/chauffagiste/port-saint-louis-du-rhone,Chauffagiste à Port-Saint-Louis-du-Rhône — Devis Gratuit… | ServicesArtisans,text/html; charset=utf-8,false,200,0,0,76,1,true
20,https://servicesartisans.fr/questions/peut-on-negocier-devis-artisan,Peut-on négocier un devis d'artisan ? | ServicesArtisans | ServicesArtisans,text/html; charset=utf-8,false,200,0,0,75,1,true
20,https://servicesartisans.fr/services/chauffagiste/cormeilles-en-parisis,Chauffagiste à Cormeilles-en-Parisis — Devis Gratuit 2026 | ServicesArtisans,text/html; charset=utf-8,false,200,0,0,76,1,true
20,https://servicesartisans.fr/questions/refaire-carrelage-soi-meme,Peut-on refaire son carrelage soi-même ? | ServicesArtisans | ServicesArtisans,text/html; charset=utf-8,false,200,0,0,78,1,true
20,https://servicesartisans.fr/services/electricien/les-pavillons-sous-bois,Électricien Les Pavillons-sous-Bois (93) — Devis 2026 | ServicesArtisans,text/html; charset=utf-8,false,200,0,0,72,1,true
20,https://servicesartisans.fr/services/plombier/bricquebec-en-cotentin,Plombier à Bricquebec-en-Cotentin — Devis Gratuit 2026 | ServicesArtisans,text/html; charset=utf-8,false,200,0,0,73,1,true
20,https://servicesartisans.fr/blog/tag/metropole-de-lyon,Métropole de Lyon — Articles & Guides | ServicesArtisans | ServicesArtisans,text/html; charset=utf-8,false,200,0,0,75,1,true
20,https://servicesartisans.fr/services/chauffagiste/saint-just-saint-rambert,Chauffagiste à Saint-Just-Saint-Rambert : 10 Pros + Devis | ServicesArtisans,text/html; charset=utf-8,false,200,0,0,76,1,true
20,https://servicesartisans.fr/services/plombier/saint-zacharie,4.9★ (77 avis) · Plombier à Saint-Zacharie : 6 Pros +… | ServicesArtisans,text/html; charset=utf-8,false,200,0,0,73,1,true
20,https://servicesartisans.fr/services/plombier/machecoul-saint-meme,Plombier à Machecoul-Saint-Même — Devis Gratuit 2026 | ServicesArtisans,text/html; charset=utf-8,false,200,0,0,71,1,true
20,https://servicesartisans.fr/services/plombier/rocbaron,4.9★ (77 avis) · Plombier à Rocbaron — Devis Gratuit 2026 | ServicesArtisans,text/html; charset=utf-8,false,200,0,0,76,1,true
20,https://servicesartisans.fr/questions/toiture-plate-ou-en-pente,Toiture plate ou en pente : avantages et inconvénients ? | ServicesArtisans | ServicesArtisans,text/html; charset=utf-8,false,200,0,0,94,1,true
20,https://servicesartisans.fr/services/plombier/le-mesnil-saint-denis,Plombier à Le Mesnil-Saint-Denis — Devis Gratuit 2026 | ServicesArtisans,text/html; charset=utf-8,false,200,0,0,72,1,true
20,https://servicesartisans.fr/comparaison/carrelage-vs-parquet-vs-vinyle,Carrelage vs Parquet vs Vinyle : quel revêtement de sol choisir ? | ServicesArtisans,text/html; charset=utf-8,false,200,0,0,84,1,true
20,https://servicesartisans.fr/questions/prix-salle-de-bain-complete,Combien coûte une rénovation complète de salle de bain ? | ServicesArtisans | ServicesArtisans,text/html; charset=utf-8,false,200,0,0,94,1,true
20,https://servicesartisans.fr/tarifs/diagnostiqueur,Quel est le tarif d'un diagnostiqueur en 2026 ? Grille… | ServicesArtisans,text/html; charset=utf-8,false,200,0,0,74,1,true
20,https://servicesartisans.fr/services/serrurier/saint-mitre-les-remparts,Serrurier à Saint-Mitre-les-Remparts : 3 Pros + Devis | ServicesArtisans,text/html; charset=utf-8,false,200,0,0,72,1,true
20,https://servicesartisans.fr/services/chauffagiste/la-chapelle-saint-luc,Chauffagiste à La Chapelle-Saint-Luc : 12 Pros + Devis | ServicesArtisans,text/html; charset=utf-8,false,200,0,0,73,1,true
20,https://servicesartisans.fr/questions/comment-deboucher-wc-sans-ventouse,Comment déboucher un WC sans ventouse ? | ServicesArtisans | ServicesArtisans,text/html; charset=utf-8,false,200,0,0,77,1,true
20,https://servicesartisans.fr/services/plombier/ollioules,4.9★ (77 avis) · Plombier Ollioules (83) — Devis 2026 | ServicesArtisans,text/html; charset=utf-8,false,200,0,0,72,1,true
20,https://servicesartisans.fr/services/plombier/meximieux,4.5★ (89 avis) · Plombier à Meximieux : 7 Pros + Devis | ServicesArtisans,text/html; charset=utf-8,false,200,0,0,73,1,true
20,https://servicesartisans.fr/services/plombier/bormes-les-mimosas,4.9★ (77 avis) · Plombier à Bormes-les-Mimosas — Devis… | ServicesArtisans,text/html; charset=utf-8,false,200,0,0,74,1,true
20,https://servicesartisans.fr/services/serrurier/belleville-en-beaujolais,Serrurier Belleville-en-Beaujolais 2026 : 3 Artisans | ServicesArtisans,text/html; charset=utf-8,false,200,0,0,71,1,true
20,https://servicesartisans.fr/services/electricien/saint-denis-les-bourg,Électricien à Saint-Denis-lès-Bourg : 7 Pros + Devis | ServicesArtisans,text/html; charset=utf-8,false,200,0,0,71,1,true
20,https://servicesartisans.fr/blog/tag/micro-station,Micro-station — Articles & Guides | ServicesArtisans | ServicesArtisans,text/html; charset=utf-8,false,200,0,0,71,1,true
20,https://servicesartisans.fr/questions/comment-lire-devis-artisan,Comment lire et comprendre un devis d'artisan ? | ServicesArtisans | ServicesArtisans,text/html; charset=utf-8,false,200,0,0,85,1,true
20,https://servicesartisans.fr/questions/travaux-en-copropriete-qui-decide,Travaux en copropriété : qui décide et qui paye ? | ServicesArtisans | ServicesArtisans,text/html; charset=utf-8,false,200,0,0,87,1,true
20,https://servicesartisans.fr/services/plombier/saint-symphorien-d-ozon,Plombier à Saint-Symphorien-d'Ozon — Devis Gratuit 2026 | ServicesArtisans,text/html; charset=utf-8,false,200,0,0,74,1,true
20,https://servicesartisans.fr/a-propos,À propos de ServicesArtisans — Annuaire d'artisans gratuit | ServicesArtisans,text/html; charset=utf-8,false,200,0,0,77,1,true
20,https://servicesartisans.fr/services/plombier/la-londe-les-maures,4.9★ (77 avis) · Plombier La Londe-les-Maures (83) —… | ServicesArtisans,text/html; charset=utf-8,false,200,0,0,72,1,true
20,https://servicesartisans.fr/blog/aide-renovation-energetique-bordeaux-2026,Aides Rénovation Bordeaux et Nouvelle-Aquitaine — Guide 2026 | ServicesArtisans,text/html; charset=utf-8,false,200,0,0,79,1,true
20,https://servicesartisans.fr/services/chauffagiste/bussy-saint-georges,Chauffagiste Bussy-Saint-Georges 2026 — Devis Gratuit | ServicesArtisans,text/html; charset=utf-8,false,200,0,0,72,1,true
20,https://servicesartisans.fr/services/serrurier/monistrol-sur-loire,Serrurier à Monistrol-sur-Loire — Devis Gratuit 2026 | ServicesArtisans,text/html; charset=utf-8,false,200,0,0,71,1,true
20,https://servicesartisans.fr/services/electricien/rives-du-loir-en-anjou,Électricien Rives-du-Loir-en-Anjou 2026 — Devis Gratuit | ServicesArtisans,text/html; charset=utf-8,false,200,0,0,74,1,true
20,https://servicesartisans.fr/services/serrurier/montigny-le-bretonneux,Serrurier Montigny-le-Bretonneux 2026 — Devis Gratuit | ServicesArtisans,text/html; charset=utf-8,false,200,0,0,72,1,true
20,https://servicesartisans.fr/services/chauffagiste/pont-saint-martin,Chauffagiste à Pont-Saint-Martin — Devis Gratuit 2026 | ServicesArtisans,text/html; charset=utf-8,false,200,0,0,72,1,true
20,https://servicesartisans.fr/services/serrurier/notre-dame-de-bondeville,Serrurier à Notre-Dame-de-Bondeville : 1 Pros + Devis | ServicesArtisans,text/html; charset=utf-8,false,200,0,0,72,1,true
20,https://servicesartisans.fr/services/plombier/saint-yrieix-la-perche,Plombier à Saint-Yrieix-la-Perche — Devis Gratuit 2026 | ServicesArtisans,text/html; charset=utf-8,false,200,0,0,73,1,true
20,https://servicesartisans.fr/blog/tag/aides-financieres,Aides financières — Articles & Guides | ServicesArtisans | ServicesArtisans,text/html; charset=utf-8,false,200,0,0,75,1,true
20,https://servicesartisans.fr/services/chauffagiste/le-perray-en-yvelines,Chauffagiste à Le Perray-en-Yvelines : 2 Pros + Devis | ServicesArtisans,text/html; charset=utf-8,false,200,0,0,72,1,true
20,https://servicesartisans.fr/cee/coup-de-pouce-2026,Coup de pouce CEE 2026 : chartes actives et bonifications | ServicesArtisans,text/html; charset=utf-8,false,200,0,0,76,1,true
20,https://servicesartisans.fr/services/chauffagiste/saint-christol-lez-ales,Chauffagiste Saint-Christol-lez-Alès 2026 : 2 Artisans | ServicesArtisans,text/html; charset=utf-8,false,200,0,0,73,1,true
20,https://servicesartisans.fr/questions/renovation-cuisine-combien-temps,Combien de temps dure une rénovation de cuisine ? | ServicesArtisans | ServicesArtisans,text/html; charset=utf-8,false,200,0,0,87,1,true
20,https://servicesartisans.fr/services/chauffagiste/saint-andre-de-cubzac,Chauffagiste Saint-André-de-Cubzac (33) — Devis 2026 | ServicesArtisans,text/html; charset=utf-8,false,200,0,0,71,1,true
20,https://servicesartisans.fr/blog/tag/telesurveillance,télésurveillance — Articles & Guides | ServicesArtisans | ServicesArtisans,text/html; charset=utf-8,false,200,0,0,74,1,true
20,https://servicesartisans.fr/services/chauffagiste/mont-saint-martin,Chauffagiste à Mont-Saint-Martin — Devis Gratuit 2026 | ServicesArtisans,text/html; charset=utf-8,false,200,0,0,72,1,true
20,https://servicesartisans.fr/blog/tag/valeur-immobiliere,Valeur immobilière — Articles & Guides | ServicesArtisans | ServicesArtisans,text/html; charset=utf-8,false,200,0,0,76,1,true
20,https://servicesartisans.fr/services/serrurier/saint-rambert-d-albon,Serrurier Saint-Rambert-d'Albon 2026 — Devis Gratuit | ServicesArtisans,text/html; charset=utf-8,false,200,0,0,71,1,true
20,https://servicesartisans.fr/services/serrurier/grandchamp-des-fontaines,Serrurier Grandchamp-des-Fontaines 2026 — Devis Gratuit | ServicesArtisans,text/html; charset=utf-8,false,200,0,0,74,1,true
20,https://servicesartisans.fr/services/electricien/saint-andre-de-la-roche,Électricien Saint-André-de-la-Roche 2026 — Devis Gratuit | ServicesArtisans,text/html; charset=utf-8,false,200,0,0,75,1,true
20,https://servicesartisans.fr/questions/eco-ptz-comment-en-beneficier,Éco-PTZ : comment en bénéficier ? | ServicesArtisans | ServicesArtisans,text/html; charset=utf-8,false,200,0,0,71,1,true
20,https://servicesartisans.fr/services/serrurier/la-garenne-colombes,Serrurier à La Garenne-Colombes — Devis Gratuit 2026 | ServicesArtisans,text/html; charset=utf-8,false,200,0,0,71,1,true
20,https://servicesartisans.fr/blog/tag/amenagement-exterieur,Aménagement extérieur — Articles & Guides | ServicesArtisans | ServicesArtisans,text/html; charset=utf-8,false,200,0,0,79,1,true
20,https://servicesartisans.fr/services/serrurier/l-isle-sur-la-sorgue,Serrurier à L'Isle-sur-la-Sorgue — Devis Gratuit 2026 | ServicesArtisans,text/html; charset=utf-8,false,200,0,0,72,1,true
20,https://servicesartisans.fr/services/chauffagiste/saint-denis-les-bourg,Chauffagiste à Saint-Denis-lès-Bourg : 3 Pros + Devis | ServicesArtisans,text/html; charset=utf-8,false,200,0,0,72,1,true
20,https://servicesartisans.fr/services/plombier/saint-saturnin-les-avignon,Plombier Saint-Saturnin-lès-Avignon (84) — Devis 2026 | ServicesArtisans,text/html; charset=utf-8,false,200,0,0,72,1,true
20,https://servicesartisans.fr/services/serrurier/saint-julien-de-concelles,Serrurier à Saint-Julien-de-Concelles — Devis Gratuit 2026 | ServicesArtisans,text/html; charset=utf-8,false,200,0,0,77,1,true
20,https://servicesartisans.fr/services/plombier/saint-mandrier-sur-mer,4.9★ (77 avis) · Plombier à Saint-Mandrier-sur-Mer —… | ServicesArtisans,text/html; charset=utf-8,false,200,0,0,72,1,true
20,https://servicesartisans.fr/services/electricien/charleville-mezieres,Électricien à Charleville-Mézières : 48 Pros + Devis | ServicesArtisans,text/html; charset=utf-8,false,200,0,0,71,1,true
20,https://servicesartisans.fr/blog/prix-chauffagiste-nice-2026,Prix Chauffagiste Nice 2026 — Tarifs et Devis Gratuit | ServicesArtisans,text/html; charset=utf-8,false,200,0,0,72,1,true
20,https://servicesartisans.fr/services/chauffagiste/saint-ouen-l-aumone,Chauffagiste à Saint-Ouen-l'Aumône : 29 Pros + Devis | ServicesArtisans,text/html; charset=utf-8,false,200,0,0,71,1,true
20,https://servicesartisans.fr/services/plombier/villefranche-sur-mer,Plombier à Villefranche-sur-Mer — Devis Gratuit 2026 | ServicesArtisans,text/html; charset=utf-8,false,200,0,0,71,1,true
20,https://servicesartisans.fr/questions/quels-travaux-maprimerenov,Quels travaux sont éligibles à MaPrimeRénov' ? | ServicesArtisans | ServicesArtisans,text/html; charset=utf-8,false,200,0,0,84,1,true
20,https://servicesartisans.fr/services/chauffagiste/soisy-sous-montmorency,Chauffagiste Soisy-sous-Montmorency (95) — Devis 2026 | ServicesArtisans,text/html; charset=utf-8,false,200,0,0,72,1,true
20,https://servicesartisans.fr/services/plombier/varces-allieres-et-risset,Plombier à Varces-Allières-et-Risset — Devis Gratuit 2026 | ServicesArtisans,text/html; charset=utf-8,false,200,0,0,76,1,true
20,https://servicesartisans.fr/questions/comment-choisir-artisan-rge,Comment choisir un artisan RGE fiable ? | ServicesArtisans | ServicesArtisans,text/html; charset=utf-8,false,200,0,0,77,1,true
20,https://servicesartisans.fr/services/chauffagiste/bures-sur-yvette,Chauffagiste à Bures-sur-Yvette — Devis Gratuit 2026 | ServicesArtisans,text/html; charset=utf-8,false,200,0,0,71,1,true
20,https://servicesartisans.fr/blog/prix-serrurier-nantes-2026,Prix Serrurier Nantes 2026 — Tarifs et Devis Gratuit | ServicesArtisans,text/html; charset=utf-8,false,200,0,0,71,1,true
20,https://servicesartisans.fr/questions/garantie-decennale-definition,Qu'est-ce que la garantie décennale ? | ServicesArtisans | ServicesArtisans,text/html; charset=utf-8,false,200,0,0,75,1,true
20,https://servicesartisans.fr/services/plombier/reyrieux,4.5★ (89 avis) · Plombier Reyrieux 2026 — Devis Gratuit | ServicesArtisans,text/html; charset=utf-8,false,200,0,0,74,1,true
20,https://servicesartisans.fr/services/serrurier/villennes-sur-seine,Serrurier à Villennes-sur-Seine : Devis Gratuit 2026 | ServicesArtisans,text/html; charset=utf-8,false,200,0,0,71,1,true
20,https://servicesartisans.fr/services/electricien/saint-rambert-d-albon,Électricien à Saint-Rambert-d'Albon — Devis Gratuit 2026 | ServicesArtisans,text/html; charset=utf-8,false,200,0,0,75,1,true
20,https://servicesartisans.fr/blog/tag/ordre-travaux,Ordre travaux — Articles & Guides | ServicesArtisans | ServicesArtisans,text/html; charset=utf-8,false,200,0,0,71,1,true
20,https://servicesartisans.fr/comparaison/chauffe-eau-electrique-vs-thermodynamique-vs-solaire,Chauffe-eau électrique vs thermodynamique vs solaire : lequel choisir ? | ServicesArtisans,text/html; charset=utf-8,false,200,0,0,90,1,true
20,https://servicesartisans.fr/services/electricien/conflans-sainte-honorine,Électricien Conflans-Sainte-Honorine 2026 — Devis Gratuit | ServicesArtisans,text/html; charset=utf-8,false,200,0,0,76,1,true
20,https://servicesartisans.fr/questions/tva-reduite-travaux-renovation,"TVA réduite sur les travaux : 5,5 % ou 10 % ? | ServicesArtisans | ServicesArtisans",text/html; charset=utf-8,false,200,0,0,83,1,true
20,https://servicesartisans.fr/services/plombier/saint-andre-de-la-roche,Plombier Saint-André-de-la-Roche 2026 — Devis Gratuit | ServicesArtisans,text/html; charset=utf-8,false,200,0,0,72,1,true
20,https://servicesartisans.fr/services/serrurier/carrieres-sous-poissy,Serrurier à Carrières-sous-Poissy — Devis Gratuit 2026 | ServicesArtisans,text/html; charset=utf-8,false,200,0,0,73,1,true
20,https://servicesartisans.fr/services/chauffagiste/saint-ouen-sur-seine,Chauffagiste à Saint-Ouen-sur-Seine : 32 Pros + Devis | ServicesArtisans,text/html; charset=utf-8,false,200,0,0,72,1,true
20,https://servicesartisans.fr/questions/diagnostic-electrique-obligatoire,Quand le diagnostic électrique est-il obligatoire ? | ServicesArtisans | ServicesArtisans,text/html; charset=utf-8,false,200,0,0,89,1,true
20,https://servicesartisans.fr/blog/tag/precarite-energetique,Précarité énergétique — Articles & Guides | ServicesArtisans | ServicesArtisans,text/html; charset=utf-8,false,200,0,0,79,1,true
20,https://servicesartisans.fr/services/electricien/bellerive-sur-allier,Électricien à Bellerive-sur-Allier — Devis Gratuit 2026 | ServicesArtisans,text/html; charset=utf-8,false,200,0,0,74,1,true
20,https://servicesartisans.fr/blog/tag/parcours-accompagne,Parcours accompagné — Articles & Guides | ServicesArtisans | ServicesArtisans,text/html; charset=utf-8,false,200,0,0,77,1,true
20,https://servicesartisans.fr/blog/tag/autoconsommation,Autoconsommation — Articles & Guides | ServicesArtisans | ServicesArtisans,text/html; charset=utf-8,false,200,0,0,74,1,true
20,https://servicesartisans.fr/services/chauffagiste/saint-pierre-d-oleron,Chauffagiste Saint-Pierre-d'Oléron (17) — Devis 2026 | ServicesArtisans,text/html; charset=utf-8,false,200,0,0,71,1,true
20,https://servicesartisans.fr/services/serrurier/chatillon-sur-chalaronne,Serrurier Châtillon-sur-Chalaronne 2026 — Devis Gratuit | ServicesArtisans,text/html; charset=utf-8,false,200,0,0,74,1,true
20,https://servicesartisans.fr/services/chauffagiste/grezieu-la-varenne,Chauffagiste Grézieu-la-Varenne 2026 — Devis Gratuit | ServicesArtisans,text/html; charset=utf-8,false,200,0,0,71,1,true
20,https://servicesartisans.fr/services/chauffagiste/la-ferte-saint-aubin,Chauffagiste La Ferté-Saint-Aubin 2026 — Devis Gratuit | ServicesArtisans,text/html; charset=utf-8,false,200,0,0,73,1,true
20,https://servicesartisans.fr/blog/passoire-thermique-interdiction-location-2026,Passoire Thermique : Interdiction Location — Guide 2026 | ServicesArtisans,text/html; charset=utf-8,false,200,0,0,74,1,true
20,https://servicesartisans.fr/questions/norme-electrique-nfc-15-100,Qu'est-ce que la norme électrique NF C 15-100 ? | ServicesArtisans | ServicesArtisans,text/html; charset=utf-8,false,200,0,0,85,1,true
20,https://servicesartisans.fr/services/plombier/saint-pierre-les-nemours,Plombier à Saint-Pierre-lès-Nemours : 2 Pros + Devis | ServicesArtisans,text/html; charset=utf-8,false,200,0,0,71,1,true
20,https://servicesartisans.fr/blog/tag/escalier-metal,Escalier métal — Articles & Guides | ServicesArtisans | ServicesArtisans,text/html; charset=utf-8,false,200,0,0,72,1,true
20,https://servicesartisans.fr/services/electricien/caudebec-les-elbeuf,Électricien à Caudebec-lès-Elbeuf — Devis Gratuit 2026 | ServicesArtisans,text/html; charset=utf-8,false,200,0,0,73,1,true
20,https://servicesartisans.fr/services/plombier/saint-genis-pouilly,4.5★ (89 avis) · Plombier Saint-Genis-Pouilly 2026 : 11… | ServicesArtisans,text/html; charset=utf-8,false,200,0,0,75,1,true
20,https://servicesartisans.fr/services/plombier/roquebrune-sur-argens,4.9★ (77 avis) · Plombier à Roquebrune-sur-Argens —… | ServicesArtisans,text/html; charset=utf-8,false,200,0,0,71,1,true
20,https://servicesartisans.fr/services/chauffagiste/clermont-l-herault,Chauffagiste à Clermont-l'Hérault — Devis Gratuit 2026 | ServicesArtisans,text/html; charset=utf-8,false,200,0,0,73,1,true
20,https://servicesartisans.fr/services/electricien/dompierre-sur-mer,Électricien à Dompierre-sur-Mer — Devis Gratuit 2026 | ServicesArtisans,text/html; charset=utf-8,false,200,0,0,71,1,true
20,https://servicesartisans.fr/services/chauffagiste/fontaine-les-dijon,Chauffagiste Fontaine-lès-Dijon 2026 — Devis Gratuit | ServicesArtisans,text/html; charset=utf-8,false,200,0,0,71,1,true
20,https://servicesartisans.fr/questions/chauffe-eau-thermodynamique-ou-electrique,Chauffe-eau thermodynamique ou électrique : lequel choisir ? | ServicesArtisans | ServicesArtisans,text/html; charset=utf-8,false,200,0,0,98,1,true
20,https://servicesartisans.fr/services/electricien/villemur-sur-tarn,Électricien à Villemur-sur-Tarn — Devis Gratuit 2026 | ServicesArtisans,text/html; charset=utf-8,false,200,0,0,71,1,true
20,https://servicesartisans.fr/services/chauffagiste/saint-vincent-de-tyrosse,Chauffagiste à Saint-Vincent-de-Tyrosse — Devis Gratuit… | ServicesArtisans,text/html; charset=utf-8,false,200,0,0,75,1,true
20,https://servicesartisans.fr/services/serrurier/saint-clement-de-riviere,Serrurier à Saint-Clément-de-Rivière — Artisans 2026 | ServicesArtisans,text/html; charset=utf-8,false,200,0,0,71,1,true
20,https://servicesartisans.fr/services/chauffagiste/chanteloup-les-vignes,Chauffagiste Chanteloup-les-Vignes 2026 : 5 Artisans | ServicesArtisans,text/html; charset=utf-8,false,200,0,0,71,1,true
20,https://servicesartisans.fr/blog/tag/construction-durable,construction durable — Articles & Guides | ServicesArtisans | ServicesArtisans,text/html; charset=utf-8,false,200,0,0,78,1,true
20,https://servicesartisans.fr/services/chauffagiste/saint-symphorien-d-ozon,Chauffagiste Saint-Symphorien-d'Ozon (69) — Devis 2026 | ServicesArtisans,text/html; charset=utf-8,false,200,0,0,73,1,true
20,https://servicesartisans.fr/services/serrurier/saint-remy-les-chevreuse,Serrurier à Saint-Rémy-lès-Chevreuse : 1 Pros + Devis | ServicesArtisans,text/html; charset=utf-8,false,200,0,0,72,1,true
20,https://servicesartisans.fr/services/serrurier/villefranche-sur-saone,Serrurier Villefranche-sur-Saône 2026 — Devis Gratuit | ServicesArtisans,text/html; charset=utf-8,false,200,0,0,72,1,true
20,https://servicesartisans.fr/services/chauffagiste/la-ferte-sous-jouarre,Chauffagiste La Ferté-sous-Jouarre (77) — Devis 2026 | ServicesArtisans,text/html; charset=utf-8,false,200,0,0,71,1,true
20,https://servicesartisans.fr/services/plombier/saint-remy-de-provence,Plombier Saint-Rémy-de-Provence 2026 — Devis Gratuit | ServicesArtisans,text/html; charset=utf-8,false,200,0,0,71,1,true
20,https://servicesartisans.fr/blog/tag/prix-serrurier,Prix serrurier — Articles & Guides | ServicesArtisans | ServicesArtisans,text/html; charset=utf-8,false,200,0,0,72,1,true
20,https://servicesartisans.fr/blog/audit-energetique-obligatoire-2026,Audit Énergétique Obligatoire : Prix et Guide — Guide 2026 | ServicesArtisans,text/html; charset=utf-8,false,200,0,0,77,1,true
20,https://servicesartisans.fr/blog/categorie/inspiration,Inspiration Déco & Aménagement 2026 | ServicesArtisans | ServicesArtisans,text/html; charset=utf-8,false,200,0,0,73,1,true
20,https://servicesartisans.fr/questions/artisan-assurance-obligatoire,Quelles assurances sont obligatoires pour un artisan ? | ServicesArtisans | ServicesArtisans,text/html; charset=utf-8,false,200,0,0,92,1,true
20,https://servicesartisans.fr/services/chauffagiste/saint-yrieix-sur-charente,Chauffagiste à Saint-Yrieix-sur-Charente : 4 Pros + Devis | ServicesArtisans,text/html; charset=utf-8,false,200,0,0,76,1,true
20,https://servicesartisans.fr/services/electricien/margny-les-compiegne,Électricien Margny-lès-Compiègne 2026 — Devis Gratuit | ServicesArtisans,text/html; charset=utf-8,false,200,0,0,72,1,true
20,https://servicesartisans.fr/blog/tag/travaux-maison,travaux maison — Articles & Guides | ServicesArtisans | ServicesArtisans,text/html; charset=utf-8,false,200,0,0,72,1,true
20,https://servicesartisans.fr/services/chauffagiste/dompierre-sur-mer,Chauffagiste à Dompierre-sur-Mer — Devis Gratuit 2026 | ServicesArtisans,text/html; charset=utf-8,false,200,0,0,72,1,true
20,https://servicesartisans.fr/services/electricien/chateauneuf-les-martigues,Électricien Châteauneuf-les-Martigues (13) — Devis 2026 | ServicesArtisans,text/html; charset=utf-8,false,200,0,0,74,1,true
20,https://servicesartisans.fr/services/electricien/vitry-le-francois,Électricien à Vitry-le-François — Devis Gratuit 2026 | ServicesArtisans,text/html; charset=utf-8,false,200,0,0,71,1,true
20,https://servicesartisans.fr/blog/prix-peintre-en-batiment-nice-2026,Prix Peintre en bâtiment Nice 2026 — Tarifs et Devis Gratuit | ServicesArtisans,text/html; charset=utf-8,false,200,0,0,79,1,true
20,https://servicesartisans.fr/guides/assurance-dommage-ouvrage,Assurance Dommage-Ouvrage : Est-ce Obligatoire ? (2026) | ServicesArtisans,text/html; charset=utf-8,false,200,0,0,74,1,true
20,https://servicesartisans.fr/blog/tag/entretien-maison,entretien maison — Articles & Guides | ServicesArtisans | ServicesArtisans,text/html; charset=utf-8,false,200,0,0,74,1,true
20,https://servicesartisans.fr/services/chauffagiste/roquebrune-cap-martin,Chauffagiste Roquebrune-Cap-Martin 2026 : 2 Artisans | ServicesArtisans,text/html; charset=utf-8,false,200,0,0,71,1,true
20,https://servicesartisans.fr/cee/mandataire-vs-direct,"Obligé, délégataire, mandataire CEE : comprendre les 3 rôles du circuit | ServicesArtisans",text/html; charset=utf-8,false,200,0,0,90,1,true
20,https://servicesartisans.fr/questions/changer-robinet-soi-meme,Comment changer un robinet soi-même ? | ServicesArtisans | ServicesArtisans,text/html; charset=utf-8,false,200,0,0,75,1,true
20,https://servicesartisans.fr/services/electricien/sainte-luce-sur-loire,Électricien Sainte-Luce-sur-Loire 2026 : 26 Artisans | ServicesArtisans,text/html; charset=utf-8,false,200,0,0,71,1,true
20,https://servicesartisans.fr/blog/tag/double-vitrage,Double vitrage — Articles & Guides | ServicesArtisans | ServicesArtisans,text/html; charset=utf-8,false,200,0,0,72,1,true
20,https://servicesartisans.fr/services/chauffagiste/castelnau-d-estretefonds,Chauffagiste Castelnau-d'Estrétefonds 2026 — Devis Gratuit | ServicesArtisans,text/html; charset=utf-8,false,200,0,0,77,1,true
20,https://servicesartisans.fr/services/serrurier/cherbourg-en-cotentin,Serrurier à Cherbourg-en-Cotentin — Devis Gratuit 2026 | ServicesArtisans,text/html; charset=utf-8,false,200,0,0,73,1,true
20,https://servicesartisans.fr/services/electricien/laneuveville-devant-nancy,Électricien Laneuveville-devant-Nancy 2026 — Devis Gratuit | ServicesArtisans,text/html; charset=utf-8,false,200,0,0,77,1,true
20,https://servicesartisans.fr/services/serrurier/saint-jean-de-la-ruelle,Serrurier à Saint-Jean-de-la-Ruelle : 1 Pros + Devis | ServicesArtisans,text/html; charset=utf-8,false,200,0,0,71,1,true
20,https://servicesartisans.fr/services/electricien/saint-pierre-du-perray,Électricien à Saint-Pierre-du-Perray : 13 Pros + Devis | ServicesArtisans,text/html; charset=utf-8,false,200,0,0,73,1,true
20,https://servicesartisans.fr/tarifs/charpentier,Quel est le tarif d'un charpentier en 2026 ? Grille… | ServicesArtisans,text/html; charset=utf-8,false,200,0,0,71,1,true
20,https://servicesartisans.fr/blog/tag/tarifs-regionaux,Tarifs régionaux — Articles & Guides | ServicesArtisans | ServicesArtisans,text/html; charset=utf-8,false,200,0,0,74,1,true
20,https://servicesartisans.fr/services/serrurier/saint-etienne-de-montluc,Serrurier à Saint-Étienne-de-Montluc — Devis Gratuit 2026 | ServicesArtisans,text/html; charset=utf-8,false,200,0,0,76,1,true
20,https://servicesartisans.fr/services/serrurier/saint-pantaleon-de-larche,Serrurier à Saint-Pantaléon-de-Larche — Devis Gratuit 2026 | ServicesArtisans,text/html; charset=utf-8,false,200,0,0,77,1,true
20,https://servicesartisans.fr/blog/cheque-energie-2026-montant-utilisation,Chèque Énergie 2026 : Montants et Utilisation — Guide 2026 | ServicesArtisans,text/html; charset=utf-8,false,200,0,0,77,1,true
20,https://servicesartisans.fr/services/chauffagiste/montereau-fault-yonne,Chauffagiste Montereau-Fault-Yonne 2026 : 11 Artisans | ServicesArtisans,text/html; charset=utf-8,false,200,0,0,72,1,true
20,https://servicesartisans.fr/services/plombier/boussy-saint-antoine,Plombier à Boussy-Saint-Antoine — Devis Gratuit 2026 | ServicesArtisans,text/html; charset=utf-8,false,200,0,0,71,1,true
20,https://servicesartisans.fr/services/electricien/saint-pryve-saint-mesmin,Électricien à Saint-Pryvé-Saint-Mesmin : 9 Pros + Devis | ServicesArtisans,text/html; charset=utf-8,false,200,0,0,74,1,true
20,https://servicesartisans.fr/services/electricien/chatillon-sur-chalaronne,Électricien Châtillon-sur-Chalaronne (01) — Devis 2026 | ServicesArtisans,text/html; charset=utf-8,false,200,0,0,73,1,true
20,https://servicesartisans.fr/services/chauffagiste/grandchamp-des-fontaines,Chauffagiste Grandchamp-des-Fontaines 2026 — Devis Gratuit | ServicesArtisans,text/html; charset=utf-8,false,200,0,0,77,1,true
20,https://servicesartisans.fr/services/plombier/saint-cyr-au-mont-d-or,Plombier Saint-Cyr-au-Mont-d'Or 2026 — Devis Gratuit | ServicesArtisans,text/html; charset=utf-8,false,200,0,0,71,1,true
20,https://servicesartisans.fr/blog/tag/alarme-maison,alarme maison — Articles & Guides | ServicesArtisans | ServicesArtisans,text/html; charset=utf-8,false,200,0,0,71,1,true
20,https://servicesartisans.fr/services/chauffagiste/saint-jacques-de-la-lande,Chauffagiste à Saint-Jacques-de-la-Lande — Artisans 2026 | ServicesArtisans,text/html; charset=utf-8,false,200,0,0,75,1,true
20,https://servicesartisans.fr/services/chauffagiste/evry-courcouronnes,Chauffagiste Évry-Courcouronnes 2026 — Devis Gratuit | ServicesArtisans,text/html; charset=utf-8,false,200,0,0,71,1,true
20,https://servicesartisans.fr/blog/prix-electricien-lyon-2026,Prix Électricien Lyon 2026 — Tarifs et Devis Gratuit | ServicesArtisans,text/html; charset=utf-8,false,200,0,0,71,1,true
20,https://servicesartisans.fr/tarifs/etancheiste,Tarif étanchéiste 2026 : combien ça coûte vraiment ? | ServicesArtisans,text/html; charset=utf-8,false,200,0,0,71,1,true
20,https://servicesartisans.fr/services/serrurier/noyal-chatillon-sur-seiche,Serrurier à Noyal-Châtillon-sur-Seiche : 1 Pros + Devis | ServicesArtisans,text/html; charset=utf-8,false,200,0,0,74,1,true
20,https://servicesartisans.fr/services/plombier/chateau-gontier-sur-mayenne,Plombier Château-Gontier-sur-Mayenne 2026 : 7 Artisans | ServicesArtisans,text/html; charset=utf-8,false,200,0,0,73,1,true
20,https://servicesartisans.fr/questions/panne-electricite-qui-appeler,Panne d'électricité : qui appeler ? | ServicesArtisans | ServicesArtisans,text/html; charset=utf-8,false,200,0,0,73,1,true
20,https://servicesartisans.fr/services/chauffagiste/belleville-en-beaujolais,Chauffagiste Belleville-en-Beaujolais (69) — Devis 2026 | ServicesArtisans,text/html; charset=utf-8,false,200,0,0,74,1,true
20,https://servicesartisans.fr/services/electricien/saint-jacques-de-la-lande,Électricien Saint-Jacques-de-la-Lande 2026 : 10 Artisans | ServicesArtisans,text/html; charset=utf-8,false,200,0,0,75,1,true
20,https://servicesartisans.fr/services/chauffagiste/aulnoy-lez-valenciennes,Chauffagiste Aulnoy-lez-Valenciennes (59) — Devis 2026 | ServicesArtisans,text/html; charset=utf-8,false,200,0,0,73,1,true
20,https://servicesartisans.fr/services/electricien/le-grand-quevilly,Électricien à Le Grand-Quevilly — Devis Gratuit 2026 | ServicesArtisans,text/html; charset=utf-8,false,200,0,0,71,1,true
20,https://servicesartisans.fr/blog/tag/plaque-de-platre,plaque de plâtre — Articles & Guides | ServicesArtisans | ServicesArtisans,text/html; charset=utf-8,false,200,0,0,74,1,true
20,https://servicesartisans.fr/services/chauffagiste/saint-germain-les-corbeil,Chauffagiste à Saint-Germain-lès-Corbeil — Artisans 2026 | ServicesArtisans,text/html; charset=utf-8,false,200,0,0,75,1,true
20,https://servicesartisans.fr/services/plombier/villeneuve-les-avignon,Plombier Villeneuve-lès-Avignon 2026 — Devis Gratuit | ServicesArtisans,text/html; charset=utf-8,false,200,0,0,71,1,true
20,https://servicesartisans.fr/services/chauffagiste/cosne-cours-sur-loire,Chauffagiste Cosne-Cours-sur-Loire 2026 — Devis Gratuit | ServicesArtisans,text/html; charset=utf-8,false,200,0,0,74,1,true
20,https://servicesartisans.fr/services/plombier/laneuveville-devant-nancy,Plombier Laneuveville-devant-Nancy 2026 — Devis Gratuit | ServicesArtisans,text/html; charset=utf-8,false,200,0,0,74,1,true
20,https://servicesartisans.fr/services/chauffagiste/l-isle-sur-la-sorgue,Chauffagiste à L'Isle-sur-la-Sorgue — Devis Gratuit 2026 | ServicesArtisans,text/html; charset=utf-8,false,200,0,0,75,1,true
20,https://servicesartisans.fr/tarifs/storiste,Quel est le tarif d'un storiste en 2026 ? Grille complète | ServicesArtisans,text/html; charset=utf-8,false,200,0,0,76,1,true
20,https://servicesartisans.fr/blog/categorie/materiaux,Matériaux de Construction & Rénovation — Comparatifs 2026 | ServicesArtisans | ServicesArtisans,text/html; charset=utf-8,false,200,0,0,95,1,true
20,https://servicesartisans.fr/services/electricien/saint-germain-en-laye,Électricien à Saint-Germain-en-Laye : 46 Pros + Devis | ServicesArtisans,text/html; charset=utf-8,false,200,0,0,72,1,true
20,https://servicesartisans.fr/services/chauffagiste/saint-philbert-de-grand-lieu,Chauffagiste à Saint-Philbert-de-Grand-Lieu — Devis… | ServicesArtisans,text/html; charset=utf-8,false,200,0,0,71,1,true
20,https://servicesartisans.fr/services/serrurier/caumont-sur-durance,Serrurier à Caumont-sur-Durance — Devis Gratuit 2026 | ServicesArtisans,text/html; charset=utf-8,false,200,0,0,71,1,true
20,https://servicesartisans.fr/blog/tag/toiture-terrasse,Toiture-terrasse — Articles & Guides | ServicesArtisans | ServicesArtisans,text/html; charset=utf-8,false,200,0,0,74,1,true
20,https://servicesartisans.fr/services/electricien/moret-loing-et-orvanne,Électricien Moret-Loing-et-Orvanne 2026 — Devis Gratuit | ServicesArtisans,text/html; charset=utf-8,false,200,0,0,74,1,true
20,https://servicesartisans.fr/services/plombier/saint-martin-de-seignanx,Plombier Saint-Martin-de-Seignanx 2026 — Devis Gratuit | ServicesArtisans,text/html; charset=utf-8,false,200,0,0,73,1,true
20,https://servicesartisans.fr/services/serrurier/saint-nicolas-de-port,Serrurier à Saint-Nicolas-de-Port — Devis Gratuit 2026 | ServicesArtisans,text/html; charset=utf-8,false,200,0,0,73,1,true
20,https://servicesartisans.fr/services/electricien/villeneuve-les-avignon,Électricien Villeneuve-lès-Avignon (30) — Devis 2026 | ServicesArtisans,text/html; charset=utf-8,false,200,0,0,71,1,true
20,https://servicesartisans.fr/blog/tag/credit-d-impot,Crédit d'impôt — Articles & Guides | ServicesArtisans | ServicesArtisans,text/html; charset=utf-8,false,200,0,0,72,1,true
20,https://servicesartisans.fr/services/plombier/saint-fargeau-ponthierry,Plombier Saint-Fargeau-Ponthierry 2026 : 15 Artisans | ServicesArtisans,text/html; charset=utf-8,false,200,0,0,71,1,true
20,https://servicesartisans.fr/services/plombier/gareoult,4.9★ (77 avis) · Plombier Garéoult 2026 — Devis Gratuit | ServicesArtisans,text/html; charset=utf-8,false,200,0,0,74,1,true
20,https://servicesartisans.fr/services/chauffagiste/oullins-pierre-benite,Chauffagiste à Oullins-Pierre-Bénite : 16 Pros + Devis | ServicesArtisans,text/html; charset=utf-8,false,200,0,0,73,1,true
20,https://servicesartisans.fr/services/chauffagiste/vand-uvre-les-nancy,Chauffagiste à Vandœuvre-lès-Nancy — Devis Gratuit 2026 | ServicesArtisans,text/html; charset=utf-8,false,200,0,0,74,1,true
20,https://servicesartisans.fr/ademe,Données ADEME & sources officielles — Méthodologie RGE | ServicesArtisans,text/html; charset=utf-8,false,200,0,0,73,1,true
20,https://servicesartisans.fr/services/electricien/saint-laurent-blangy,Électricien à Saint-Laurent-Blangy : 19 Pros + Devis | ServicesArtisans,text/html; charset=utf-8,false,200,0,0,71,1,true
20,https://servicesartisans.fr/services/chauffagiste/verrieres-le-buisson,Chauffagiste à Verrières-le-Buisson : Devis Gratuit 2026 | ServicesArtisans,text/html; charset=utf-8,false,200,0,0,75,1,true
20,https://servicesartisans.fr/questions/poser-parquet-flottant-soi-meme,Comment poser du parquet flottant soi-même ? | ServicesArtisans | ServicesArtisans,text/html; charset=utf-8,false,200,0,0,82,1,true
20,https://servicesartisans.fr/blog/tag/grandes-villes,Grandes villes — Articles & Guides | ServicesArtisans | ServicesArtisans,text/html; charset=utf-8,false,200,0,0,72,1,true
20,https://servicesartisans.fr/services/serrurier/templeuve-en-pevele,Serrurier à Templeuve-en-Pévèle — Devis Gratuit 2026 | ServicesArtisans,text/html; charset=utf-8,false,200,0,0,71,1,true
20,https://servicesartisans.fr/blog/tag/renovation-rentable,rénovation rentable — Articles & Guides | ServicesArtisans | ServicesArtisans,text/html; charset=utf-8,false,200,0,0,77,1,true
20,https://servicesartisans.fr/services/chauffagiste/champigny-sur-marne,Chauffagiste à Champigny-sur-Marne — Devis Gratuit 2026 | ServicesArtisans,text/html; charset=utf-8,false,200,0,0,74,1,true
20,https://servicesartisans.fr/services/plombier/bandol,4.9★ (77 avis) · Plombier à Bandol — Devis Gratuit 2026 | ServicesArtisans,text/html; charset=utf-8,false,200,0,0,74,1,true
20,https://servicesartisans.fr/blog/prix-chauffagiste-lille-2026,Prix Chauffagiste Lille 2026 — Tarifs et Devis Gratuit | ServicesArtisans,text/html; charset=utf-8,false,200,0,0,73,1,true
20,https://servicesartisans.fr/questions/comment-verifier-rge-artisan,Comment vérifier la certification RGE d'un artisan ? | ServicesArtisans | ServicesArtisans,text/html; charset=utf-8,false,200,0,0,90,1,true
20,https://servicesartisans.fr/services/chauffagiste/charleville-mezieres,Chauffagiste à Charleville-Mézières — Devis Gratuit 2026 | ServicesArtisans,text/html; charset=utf-8,false,200,0,0,75,1,true
20,https://servicesartisans.fr/blog/tag/revetement-sol,Revêtement sol — Articles & Guides | ServicesArtisans | ServicesArtisans,text/html; charset=utf-8,false,200,0,0,72,1,true
20,https://servicesartisans.fr/comparatif-primes-cee-2026,"Comparatif primes CEE 2026 : Effy, Hellio, Sonergia, PrimesEnergie | ServicesArtisans",text/html; charset=utf-8,false,200,0,0,85,1,true
20,https://servicesartisans.fr/services/chauffagiste/saint-julien-de-concelles,Chauffagiste Saint-Julien-de-Concelles (44) — Devis 2026 | ServicesArtisans,text/html; charset=utf-8,false,200,0,0,75,1,true
20,https://servicesartisans.fr/blog/tag/bouches-du-rhone,Bouches-du-Rhône — Articles & Guides | ServicesArtisans | ServicesArtisans,text/html; charset=utf-8,false,200,0,0,74,1,true
20,https://servicesartisans.fr/services/electricien/saint-jean-de-boiseau,Électricien à Saint-Jean-de-Boiseau : 9 Pros + Devis | ServicesArtisans,text/html; charset=utf-8,false,200,0,0,71,1,true
20,https://servicesartisans.fr/blog/tag/machine-a-laver,machine à laver — Articles & Guides | ServicesArtisans | ServicesArtisans,text/html; charset=utf-8,false,200,0,0,73,1,true
20,https://servicesartisans.fr/blog/tag/anti-intrusion,Anti-intrusion — Articles & Guides | ServicesArtisans | ServicesArtisans,text/html; charset=utf-8,false,200,0,0,72,1,true
20,https://servicesartisans.fr/services/electricien/franqueville-saint-pierre,Électricien Franqueville-Saint-Pierre (76) — Devis 2026 | ServicesArtisans,text/html; charset=utf-8,false,200,0,0,74,1,true
20,https://servicesartisans.fr/services/electricien/chamonix-mont-blanc,Électricien Chamonix-Mont-Blanc 2026 — Devis Gratuit | ServicesArtisans,text/html; charset=utf-8,false,200,0,0,71,1,true
20,https://servicesartisans.fr/blog/tag/assemblee-generale,assemblée générale — Articles & Guides | ServicesArtisans | ServicesArtisans,text/html; charset=utf-8,false,200,0,0,76,1,true
20,https://servicesartisans.fr/services/chauffagiste/dombasle-sur-meurthe,Chauffagiste à Dombasle-sur-Meurthe — Devis Gratuit 2026 | ServicesArtisans,text/html; charset=utf-8,false,200,0,0,75,1,true
20,https://servicesartisans.fr/services/architecte-interieur,Architecte d'intérieur France 2026 — Comparez + Devis | ServicesArtisans,text/html; charset=utf-8,false,200,0,0,72,1,true
20,https://servicesartisans.fr/services/plombier/fayence,4.9★ (77 avis) · Plombier à Fayence — Devis Gratuit 2026 | ServicesArtisans,text/html; charset=utf-8,false,200,0,0,75,1,true
20,https://servicesartisans.fr/services/plombier/saint-vincent-de-tyrosse,Plombier Saint-Vincent-de-Tyrosse 2026 — Devis Gratuit | ServicesArtisans,text/html; charset=utf-8,false,200,0,0,73,1,true
20,https://servicesartisans.fr/blog/tag/diagnostics-immobiliers,diagnostics immobiliers — Articles & Guides | ServicesArtisans | ServicesArtisans,text/html; charset=utf-8,false,200,0,0,81,1,true
20,https://servicesartisans.fr/blog/prix-electricien-bordeaux-2026,Prix Électricien Bordeaux 2026 — Tarifs et Devis Gratuit | ServicesArtisans,text/html; charset=utf-8,false,200,0,0,75,1,true
20,https://servicesartisans.fr/services/serrurier/saint-pierre-en-faucigny,Serrurier à Saint-Pierre-en-Faucigny : 1 Pros + Devis | ServicesArtisans,text/html; charset=utf-8,false,200,0,0,72,1,true
20,https://servicesartisans.fr/services/serrurier/chevigny-saint-sauveur,Serrurier Chevigny-Saint-Sauveur 2026 — Devis Gratuit | ServicesArtisans,text/html; charset=utf-8,false,200,0,0,72,1,true
20,https://servicesartisans.fr/services/chauffagiste/neuville-sur-saone,Chauffagiste à Neuville-sur-Saône — Devis Gratuit 2026 | ServicesArtisans,text/html; charset=utf-8,false,200,0,0,73,1,true
20,https://servicesartisans.fr/services/chauffagiste/le-cateau-cambresis,Chauffagiste à Le Cateau-Cambrésis — Devis Gratuit 2026 | ServicesArtisans,text/html; charset=utf-8,false,200,0,0,74,1,true
20,https://servicesartisans.fr/services/electricien/le-puy-sainte-reparade,Électricien Le Puy-Sainte-Réparade 2026 : 12 Artisans | ServicesArtisans,text/html; charset=utf-8,false,200,0,0,72,1,true
20,https://servicesartisans.fr/blog/tag/pret-a-taux-zero,Prêt à taux zéro — Articles & Guides | ServicesArtisans | ServicesArtisans,text/html; charset=utf-8,false,200,0,0,74,1,true
20,https://servicesartisans.fr/questions/cout-ravalement-facade,Combien coûte un ravalement de façade ? | ServicesArtisans | ServicesArtisans,text/html; charset=utf-8,false,200,0,0,77,1,true
20,https://servicesartisans.fr/services/chauffagiste/palavas-les-flots,Chauffagiste à Palavas-les-Flots — Devis Gratuit 2026 | ServicesArtisans,text/html; charset=utf-8,false,200,0,0,72,1,true
20,https://servicesartisans.fr/services/electricien/saint-jean-de-la-ruelle,Électricien Saint-Jean-de-la-Ruelle (45) — Devis 2026 | ServicesArtisans,text/html; charset=utf-8,false,200,0,0,72,1,true
20,https://servicesartisans.fr/blog/tag/volet-roulant,volet roulant — Articles & Guides | ServicesArtisans | ServicesArtisans,text/html; charset=utf-8,false,200,0,0,71,1,true
20,https://servicesartisans.fr/questions/cumul-aides-renovation,Peut-on cumuler les aides à la rénovation ? | ServicesArtisans | ServicesArtisans,text/html; charset=utf-8,false,200,0,0,81,1,true
20,https://servicesartisans.fr/blog/tag/performance-energetique,Performance énergétique — Articles & Guides | ServicesArtisans | ServicesArtisans,text/html; charset=utf-8,false,200,0,0,81,1,true
20,https://servicesartisans.fr/blog/tag/ile-de-france,Île-de-France — Articles & Guides | ServicesArtisans | ServicesArtisans,text/html; charset=utf-8,false,200,0,0,71,1,true
20,https://servicesartisans.fr/services/chauffagiste/saint-maur-des-fosses,Chauffagiste à Saint-Maur-des-Fossés : 48 Pros + Devis | ServicesArtisans,text/html; charset=utf-8,false,200,0,0,73,1,true
20,https://servicesartisans.fr/services/chauffagiste/la-chapelle-sur-erdre,Chauffagiste La Chapelle-sur-Erdre 2026 — Devis Gratuit | ServicesArtisans,text/html; charset=utf-8,false,200,0,0,74,1,true
20,https://servicesartisans.fr/services/serrurier/mezidon-vallee-d-auge,Serrurier Mézidon Vallée d'Auge 2026 — Devis Gratuit | ServicesArtisans,text/html; charset=utf-8,false,200,0,0,71,1,true
20,https://servicesartisans.fr/services/chauffagiste/carentan-les-marais,Chauffagiste Carentan-les-Marais 2026 — Devis Gratuit | ServicesArtisans,text/html; charset=utf-8,false,200,0,0,72,1,true
20,https://servicesartisans.fr/questions/quel-chauffage-maison-ancienne,Quel chauffage pour une maison ancienne ? | ServicesArtisans | ServicesArtisans,text/html; charset=utf-8,false,200,0,0,79,1,true
20,https://servicesartisans.fr/services/serrurier/saint-maur-des-fosses,Serrurier à Saint-Maur-des-Fossés — Devis Gratuit 2026 | ServicesArtisans,text/html; charset=utf-8,false,200,0,0,73,1,true
20,https://servicesartisans.fr/services/chauffagiste/roquefort-les-pins,Chauffagiste Roquefort-les-Pins 2026 — Devis Gratuit | ServicesArtisans,text/html; charset=utf-8,false,200,0,0,71,1,true
20,https://servicesartisans.fr/blog/tag/brique-foraine,Brique foraine — Articles & Guides | ServicesArtisans | ServicesArtisans,text/html; charset=utf-8,false,200,0,0,72,1,true
20,https://servicesartisans.fr/services/serrurier/douvres-la-delivrande,Serrurier Douvres-la-Délivrande 2026 — Devis Gratuit | ServicesArtisans,text/html; charset=utf-8,false,200,0,0,71,1,true
20,https://servicesartisans.fr/services/chauffagiste/saint-gilles-croix-de-vie,Chauffagiste Saint-Gilles-Croix-de-Vie (85) — Devis 2026 | ServicesArtisans,text/html; charset=utf-8,false,200,0,0,75,1,true
20,https://servicesartisans.fr/services/electricien/saint-just-en-chaussee,Électricien à Saint-Just-en-Chaussée : 3 Pros + Devis | ServicesArtisans,text/html; charset=utf-8,false,200,0,0,72,1,true
20,https://servicesartisans.fr/services/electricien/saint-hilaire-de-riez,Électricien à Saint-Hilaire-de-Riez — Devis Gratuit 2026 | ServicesArtisans,text/html; charset=utf-8,false,200,0,0,75,1,true
20,https://servicesartisans.fr/services/serrurier/saint-sebastien-de-morsent,Serrurier Saint-Sébastien-de-Morsent (27) — Devis 2026 | ServicesArtisans,text/html; charset=utf-8,false,200,0,0,73,1,true
20,https://servicesartisans.fr/questions/devis-travaux-que-verifier,Que vérifier sur un devis de travaux avant de signer ? | ServicesArtisans | ServicesArtisans,text/html; charset=utf-8,false,200,0,0,92,1,true
20,https://servicesartisans.fr/services/plombier/divonne-les-bains,4.5★ (89 avis) · Plombier Divonne-les-Bains 2026 : 7… | ServicesArtisans,text/html; charset=utf-8,false,200,0,0,72,1,true
20,https://servicesartisans.fr/blog/tag/renovation-sol,Rénovation sol — Articles & Guides | ServicesArtisans | ServicesArtisans,text/html; charset=utf-8,false,200,0,0,72,1,true
20,https://servicesartisans.fr/services/electricien/saint-jean-le-blanc,Électricien Saint-Jean-le-Blanc 2026 — Devis Gratuit | ServicesArtisans,text/html; charset=utf-8,false,200,0,0,71,1,true
20,https://servicesartisans.fr/services/electricien/saint-hilaire-du-harcouet,Électricien à Saint-Hilaire-du-Harcouët : 4 Pros + Devis | ServicesArtisans,text/html; charset=utf-8,false,200,0,0,75,1,true
20,https://servicesartisans.fr/services/electricien/saint-genis-les-ollieres,Électricien Saint-Genis-les-Ollières 2026 — Devis Gratuit | ServicesArtisans,text/html; charset=utf-8,false,200,0,0,76,1,true
20,https://servicesartisans.fr/services/plombier/ferney-voltaire,4.5★ (89 avis) · Plombier à Ferney-Voltaire — Devis… | ServicesArtisans,text/html; charset=utf-8,false,200,0,0,71,1,true
20,https://servicesartisans.fr/services/plombier/roquebrune-cap-martin,Plombier à Roquebrune-Cap-Martin — Devis Gratuit 2026 | ServicesArtisans,text/html; charset=utf-8,false,200,0,0,72,1,true
20,https://servicesartisans.fr/services/plombier/frejus,4.9★ (77 avis) · Plombier Fréjus 2026 : 149 Artisans | ServicesArtisans,text/html; charset=utf-8,false,200,0,0,71,1,true
20,https://servicesartisans.fr/comparaison/chaudiere-gaz-vs-bois-granules,Chaudière gaz vs bois/granulés : quel combustible choisir ? | ServicesArtisans,text/html; charset=utf-8,false,200,0,0,78,1,true
20,https://servicesartisans.fr/services/chauffagiste/blainville-sur-orne,Chauffagiste Blainville-sur-Orne 2026 — Devis Gratuit | ServicesArtisans,text/html; charset=utf-8,false,200,0,0,72,1,true
20,https://servicesartisans.fr/services/serrurier/machecoul-saint-meme,Serrurier à Machecoul-Saint-Même — Devis Gratuit 2026 | ServicesArtisans,text/html; charset=utf-8,false,200,0,0,72,1,true
20,https://servicesartisans.fr/services/chauffagiste/les-pennes-mirabeau,Chauffagiste à Les Pennes-Mirabeau : 26 Pros + Devis | ServicesArtisans,text/html; charset=utf-8,false,200,0,0,71,1,true
20,https://servicesartisans.fr/services/electricien/schweighouse-sur-moder,Électricien Schweighouse-sur-Moder 2026 : 6 Artisans | ServicesArtisans,text/html; charset=utf-8,false,200,0,0,71,1,true
20,https://servicesartisans.fr/blog/tag/installation-electrique,Installation électrique — Articles & Guides | ServicesArtisans | ServicesArtisans,text/html; charset=utf-8,false,200,0,0,81,1,true
20,https://servicesartisans.fr/blog/tag/tableau-electrique,Tableau électrique — Articles & Guides | ServicesArtisans | ServicesArtisans,text/html; charset=utf-8,false,200,0,0,76,1,true
20,https://servicesartisans.fr/questions/artisan-rge-obligatoire,Est-il obligatoire de choisir un artisan RGE ? | ServicesArtisans | ServicesArtisans,text/html; charset=utf-8,false,200,0,0,84,1,true
20,https://servicesartisans.fr/blog/tag/norme-nf-c-15-100,norme NF C 15-100 — Articles & Guides | ServicesArtisans | ServicesArtisans,text/html; charset=utf-8,false,200,0,0,75,1,true
20,https://servicesartisans.fr/services/chauffagiste/le-peage-de-roussillon,Chauffagiste à Le Péage-de-Roussillon : 4 Pros + Devis | ServicesArtisans,text/html; charset=utf-8,false,200,0,0,73,1,true
20,https://servicesartisans.fr/services/electricien/terrasson-lavilledieu,Électricien à Terrasson-Lavilledieu — Devis Gratuit 2026 | ServicesArtisans,text/html; charset=utf-8,false,200,0,0,75,1,true
20,https://servicesartisans.fr/services/electricien/locmaria-plouzane,Électricien à Locmaria-Plouzané — Devis Gratuit 2026 | ServicesArtisans,text/html; charset=utf-8,false,200,0,0,71,1,true
20,https://servicesartisans.fr/services/chauffagiste/montigny-le-bretonneux,Chauffagiste Montigny-le-Bretonneux 2026 : 15 Artisans | ServicesArtisans,text/html; charset=utf-8,false,200,0,0,73,1,true
20,https://servicesartisans.fr/services/electricien/saint-nicolas-de-port,Électricien Saint-Nicolas-de-Port 2026 : 11 Artisans | ServicesArtisans,text/html; charset=utf-8,false,200,0,0,71,1,true
20,https://servicesartisans.fr/questions/serrurier-urgence-24h-prix,Quel est le tarif d'un serrurier en urgence 24h/24 ? | ServicesArtisans | ServicesArtisans,text/html; charset=utf-8,false,200,0,0,90,1,true
20,https://servicesartisans.fr/services/plombier/soisy-sous-montmorency,Plombier à Soisy-sous-Montmorency — Devis Gratuit 2026 | ServicesArtisans,text/html; charset=utf-8,false,200,0,0,73,1,true
20,https://servicesartisans.fr/services/plombier/pierrefeu-du-var,4.9★ (77 avis) · Plombier à Pierrefeu-du-Var : 11 Pros +… | ServicesArtisans,text/html; charset=utf-8,false,200,0,0,76,1,true
20,https://servicesartisans.fr/blog/tag/installation-alarme,installation alarme — Articles & Guides | ServicesArtisans | ServicesArtisans,text/html; charset=utf-8,false,200,0,0,77,1,true
20,https://servicesartisans.fr/services/chauffagiste/saint-andre-lez-lille,Chauffagiste Saint-André-lez-Lille (59) — Devis 2026 | ServicesArtisans,text/html; charset=utf-8,false,200,0,0,71,1,true
20,https://servicesartisans.fr/services/serrurier/villefranche-de-rouergue,Serrurier à Villefranche-de-Rouergue : 8 Pros + Devis | ServicesArtisans,text/html; charset=utf-8,false,200,0,0,72,1,true
20,https://servicesartisans.fr/services/serrurier/peyrolles-en-provence,Serrurier Peyrolles-en-Provence 2026 — Devis Gratuit | ServicesArtisans,text/html; charset=utf-8,false,200,0,0,71,1,true
20,https://servicesartisans.fr/services/chauffagiste/quesnoy-sur-deule,Chauffagiste à Quesnoy-sur-Deûle — Devis Gratuit 2026 | ServicesArtisans,text/html; charset=utf-8,false,200,0,0,72,1,true
20,https://servicesartisans.fr/blog/tag/cheque-energie,Chèque énergie — Articles & Guides | ServicesArtisans | ServicesArtisans,text/html; charset=utf-8,false,200,0,0,72,1,true
20,https://servicesartisans.fr/blog/tag/obligation-2026,Obligation 2026 — Articles & Guides | ServicesArtisans | ServicesArtisans,text/html; charset=utf-8,false,200,0,0,73,1,true
20,https://servicesartisans.fr/services/electricien/saint-martin-de-seignanx,Électricien à Saint-Martin-de-Seignanx : 11 Pros + Devis | ServicesArtisans,text/html; charset=utf-8,false,200,0,0,75,1,true
20,https://servicesartisans.fr/questions/acompte-travaux-combien,Quel acompte verser pour des travaux ? | ServicesArtisans | ServicesArtisans,text/html; charset=utf-8,false,200,0,0,76,1,true
20,https://servicesartisans.fr/services/chauffagiste/canet-en-roussillon,Chauffagiste à Canet-en-Roussillon — Devis Gratuit 2026 | ServicesArtisans,text/html; charset=utf-8,false,200,0,0,74,1,true
20,https://servicesartisans.fr/blog/tag/ferronnerie-d-art,Ferronnerie d'art — Articles & Guides | ServicesArtisans | ServicesArtisans,text/html; charset=utf-8,false,200,0,0,75,1,true
20,https://servicesartisans.fr/questions/que-verifier-avant-payer-artisan,Que vérifier avant de payer un artisan ? | ServicesArtisans | ServicesArtisans,text/html; charset=utf-8,false,200,0,0,78,1,true
20,https://servicesartisans.fr/tarifs/alarme-securite,Quel est le tarif d'un alarme et sécurité en 2026 ?… | ServicesArtisans,text/html; charset=utf-8,false,200,0,0,71,1,true
20,https://servicesartisans.fr/services/electricien/chateau-arnoux-saint-auban,Électricien Château-Arnoux-Saint-Auban 2026 — Devis… | ServicesArtisans,text/html; charset=utf-8,false,200,0,0,71,1,true
20,https://servicesartisans.fr/services/electricien/entraigues-sur-la-sorgue,Électricien Entraigues-sur-la-Sorgue 2026 : 19 Artisans | ServicesArtisans,text/html; charset=utf-8,false,200,0,0,74,1,true
20,https://servicesartisans.fr/services/chauffagiste/saint-fargeau-ponthierry,Chauffagiste à Saint-Fargeau-Ponthierry — Devis Gratuit… | ServicesArtisans,text/html; charset=utf-8,false,200,0,0,75,1,true
20,https://servicesartisans.fr/services/chauffagiste/villers-cotterets,Chauffagiste à Villers-Cotterêts — Devis Gratuit 2026 | ServicesArtisans,text/html; charset=utf-8,false,200,0,0,72,1,true
20,https://servicesartisans.fr/questions/tva-travaux-renovation-taux,Quel taux de TVA s'applique aux travaux de rénovation ? | ServicesArtisans | ServicesArtisans,text/html; charset=utf-8,false,200,0,0,93,1,true
20,https://servicesartisans.fr/services/chauffagiste/conde-sur-l-escaut,Chauffagiste à Condé-sur-l'Escaut — Devis Gratuit 2026 | ServicesArtisans,text/html; charset=utf-8,false,200,0,0,73,1,true
20,https://servicesartisans.fr/services/serrurier/saint-marcel-les-valence,Serrurier à Saint-Marcel-lès-Valence — Devis Gratuit 2026 | ServicesArtisans,text/html; charset=utf-8,false,200,0,0,76,1,true
20,https://servicesartisans.fr/blog/tag/economie-d-eau,économie d’eau — Articles & Guides | ServicesArtisans | ServicesArtisans,text/html; charset=utf-8,false,200,0,0,72,1,true
20,https://servicesartisans.fr/services/electricien/saint-brice-sous-foret,Électricien à Saint-Brice-sous-Forêt : 29 Pros + Devis | ServicesArtisans,text/html; charset=utf-8,false,200,0,0,73,1,true
20,https://servicesartisans.fr/tarifs/renovation-energetique,Tarif rénovation énergétique 2026 : combien ça coûte ? | ServicesArtisans,text/html; charset=utf-8,false,200,0,0,73,1,true
20,https://servicesartisans.fr/services/chauffagiste/notre-dame-de-bondeville,Chauffagiste à Notre-Dame-de-Bondeville : 3 Pros + Devis | ServicesArtisans,text/html; charset=utf-8,false,200,0,0,75,1,true
20,https://servicesartisans.fr/services/chauffagiste/saint-pierre-du-mont,Chauffagiste à Saint-Pierre-du-Mont — Devis Gratuit 2026 | ServicesArtisans,text/html; charset=utf-8,false,200,0,0,75,1,true
20,https://servicesartisans.fr/tarifs/electricien,Combien coûte un électricien en 2026 ? Grille + Devis Gratuit | ServicesArtisans,text/html; charset=utf-8,false,200,0,0,80,1,true
20,https://servicesartisans.fr/comparaison/isolation-interieure-vs-exterieure,Isolation par l'intérieur vs par l'extérieur : que choisir ? | ServicesArtisans,text/html; charset=utf-8,false,200,0,0,79,1,true
20,https://servicesartisans.fr/services/chauffagiste/velizy-villacoublay,Chauffagiste Vélizy-Villacoublay 2026 — Devis Gratuit | ServicesArtisans,text/html; charset=utf-8,false,200,0,0,72,1,true
20,https://servicesartisans.fr/blog/tag/longue-distance,Longue distance — Articles & Guides | ServicesArtisans | ServicesArtisans,text/html; charset=utf-8,false,200,0,0,73,1,true
20,https://servicesartisans.fr/services/chauffagiste/la-fare-les-oliviers,Chauffagiste à La Fare-les-Oliviers — Devis Gratuit 2026 | ServicesArtisans,text/html; charset=utf-8,false,200,0,0,75,1,true
20,https://servicesartisans.fr/services/serrurier/saint-marcellin-en-forez,Serrurier Saint-Marcellin-en-Forez (42) — Devis 2026 | ServicesArtisans,text/html; charset=utf-8,false,200,0,0,71,1,true
20,https://servicesartisans.fr/services/chauffagiste/longuenee-en-anjou,Chauffagiste Longuenée-en-Anjou : Devis Gratuit 2026 | ServicesArtisans,text/html; charset=utf-8,false,200,0,0,71,1,true
20,https://servicesartisans.fr/services/serrurier/montereau-fault-yonne,Serrurier à Montereau-Fault-Yonne — Devis Gratuit 2026 | ServicesArtisans,text/html; charset=utf-8,false,200,0,0,73,1,true
20,https://servicesartisans.fr/questions/pac-air-eau-ou-air-air,PAC air-eau ou air-air : laquelle choisir ? | ServicesArtisans | ServicesArtisans,text/html; charset=utf-8,false,200,0,0,81,1,true
20,https://servicesartisans.fr/services/serrurier/saint-brevin-les-pins,Serrurier Saint-Brevin-les-Pins 2026 — Devis Gratuit | ServicesArtisans,text/html; charset=utf-8,false,200,0,0,71,1,true
20,https://servicesartisans.fr/services/plombier/les-avenieres-veyrins-thuellin,Plombier Les Avenières Veyrins-Thuellin 2026 — Devis… | ServicesArtisans,text/html; charset=utf-8,false,200,0,0,72,1,true
20,https://servicesartisans.fr/blog/tag/credence-verre,Crédence verre — Articles & Guides | ServicesArtisans | ServicesArtisans,text/html; charset=utf-8,false,200,0,0,72,1,true
20,https://servicesartisans.fr/services/serrurier/franqueville-saint-pierre,Serrurier Franqueville-Saint-Pierre 2026 : 2 Artisans | ServicesArtisans,text/html; charset=utf-8,false,200,0,0,72,1,true
20,https://servicesartisans.fr/services/plombier/noyal-chatillon-sur-seiche,Plombier à Noyal-Châtillon-sur-Seiche : 9 Pros + Devis | ServicesArtisans,text/html; charset=utf-8,false,200,0,0,73,1,true
20,https://servicesartisans.fr/services/plombier/la-garde,4.9★ (77 avis) · Plombier à La Garde — Devis Gratuit 2026 | ServicesArtisans,text/html; charset=utf-8,false,200,0,0,76,1,true
20,https://servicesartisans.fr/services/plombier/trans-en-provence,4.9★ (77 avis) · Plombier Trans-en-Provence (83) — Devis… | ServicesArtisans,text/html; charset=utf-8,false,200,0,0,76,1,true
20,https://servicesartisans.fr/services/plombier/saint-hilaire-du-harcouet,Plombier à Saint-Hilaire-du-Harcouët — Devis Gratuit 2026 | ServicesArtisans,text/html; charset=utf-8,false,200,0,0,76,1,true
20,https://servicesartisans.fr/services/serrurier/saint-gilles-croix-de-vie,Serrurier à Saint-Gilles-Croix-de-Vie : 1 Pros + Devis | ServicesArtisans,text/html; charset=utf-8,false,200,0,0,73,1,true
20,https://servicesartisans.fr/services/chauffagiste/bruay-sur-l-escaut,Chauffagiste Bruay-sur-l'Escaut 2026 — Devis Gratuit | ServicesArtisans,text/html; charset=utf-8,false,200,0,0,71,1,true
20,https://servicesartisans.fr/blog/tag/provence-alpes-cote-d-azur,Provence-Alpes-Côte d'Azur — Articles & Guides | ServicesArtisans | ServicesArtisans,text/html; charset=utf-8,false,200,0,0,84,1,true
20,https://servicesartisans.fr/questions/poser-parquet-flottant-diy,Comment poser du parquet flottant soi-même ? | ServicesArtisans | ServicesArtisans,text/html; charset=utf-8,false,200,0,0,82,1,true
20,https://servicesartisans.fr/services/plombier/illkirch-graffenstaden,Plombier à Illkirch-Graffenstaden — Devis Gratuit 2026 | ServicesArtisans,text/html; charset=utf-8,false,200,0,0,73,1,true
20,https://servicesartisans.fr/questions/vitre-cassee-securiser,Vitre cassée : comment sécuriser en attendant le vitrier ? | ServicesArtisans | ServicesArtisans,text/html; charset=utf-8,false,200,0,0,96,1,true
20,https://servicesartisans.fr/blog/tag/pays-de-la-loire,Pays de la Loire — Articles & Guides | ServicesArtisans | ServicesArtisans,text/html; charset=utf-8,false,200,0,0,74,1,true
20,https://servicesartisans.fr/services/serrurier/boussy-saint-antoine,Serrurier à Boussy-Saint-Antoine — Devis Gratuit 2026 | ServicesArtisans,text/html; charset=utf-8,false,200,0,0,72,1,true
20,https://servicesartisans.fr/services/electricien/saint-pierre-du-mont,Électricien à Saint-Pierre-du-Mont : 11 Pros + Devis | ServicesArtisans,text/html; charset=utf-8,false,200,0,0,71,1,true
20,https://servicesartisans.fr/services/plombier/saint-pierre-en-faucigny,Plombier Saint-Pierre-en-Faucigny 2026 — Devis Gratuit | ServicesArtisans,text/html; charset=utf-8,false,200,0,0,73,1,true
20,https://servicesartisans.fr/questions/aide-anah-conditions,Aides de l'Anah : quelles conditions ? | ServicesArtisans | ServicesArtisans,text/html; charset=utf-8,false,200,0,0,76,1,true
20,https://servicesartisans.fr/services/chauffagiste/saint-remy-les-chevreuse,Chauffagiste à Saint-Rémy-lès-Chevreuse : 3 Pros + Devis | ServicesArtisans,text/html; charset=utf-8,false,200,0,0,75,1,true
20,https://servicesartisans.fr/services/chauffagiste/bailly-romainvilliers,Chauffagiste Bailly-Romainvilliers 2026 : 9 Artisans | ServicesArtisans,text/html; charset=utf-8,false,200,0,0,71,1,true
20,https://servicesartisans.fr/services/chauffagiste/champagne-au-mont-d-or,Chauffagiste Champagne-au-Mont-d'Or 2026 : 7 Artisans | ServicesArtisans,text/html; charset=utf-8,false,200,0,0,72,1,true
20,https://servicesartisans.fr/tarifs/salle-de-bain,Tarif salle de bain 2026 : combien ça coûte vraiment ? | ServicesArtisans,text/html; charset=utf-8,false,200,0,0,73,1,true
20,https://servicesartisans.fr/services/electricien/roquebrune-sur-argens,Électricien Roquebrune-sur-Argens 2026 — Devis Gratuit | ServicesArtisans,text/html; charset=utf-8,false,200,0,0,73,1,true
20,https://servicesartisans.fr/services/electricien/saint-julien-les-villas,Électricien à Saint-Julien-les-Villas — Devis Gratuit 2026 | ServicesArtisans,text/html; charset=utf-8,false,200,0,0,77,1,true
20,https://servicesartisans.fr/services/chauffagiste/gonfreville-l-orcher,Chauffagiste à Gonfreville-l'Orcher : 2 Pros + Devis | ServicesArtisans,text/html; charset=utf-8,false,200,0,0,71,1,true
20,https://servicesartisans.fr/services/electricien/le-relecq-kerhuon,Électricien à Le Relecq-Kerhuon — Devis Gratuit 2026 | ServicesArtisans,text/html; charset=utf-8,false,200,0,0,71,1,true
20,https://servicesartisans.fr/blog/tag/panne-de-courant,Panne de courant — Articles & Guides | ServicesArtisans | ServicesArtisans,text/html; charset=utf-8,false,200,0,0,74,1,true
20,https://servicesartisans.fr/services/chauffagiste/terrasson-lavilledieu,Chauffagiste à Terrasson-Lavilledieu — Devis Gratuit 2026 | ServicesArtisans,text/html; charset=utf-8,false,200,0,0,76,1,true
20,https://servicesartisans.fr/services/chauffagiste/saint-michel-sur-orge,Chauffagiste à Saint-Michel-sur-Orge : 6 Pros + Devis | ServicesArtisans,text/html; charset=utf-8,false,200,0,0,72,1,true
20,https://servicesartisans.fr/services/chauffagiste/vitry-le-francois,Chauffagiste à Vitry-le-François — Devis Gratuit 2026 | ServicesArtisans,text/html; charset=utf-8,false,200,0,0,72,1,true
20,https://servicesartisans.fr/questions/declaration-prealable-travaux-quand,Quand faut-il une déclaration préalable de travaux ? | ServicesArtisans | ServicesArtisans,text/html; charset=utf-8,false,200,0,0,90,1,true
20,https://servicesartisans.fr/services/chauffagiste/la-plaine-des-palmistes,Chauffagiste La Plaine-des-Palmistes 2026 — Devis Gratuit | ServicesArtisans,text/html; charset=utf-8,false,200,0,0,76,1,true
20,https://servicesartisans.fr/services/electricien/la-penne-sur-huveaune,Électricien La Penne-sur-Huveaune 2026 — Devis Gratuit | ServicesArtisans,text/html; charset=utf-8,false,200,0,0,73,1,true
20,https://servicesartisans.fr/services/serrurier/roquebrune-cap-martin,Serrurier Roquebrune-Cap-Martin 2026 — Devis Gratuit | ServicesArtisans,text/html; charset=utf-8,false,200,0,0,71,1,true
20,https://servicesartisans.fr/services/chauffagiste/les-sables-d-olonne,Chauffagiste à Les Sables-d'Olonne : 10 Pros + Devis | ServicesArtisans,text/html; charset=utf-8,false,200,0,0,71,1,true
20,https://servicesartisans.fr/services/chauffagiste/saint-andre-les-vergers,Chauffagiste Saint-André-les-Vergers (10) — Devis 2026 | ServicesArtisans,text/html; charset=utf-8,false,200,0,0,73,1,true
20,https://servicesartisans.fr/guides/renovation-energetique-complete,Rénovation Énergétique : Guide Complet pour Votre Maison | ServicesArtisans,text/html; charset=utf-8,false,200,0,0,75,1,true
20,https://servicesartisans.fr/blog/prix-chauffagiste-bordeaux-2026,Prix Chauffagiste Bordeaux 2026 — Tarifs et Devis Gratuit | ServicesArtisans,text/html; charset=utf-8,false,200,0,0,76,1,true
20,https://servicesartisans.fr/services/electricien/palavas-les-flots,Électricien à Palavas-les-Flots — Devis Gratuit 2026 | ServicesArtisans,text/html; charset=utf-8,false,200,0,0,71,1,true
20,https://servicesartisans.fr/services/chauffagiste/champagne-sur-seine,Chauffagiste Champagne-sur-Seine 2026 — Devis Gratuit | ServicesArtisans,text/html; charset=utf-8,false,200,0,0,72,1,true
20,https://servicesartisans.fr/comparaison/peinture-mate-vs-satinee-vs-brillante,Peinture mate vs satinée vs brillante : quelle finition choisir ? | ServicesArtisans,text/html; charset=utf-8,false,200,0,0,84,1,true
20,https://servicesartisans.fr/questions/dpe-obligatoire-vente-location,Le DPE est-il obligatoire pour vendre ou louer en 2026 ? | ServicesArtisans | ServicesArtisans,text/html; charset=utf-8,false,200,0,0,94,1,true
20,https://servicesartisans.fr/services/chauffagiste/les-pavillons-sous-bois,Chauffagiste Les Pavillons-sous-Bois 2026 : 39 Artisans | ServicesArtisans,text/html; charset=utf-8,false,200,0,0,74,1,true
20,https://servicesartisans.fr/services/chauffagiste/saint-cyr-sur-loire,Chauffagiste à Saint-Cyr-sur-Loire — Devis Gratuit 2026 | ServicesArtisans,text/html; charset=utf-8,false,200,0,0,74,1,true
20,https://servicesartisans.fr/services/chauffagiste/le-controis-en-sologne,Chauffagiste à Le Controis-en-Sologne — Devis Gratuit 2026 | ServicesArtisans,text/html; charset=utf-8,false,200,0,0,77,1,true
20,https://servicesartisans.fr/services/plombier/la-chapelle-d-armentieres,Plombier à La Chapelle-d'Armentières — Devis Gratuit 2026 | ServicesArtisans,text/html; charset=utf-8,false,200,0,0,76,1,true
20,https://servicesartisans.fr/services/chauffagiste/saint-barthelemy-d-anjou,Chauffagiste à Saint-Barthélemy-d'Anjou — Devis Gratuit… | ServicesArtisans,text/html; charset=utf-8,false,200,0,0,75,1,true
20,https://servicesartisans.fr/blog/aide-installation-borne-recharge-2026,Aides Borne de Recharge VE 2026 : Crédit d'Impôt — Guide 2026 | ServicesArtisans,text/html; charset=utf-8,false,200,0,0,80,1,true
20,https://servicesartisans.fr/blog/prix-plombier-toulouse-2026,Prix Plombier Toulouse 2026 — Tarifs et Devis Gratuit | ServicesArtisans,text/html; charset=utf-8,false,200,0,0,72,1,true
20,https://servicesartisans.fr/services/chauffagiste/le-chambon-feugerolles,Chauffagiste à Le Chambon-Feugerolles : 5 Pros + Devis | ServicesArtisans,text/html; charset=utf-8,false,200,0,0,73,1,true
20,https://servicesartisans.fr/services/electricien/saint-marcel-les-valence,Électricien Saint-Marcel-lès-Valence 2026 — Devis Gratuit | ServicesArtisans,text/html; charset=utf-8,false,200,0,0,76,1,true
20,https://servicesartisans.fr/questions/comment-choisir-chauffagiste,Comment choisir un chauffagiste ? | ServicesArtisans | ServicesArtisans,text/html; charset=utf-8,false,200,0,0,71,1,true
20,https://servicesartisans.fr/services/plombier/chateau-arnoux-saint-auban,Plombier Château-Arnoux-Saint-Auban 2026 : 4 Artisans | ServicesArtisans,text/html; charset=utf-8,false,200,0,0,72,1,true
20,https://servicesartisans.fr/services/electricien/saint-laurent-de-mure,Électricien Saint-Laurent-de-Mure 2026 : 12 Artisans | ServicesArtisans,text/html; charset=utf-8,false,200,0,0,71,1,true
20,https://servicesartisans.fr/services/chauffagiste/saint-jean-de-maurienne,Chauffagiste Saint-Jean-de-Maurienne 2026 : 3 Artisans | ServicesArtisans,text/html; charset=utf-8,false,200,0,0,73,1,true
20,https://servicesartisans.fr/services/electricien/jouars-pontchartrain,Électricien à Jouars-Pontchartrain : 11 Pros + Devis | ServicesArtisans,text/html; charset=utf-8,false,200,0,0,71,1,true
20,https://servicesartisans.fr/services/electricien/villeneuve-en-retz,Électricien à Villeneuve-en-Retz — Devis Gratuit 2026 | ServicesArtisans,text/html; charset=utf-8,false,200,0,0,72,1,true
20,https://servicesartisans.fr/blog/tag/assurance-travaux,assurance travaux — Articles & Guides | ServicesArtisans | ServicesArtisans,text/html; charset=utf-8,false,200,0,0,75,1,true
20,https://servicesartisans.fr/questions/que-faire-fuite-eau,Que faire en cas de fuite d'eau ? | ServicesArtisans | ServicesArtisans,text/html; charset=utf-8,false,200,0,0,71,1,true
20,https://servicesartisans.fr/services/electricien/villefranche-sur-mer,Électricien à Villefranche-sur-Mer — Devis Gratuit 2026 | ServicesArtisans,text/html; charset=utf-8,false,200,0,0,74,1,true
20,https://servicesartisans.fr/services/plombier/draguignan,4.9★ (77 avis) · Plombier à Draguignan : 86 Pros + Devis | ServicesArtisans,text/html; charset=utf-8,false,200,0,0,75,1,true
20,https://servicesartisans.fr/blog/tag/vehicule-electrique,Véhicule électrique — Articles & Guides | ServicesArtisans | ServicesArtisans,text/html; charset=utf-8,false,200,0,0,77,1,true
20,https://servicesartisans.fr/services/electricien/saint-maur-des-fosses,Électricien Saint-Maur-des-Fossés 2026 — Devis Gratuit | ServicesArtisans,text/html; charset=utf-8,false,200,0,0,73,1,true
20,https://servicesartisans.fr/services/chauffagiste/saint-julien-en-genevois,Chauffagiste Saint-Julien-en-Genevois 2026 — Devis Gratuit | ServicesArtisans,text/html; charset=utf-8,false,200,0,0,77,1,true
20,https://servicesartisans.fr/services/chauffagiste/saint-sebastien-sur-loire,Chauffagiste Saint-Sébastien-sur-Loire 2026 : 6 Artisans | ServicesArtisans,text/html; charset=utf-8,false,200,0,0,75,1,true
20,https://servicesartisans.fr/services/chauffagiste/illkirch-graffenstaden,Chauffagiste Illkirch-Graffenstaden (67) — Devis 2026 | ServicesArtisans,text/html; charset=utf-8,false,200,0,0,72,1,true
20,https://servicesartisans.fr/tarifs/chauffagiste,Tarif chauffagiste 2026 : combien ça coûte ? + Devis Gratuit | ServicesArtisans,text/html; charset=utf-8,false,200,0,0,79,1,true
20,https://servicesartisans.fr/services/electricien/saint-germain-les-arpajon,Électricien à Saint-Germain-lès-Arpajon — Devis Gratuit… | ServicesArtisans,text/html; charset=utf-8,false,200,0,0,75,1,true
20,https://servicesartisans.fr/services/plombier/nans-les-pins,4.9★ (77 avis) · Plombier Nans-les-Pins 2026 — Devis… | ServicesArtisans,text/html; charset=utf-8,false,200,0,0,72,1,true
20,https://servicesartisans.fr/services/electricien/port-jerome-sur-seine,Électricien à Port-Jérôme-sur-Seine — Devis Gratuit 2026 | ServicesArtisans,text/html; charset=utf-8,false,200,0,0,75,1,true
20,https://servicesartisans.fr/services/electricien/saint-etienne-du-rouvray,Électricien Saint-Étienne-du-Rouvray (76) — Devis 2026 | ServicesArtisans,text/html; charset=utf-8,false,200,0,0,73,1,true
20,https://servicesartisans.fr/services/electricien/saint-gilles-croix-de-vie,Électricien Saint-Gilles-Croix-de-Vie (85) — Devis 2026 | ServicesArtisans,text/html; charset=utf-8,false,200,0,0,74,1,true
20,https://servicesartisans.fr/blog/tag/qualite-d-air,Qualité d'air — Articles & Guides | ServicesArtisans | ServicesArtisans,text/html; charset=utf-8,false,200,0,0,71,1,true
20,https://servicesartisans.fr/questions/prime-coup-de-pouce-chauffage,C'est quoi la prime coup de pouce chauffage ? | ServicesArtisans | ServicesArtisans,text/html; charset=utf-8,false,200,0,0,83,1,true
20,https://servicesartisans.fr/comparaison/climatisation-split-vs-gainable-vs-monobloc,Climatisation split vs gainable vs monobloc : laquelle choisir ? | ServicesArtisans,text/html; charset=utf-8,false,200,0,0,83,1,true
20,https://servicesartisans.fr/services/chauffagiste/saint-die-des-vosges,Chauffagiste à Saint-Dié-des-Vosges : 14 Pros + Devis | ServicesArtisans,text/html; charset=utf-8,false,200,0,0,72,1,true
20,https://servicesartisans.fr/blog/tag/certifications,Certifications — Articles & Guides | ServicesArtisans | ServicesArtisans,text/html; charset=utf-8,false,200,0,0,72,1,true
20,https://servicesartisans.fr/comparaison/piscine-coque-vs-beton-vs-hors-sol,Piscine coque vs béton vs hors-sol : laquelle choisir ? | ServicesArtisans,text/html; charset=utf-8,false,200,0,0,74,1,true
20,https://servicesartisans.fr/questions/canalisation-bouchee-urgence,Canalisation bouchée en urgence : que faire ? | ServicesArtisans | ServicesArtisans,text/html; charset=utf-8,false,200,0,0,83,1,true
20,https://servicesartisans.fr/services/chauffagiste/saint-etienne-de-montluc,Chauffagiste à Saint-Étienne-de-Montluc — Devis Gratuit… | ServicesArtisans,text/html; charset=utf-8,false,200,0,0,75,1,true
20,https://servicesartisans.fr/services/chauffagiste/boulazac-isle-manoire,Chauffagiste Boulazac Isle Manoire 2026 : 9 Artisans | ServicesArtisans,text/html; charset=utf-8,false,200,0,0,71,1,true
20,https://servicesartisans.fr/services/serrurier/saint-sebastien-sur-loire,Serrurier Saint-Sébastien-sur-Loire (44) — Devis 2026 | ServicesArtisans,text/html; charset=utf-8,false,200,0,0,72,1,true
20,https://servicesartisans.fr/blog/tag/loire-atlantique,Loire-Atlantique — Articles & Guides | ServicesArtisans | ServicesArtisans,text/html; charset=utf-8,false,200,0,0,74,1,true
20,https://servicesartisans.fr/services/plombier/lagnieu,4.5★ (89 avis) · Plombier Lagnieu 2026 : 14 Artisans | ServicesArtisans,text/html; charset=utf-8,false,200,0,0,71,1,true
20,https://servicesartisans.fr/services/chauffagiste/verneuil-sur-seine,Chauffagiste à Verneuil-sur-Seine — Devis Gratuit 2026 | ServicesArtisans,text/html; charset=utf-8,false,200,0,0,73,1,true
20,https://servicesartisans.fr/services/electricien/breal-sous-montfort,Électricien Bréal-sous-Montfort 2026 — Devis Gratuit | ServicesArtisans,text/html; charset=utf-8,false,200,0,0,71,1,true
20,https://servicesartisans.fr/services/electricien/saint-leu-la-foret,Électricien à Saint-Leu-la-Forêt — Devis Gratuit 2026 | ServicesArtisans,text/html; charset=utf-8,false,200,0,0,72,1,true
20,https://servicesartisans.fr/services/electricien/bailly-romainvilliers,Électricien Bailly-Romainvilliers 2026 : 20 Artisans | ServicesArtisans,text/html; charset=utf-8,false,200,0,0,71,1,true
20,https://servicesartisans.fr/services/chauffagiste/saint-jean-de-vedas,Chauffagiste à Saint-Jean-de-Védas — Devis Gratuit 2026 | ServicesArtisans,text/html; charset=utf-8,false,200,0,0,74,1,true
20,https://servicesartisans.fr/blog/tag/budget-travaux,Budget travaux — Articles & Guides | ServicesArtisans | ServicesArtisans,text/html; charset=utf-8,false,200,0,0,72,1,true
20,https://servicesartisans.fr/services/electricien/villefranche-sur-saone,Électricien Villefranche-sur-Saône 2026 : 75 Artisans | ServicesArtisans,text/html; charset=utf-8,false,200,0,0,72,1,true
20,https://servicesartisans.fr/services/chauffagiste/saint-mitre-les-remparts,Chauffagiste à Saint-Mitre-les-Remparts : 4 Pros + Devis | ServicesArtisans,text/html; charset=utf-8,false,200,0,0,75,1,true
20,https://servicesartisans.fr/services/serrurier/saint-germain-les-arpajon,Serrurier à Saint-Germain-lès-Arpajon : 4 Pros + Devis | ServicesArtisans,text/html; charset=utf-8,false,200,0,0,73,1,true
20,https://servicesartisans.fr/services/electricien/montereau-fault-yonne,Électricien Montereau-Fault-Yonne 2026 : 54 Artisans | ServicesArtisans,text/html; charset=utf-8,false,200,0,0,71,1,true
20,https://servicesartisans.fr/tarifs/isolation-thermique,Quel est le tarif d'un isolation thermique en 2026 ?… | ServicesArtisans,text/html; charset=utf-8,false,200,0,0,72,1,true
20,https://servicesartisans.fr/comparaison/gouttiere-zinc-vs-alu-vs-pvc,Gouttière zinc vs aluminium vs PVC : laquelle choisir ? | ServicesArtisans,text/html; charset=utf-8,false,200,0,0,74,1,true
20,https://servicesartisans.fr/services/serrurier/saint-andre-lez-lille,Serrurier Saint-André-lez-Lille : Devis Gratuit 2026 | ServicesArtisans,text/html; charset=utf-8,false,200,0,0,71,1,true
20,https://servicesartisans.fr/services/plombier/saint-andre-les-vergers,Plombier à Saint-André-les-Vergers — Devis Gratuit 2026 | ServicesArtisans,text/html; charset=utf-8,false,200,0,0,74,1,true
20,https://servicesartisans.fr/blog/prix-plombier-strasbourg-2026,Prix Plombier Strasbourg 2026 — Tarifs et Devis Gratuit | ServicesArtisans,text/html; charset=utf-8,false,200,0,0,74,1,true
20,https://servicesartisans.fr/services/electricien/saint-didier-au-mont-d-or,Électricien Saint-Didier-au-Mont-d'Or (69) — Devis 2026 | ServicesArtisans,text/html; charset=utf-8,false,200,0,0,74,1,true
20,https://servicesartisans.fr/blog/tag/prix-par-departement,Prix par département — Articles & Guides | ServicesArtisans | ServicesArtisans,text/html; charset=utf-8,false,200,0,0,78,1,true
20,https://servicesartisans.fr/services/electricien/le-chesnay-rocquencourt,Électricien Le Chesnay-Rocquencourt 2026 : 15 Artisans | ServicesArtisans,text/html; charset=utf-8,false,200,0,0,73,1,true
20,https://servicesartisans.fr/tarifs/couvreur,Combien coûte un couvreur en 2026 ? Prix + Devis Gratuit | ServicesArtisans,text/html; charset=utf-8,false,200,0,0,75,1,true
20,https://servicesartisans.fr/services/electricien/chateauneuf-sur-loire,Électricien Châteauneuf-sur-Loire 2026 — Devis Gratuit | ServicesArtisans,text/html; charset=utf-8,false,200,0,0,73,1,true
20,https://servicesartisans.fr/services/plombier/cosne-cours-sur-loire,Plombier à Cosne-Cours-sur-Loire — Devis Gratuit 2026 | ServicesArtisans,text/html; charset=utf-8,false,200,0,0,72,1,true
20,https://servicesartisans.fr/questions/difference-artisan-entreprise,Quelle est la différence entre un artisan et une entreprise de travaux ? | ServicesArtisans | ServicesArtisans,text/html; charset=utf-8,false,200,0,0,110,1,true
20,https://servicesartisans.fr/services/serrurier/brunstatt-didenheim,Serrurier à Brunstatt-Didenheim — Devis Gratuit 2026 | ServicesArtisans,text/html; charset=utf-8,false,200,0,0,71,1,true
20,https://servicesartisans.fr/services/plombier/cavalaire-sur-mer,4.9★ (77 avis) · Plombier à Cavalaire-sur-Mer : 18 Pros… | ServicesArtisans,text/html; charset=utf-8,false,200,0,0,75,1,true
20,https://servicesartisans.fr/services/serrurier/saint-priest-en-jarez,Serrurier à Saint-Priest-en-Jarez — Devis Gratuit 2026 | ServicesArtisans,text/html; charset=utf-8,false,200,0,0,73,1,true
20,https://servicesartisans.fr/services/plombier/verneuil-d-avre-et-d-iton,Plombier Verneuil d'Avre et d'Iton (27) — Devis 2026 | ServicesArtisans,text/html; charset=utf-8,false,200,0,0,71,1,true
20,https://servicesartisans.fr/services/electricien/canet-en-roussillon,Électricien à Canet-en-Roussillon — Devis Gratuit 2026 | ServicesArtisans,text/html; charset=utf-8,false,200,0,0,73,1,true
20,https://servicesartisans.fr/blog/prix-serrurier-marseille-2026,Prix Serrurier Marseille 2026 — Tarifs et Devis Gratuit | ServicesArtisans,text/html; charset=utf-8,false,200,0,0,74,1,true
20,https://servicesartisans.fr/services/serrurier/saint-jacques-de-la-lande,Serrurier Saint-Jacques-de-la-Lande (35) — Devis 2026 | ServicesArtisans,text/html; charset=utf-8,false,200,0,0,72,1,true
20,https://servicesartisans.fr/services/chauffagiste/montigny-les-cormeilles,Chauffagiste Montigny-lès-Cormeilles 2026 — Devis Gratuit | ServicesArtisans,text/html; charset=utf-8,false,200,0,0,76,1,true
20,https://servicesartisans.fr/services/chauffagiste/octeville-sur-mer,Chauffagiste à Octeville-sur-Mer — Devis Gratuit 2026 | ServicesArtisans,text/html; charset=utf-8,false,200,0,0,72,1,true
20,https://servicesartisans.fr/services/chauffagiste/saint-medard-en-jalles,Chauffagiste à Saint-Médard-en-Jalles : 15 Pros + Devis | ServicesArtisans,text/html; charset=utf-8,false,200,0,0,74,1,true
20,https://servicesartisans.fr/guides/renovation-salle-de-bain,"Rénovation Salle de Bain : Étapes, Prix et Conseils 2026 | ServicesArtisans",text/html; charset=utf-8,false,200,0,0,75,1,true
20,https://servicesartisans.fr/services/plombier/l-isle-sur-la-sorgue,Plombier à L'Isle-sur-la-Sorgue — Devis Gratuit 2026 | ServicesArtisans,text/html; charset=utf-8,false,200,0,0,71,1,true
20,https://servicesartisans.fr/questions/prix-peinture-m2-maison,Quel est le prix de la peinture au m² en 2026 ? | ServicesArtisans | ServicesArtisans,text/html; charset=utf-8,false,200,0,0,85,1,true
20,https://servicesartisans.fr/services/electricien/sainte-genevieve-des-bois,Électricien à Sainte-Geneviève-des-Bois — Devis Gratuit… | ServicesArtisans,text/html; charset=utf-8,false,200,0,0,75,1,true
20,https://servicesartisans.fr/services/plombier/herouville-saint-clair,Plombier à Hérouville-Saint-Clair — Devis Gratuit 2026 | ServicesArtisans,text/html; charset=utf-8,false,200,0,0,73,1,true
20,https://servicesartisans.fr/blog/tag/bois-composite,Bois composite — Articles & Guides | ServicesArtisans | ServicesArtisans,text/html; charset=utf-8,false,200,0,0,72,1,true
20,https://servicesartisans.fr/services/plombier/jarville-la-malgrange,Plombier à Jarville-la-Malgrange — Devis Gratuit 2026 | ServicesArtisans,text/html; charset=utf-8,false,200,0,0,72,1,true
20,https://servicesartisans.fr/tarifs/ascensoriste,Prix Ascensoriste 2026 : combien prévoir ? 15000–50000€ | ServicesArtisans,text/html; charset=utf-8,false,200,0,0,74,1,true
20,https://servicesartisans.fr/services/chauffagiste/bruay-la-buissiere,Chauffagiste à Bruay-la-Buissière — Devis Gratuit 2026 | ServicesArtisans,text/html; charset=utf-8,false,200,0,0,73,1,true
20,https://servicesartisans.fr/blog/tag/assainissement,Assainissement — Articles & Guides | ServicesArtisans | ServicesArtisans,text/html; charset=utf-8,false,200,0,0,72,1,true
20,https://servicesartisans.fr/services/serrurier/la-salvetat-saint-gilles,Serrurier à La Salvetat-Saint-Gilles — Artisans 2026 | ServicesArtisans,text/html; charset=utf-8,false,200,0,0,71,1,true
20,https://servicesartisans.fr/services/serrurier/verneuil-d-avre-et-d-iton,Serrurier Verneuil d'Avre et d'Iton 2026 : 1 Artisans | ServicesArtisans,text/html; charset=utf-8,false,200,0,0,72,1,true
20,https://servicesartisans.fr/services/plombier/bellerive-sur-allier,Plombier à Bellerive-sur-Allier — Devis Gratuit 2026 | ServicesArtisans,text/html; charset=utf-8,false,200,0,0,71,1,true
20,https://servicesartisans.fr/services/plombier/teteghem-coudekerque-village,Plombier à Téteghem-Coudekerque-Village — Devis Gratuit… | ServicesArtisans,text/html; charset=utf-8,false,200,0,0,75,1,true
20,https://servicesartisans.fr/questions/verifier-fiabilite-artisan,Comment vérifier qu'un artisan est fiable ? | ServicesArtisans | ServicesArtisans,text/html; charset=utf-8,false,200,0,0,81,1,true
20,https://servicesartisans.fr/services/electricien/cherbourg-en-cotentin,Électricien Cherbourg-en-Cotentin 2026 : 41 Artisans | ServicesArtisans,text/html; charset=utf-8,false,200,0,0,71,1,true
