"﻿""PR""",URL,Title,Content type,Is rendered page,HTTP status code,Organic traffic,Is valid Open graph,Open graph attributes,Open graph values,Depth,Is indexable page,No. of all inlinks
28,https://servicesartisans.fr/questions/prix-pose-carrelage-m2,Quel est le prix de la pose de carrelage au m² ? | ServicesArtisans | ServicesArtisans,text/html; charset=utf-8,false,200,1,false,og:typeog:urlog:descriptionog:title,"articlehttps://servicesartisans.fr/questions/prix-pose-carrelage-m2La pose de carrelage coûte entre 30 et 70 € par m² pour la main-d'œuvre seule, hors fourniture. Le carrelage varie de 15 à 100 €/m². Au total, comptez 50 à 150 €/m² pose et fourniture comprises.Quel est le prix de la pose de carrelage au m² ? | ServicesArtisans",0,true,0
20,https://servicesartisans.fr/blog/tag/securite,Sécurité — Articles & Guides | ServicesArtisans | ServicesArtisans,text/html; charset=utf-8,false,200,0,false,og:typeog:localeog:urlog:descriptionog:title,"websitefr_FRhttps://servicesartisans.fr/blog/tag/securiteTous les articles sur sécurité : conseils, prix, réglementation et guides pratiques par les experts ServicesArtisans.Sécurité — Articles & Guides | ServicesArtisans",0,true,0
20,https://servicesartisans.fr/blog/tag/mur,Mur — Articles & Guides | ServicesArtisans | ServicesArtisans,text/html; charset=utf-8,false,200,0,false,og:typeog:localeog:urlog:descriptionog:title,"websitefr_FRhttps://servicesartisans.fr/blog/tag/murTous les articles sur mur : conseils, prix, réglementation et guides pratiques par les experts ServicesArtisans.Mur — Articles & Guides | ServicesArtisans",0,true,0
20,https://servicesartisans.fr/blog/tag/jardinier,Jardinier — Articles & Guides | ServicesArtisans | ServicesArtisans,text/html; charset=utf-8,false,200,0,false,og:typeog:localeog:urlog:descriptionog:title,"websitefr_FRhttps://servicesartisans.fr/blog/tag/jardinierTous les articles sur jardinier : conseils, prix, réglementation et guides pratiques par les experts ServicesArtisans.Jardinier — Articles & Guides | ServicesArtisans",0,true,0
20,https://servicesartisans.fr/questions/peindre-soi-meme-conseils,Comment bien peindre soi-même un mur ? | ServicesArtisans | ServicesArtisans,text/html; charset=utf-8,false,200,0,false,og:typeog:urlog:descriptionog:title,"articlehttps://servicesartisans.fr/questions/peindre-soi-meme-conseilsPréparez le support (lessivage, ponçage, rebouchage), protégez le sol et les meubles, appliquez une sous-couche puis 2 couches de peinture au rouleau. Peignez en croisant les passes et en lissant de haut en bas.Comment bien peindre soi-même un mur ? | ServicesArtisans",0,true,0
20,https://servicesartisans.fr/blog/tag/preparation,préparation — Articles & Guides | ServicesArtisans | ServicesArtisans,text/html; charset=utf-8,false,200,0,false,og:typeog:localeog:urlog:descriptionog:title,"websitefr_FRhttps://servicesartisans.fr/blog/tag/preparationTous les articles sur préparation : conseils, prix, réglementation et guides pratiques par les experts ServicesArtisans.préparation — Articles & Guides | ServicesArtisans",0,true,0
20,https://servicesartisans.fr/questions/prix-cuisine-equipee-pose,Quel budget pour une cuisine équipée avec pose ? | ServicesArtisans | ServicesArtisans,text/html; charset=utf-8,false,200,0,false,og:typeog:urlog:descriptionog:title,"articlehttps://servicesartisans.fr/questions/prix-cuisine-equipee-poseUne cuisine équipée avec pose coûte entre 5 000 et 12 000 € en entrée de gamme, 12 000 à 25 000 € en milieu de gamme et 25 000 à 50 000 € en haut de gamme. La pose représente 15 à 25 % du budget total.Quel budget pour une cuisine équipée avec pose ? | ServicesArtisans",0,true,0
20,https://servicesartisans.fr/blog/categorie/aides-subventions,Aides Rénovation 2026 : jusqu'à 70% financés | ServicesArtisans,text/html; charset=utf-8,false,200,0,false,og:typeog:localeog:urlog:descriptionog:title,"websitefr_FRhttps://servicesartisans.fr/blog/categorie/aides-subventionsToutes les aides rénovation 2026 : MaPrimeRénov' jusqu'à 40 000€, CEE, éco-PTZ 50 000€, TVA 5,5%. Comment les cumuler.Aides Rénovation 2026 : jusqu'à 70% financés",0,true,0
20,https://servicesartisans.fr/blog/tag/energie-renouvelable,énergie renouvelable — Articles & Guides | ServicesArtisans | ServicesArtisans,text/html; charset=utf-8,false,200,0,false,og:typeog:localeog:urlog:descriptionog:title,"websitefr_FRhttps://servicesartisans.fr/blog/tag/energie-renouvelableTous les articles sur énergie renouvelable : conseils, prix, réglementation et guides pratiques par les experts ServicesArtisans.énergie renouvelable — Articles & Guides | ServicesArtisans",0,true,0
20,https://servicesartisans.fr/garantie,Garantie ServicesArtisans — Notre engagement qualité | ServicesArtisans,text/html; charset=utf-8,false,200,0,false,og:site_nameog:urlog:descriptionog:title,"ServicesArtisanshttps://servicesartisans.fr/garantieArtisans vérifiés, devis gratuits et sans engagement, données protégées.Garantie ServicesArtisans — Notre engagement qualité",0,true,0
20,https://servicesartisans.fr/blog/tag/siret,SIRET — Articles & Guides | ServicesArtisans | ServicesArtisans,text/html; charset=utf-8,false,200,0,false,og:typeog:localeog:urlog:descriptionog:title,"websitefr_FRhttps://servicesartisans.fr/blog/tag/siretTous les articles sur siret : conseils, prix, réglementation et guides pratiques par les experts ServicesArtisans.SIRET — Articles & Guides | ServicesArtisans",0,true,0
20,https://servicesartisans.fr/blog/tag/design,Design — Articles & Guides | ServicesArtisans | ServicesArtisans,text/html; charset=utf-8,false,200,0,false,og:typeog:localeog:urlog:descriptionog:title,"websitefr_FRhttps://servicesartisans.fr/blog/tag/designTous les articles sur design : conseils, prix, réglementation et guides pratiques par les experts ServicesArtisans.Design — Articles & Guides | ServicesArtisans",0,true,0
20,https://servicesartisans.fr/blog/tag/robinet,robinet — Articles & Guides | ServicesArtisans | ServicesArtisans,text/html; charset=utf-8,false,200,0,false,og:typeog:localeog:urlog:descriptionog:title,"websitefr_FRhttps://servicesartisans.fr/blog/tag/robinetTous les articles sur robinet : conseils, prix, réglementation et guides pratiques par les experts ServicesArtisans.robinet — Articles & Guides | ServicesArtisans",0,true,0
20,https://servicesartisans.fr/questions/deboucher-canalisation-astuces,Comment déboucher une canalisation naturellement ? | ServicesArtisans | ServicesArtisans,text/html; charset=utf-8,false,200,0,false,og:typeog:urlog:descriptionog:title,"articlehttps://servicesartisans.fr/questions/deboucher-canalisation-astucesVersez 6 cuillères à soupe de bicarbonate de soude et 25 cl de vinaigre blanc dans la canalisation, laissez agir 30 minutes puis rincez à l'eau bouillante. En cas de bouchon tenace, utilisez une ventouse ou un furet manuel.Comment déboucher une canalisation naturellement ? | ServicesArtisans",0,true,0
20,https://servicesartisans.fr/blog/tag/sol,sol — Articles & Guides | ServicesArtisans | ServicesArtisans,text/html; charset=utf-8,false,200,0,false,og:typeog:localeog:urlog:descriptionog:title,"websitefr_FRhttps://servicesartisans.fr/blog/tag/solTous les articles sur sol : conseils, prix, réglementation et guides pratiques par les experts ServicesArtisans.sol — Articles & Guides | ServicesArtisans",0,true,0
20,https://servicesartisans.fr/blog/tag/fibre-optique,Fibre optique — Articles & Guides | ServicesArtisans | ServicesArtisans,text/html; charset=utf-8,false,200,0,false,og:typeog:localeog:urlog:descriptionog:title,"websitefr_FRhttps://servicesartisans.fr/blog/tag/fibre-optiqueTous les articles sur fibre optique : conseils, prix, réglementation et guides pratiques par les experts ServicesArtisans.Fibre optique — Articles & Guides | ServicesArtisans",0,true,0
20,https://servicesartisans.fr/blog/tag/ballon,ballon — Articles & Guides | ServicesArtisans | ServicesArtisans,text/html; charset=utf-8,false,200,0,false,og:typeog:localeog:urlog:descriptionog:title,"websitefr_FRhttps://servicesartisans.fr/blog/tag/ballonTous les articles sur ballon : conseils, prix, réglementation et guides pratiques par les experts ServicesArtisans.ballon — Articles & Guides | ServicesArtisans",0,true,0
20,https://servicesartisans.fr/questions/prix-peinture-appartement,Quel est le prix pour peindre un appartement ? | ServicesArtisans | ServicesArtisans,text/html; charset=utf-8,false,200,0,false,og:typeog:urlog:descriptionog:title,"articlehttps://servicesartisans.fr/questions/prix-peinture-appartementPeindre un appartement coûte en moyenne 20 à 40 € par m² de surface murale (murs + plafonds). Pour un appartement de 60 m² au sol, comptez 3 000 à 6 000 € tout compris avec un peintre professionnel.Quel est le prix pour peindre un appartement ? | ServicesArtisans",0,true,0
20,https://servicesartisans.fr/blog/tag/design-interieur,design intérieur — Articles & Guides | ServicesArtisans | ServicesArtisans,text/html; charset=utf-8,false,200,0,false,og:typeog:localeog:urlog:descriptionog:title,"websitefr_FRhttps://servicesartisans.fr/blog/tag/design-interieurTous les articles sur design intérieur : conseils, prix, réglementation et guides pratiques par les experts ServicesArtisans.design intérieur — Articles & Guides | ServicesArtisans",0,true,0
20,https://servicesartisans.fr/blog/tag/paysagisme,Paysagisme — Articles & Guides | ServicesArtisans | ServicesArtisans,text/html; charset=utf-8,false,200,0,false,og:typeog:localeog:urlog:descriptionog:title,"websitefr_FRhttps://servicesartisans.fr/blog/tag/paysagismeTous les articles sur paysagisme : conseils, prix, réglementation et guides pratiques par les experts ServicesArtisans.Paysagisme — Articles & Guides | ServicesArtisans",0,true,0
20,https://servicesartisans.fr/glossaire,Glossaire du bâtiment — 150+ termes expliqués simplement | ServicesArtisans,text/html; charset=utf-8,false,200,0,false,og:typeog:site_nameog:urlog:descriptionog:title,websiteServicesArtisanshttps://servicesartisans.fr/glossaireTous les termes techniques du bâtiment expliqués simplement. Comprenez les devis de vos artisans et prenez les bonnes décisions pour vos travaux.Glossaire du bâtiment — 150+ termes expliqués,0,true,0
20,https://servicesartisans.fr/blog/tag/maintenance,Maintenance — Articles & Guides | ServicesArtisans | ServicesArtisans,text/html; charset=utf-8,false,200,0,false,og:typeog:localeog:urlog:descriptionog:title,"websitefr_FRhttps://servicesartisans.fr/blog/tag/maintenanceTous les articles sur maintenance : conseils, prix, réglementation et guides pratiques par les experts ServicesArtisans.Maintenance — Articles & Guides | ServicesArtisans",0,true,0
20,https://servicesartisans.fr/blog/tag/prix-horaire,Prix horaire — Articles & Guides | ServicesArtisans | ServicesArtisans,text/html; charset=utf-8,false,200,0,false,og:typeog:localeog:urlog:descriptionog:title,"websitefr_FRhttps://servicesartisans.fr/blog/tag/prix-horaireTous les articles sur prix horaire : conseils, prix, réglementation et guides pratiques par les experts ServicesArtisans.Prix horaire — Articles & Guides | ServicesArtisans",0,true,0
20,https://servicesartisans.fr/blog/categorie/energie,Énergie & Isolation 2026 : économisez 40 à 60% | ServicesArtisans,text/html; charset=utf-8,false,200,0,false,og:typeog:localeog:urlog:descriptionog:title,"websitefr_FRhttps://servicesartisans.fr/blog/categorie/energieRéduisez votre facture énergie de 40 à 60% : isolation, PAC, panneaux solaires, VMC. Guides comparatifs et aides 2026.Énergie & Isolation 2026 : économisez 40 à 60%",0,true,0
20,https://servicesartisans.fr/blog/tag/plombier,Plombier — Articles & Guides | ServicesArtisans | ServicesArtisans,text/html; charset=utf-8,false,200,0,false,og:typeog:localeog:urlog:descriptionog:title,"websitefr_FRhttps://servicesartisans.fr/blog/tag/plombierTous les articles sur plombier : conseils, prix, réglementation et guides pratiques par les experts ServicesArtisans.Plombier — Articles & Guides | ServicesArtisans",0,true,0
20,https://servicesartisans.fr/questions/prix-renovation-maison-m2,Quel est le prix de rénovation d'une maison au m² ? | ServicesArtisans | ServicesArtisans,text/html; charset=utf-8,false,200,0,false,og:typeog:urlog:descriptionog:title,"articlehttps://servicesartisans.fr/questions/prix-renovation-maison-m2Le prix de rénovation d'une maison varie de 250 à 600 €/m² pour un rafraîchissement, 600 à 1 200 €/m² pour une rénovation complète et 1 200 à 2 000 €/m² pour une rénovation lourde avec restructuration.Quel est le prix de rénovation d'une maison au m² ? | ServicesArtisans",0,true,0
20,https://servicesartisans.fr/blog/tag/desinsectisation,Désinsectisation — Articles & Guides | ServicesArtisans | ServicesArtisans,text/html; charset=utf-8,false,200,0,false,og:typeog:localeog:urlog:descriptionog:title,"websitefr_FRhttps://servicesartisans.fr/blog/tag/desinsectisationTous les articles sur désinsectisation : conseils, prix, réglementation et guides pratiques par les experts ServicesArtisans.Désinsectisation — Articles & Guides | ServicesArtisans",0,true,0
20,https://servicesartisans.fr/blog/tag/clauses,Clauses — Articles & Guides | ServicesArtisans | ServicesArtisans,text/html; charset=utf-8,false,200,0,false,og:typeog:localeog:urlog:descriptionog:title,"websitefr_FRhttps://servicesartisans.fr/blog/tag/clausesTous les articles sur clauses : conseils, prix, réglementation et guides pratiques par les experts ServicesArtisans.Clauses — Articles & Guides | ServicesArtisans",0,true,0
20,https://servicesartisans.fr/blog/tag/traitement-eau,traitement eau — Articles & Guides | ServicesArtisans | ServicesArtisans,text/html; charset=utf-8,false,200,0,false,og:typeog:localeog:urlog:descriptionog:title,"websitefr_FRhttps://servicesartisans.fr/blog/tag/traitement-eauTous les articles sur traitement eau : conseils, prix, réglementation et guides pratiques par les experts ServicesArtisans.traitement eau — Articles & Guides | ServicesArtisans",0,true,0
20,https://servicesartisans.fr/blog/tag/serrurerie,Serrurerie — Articles & Guides | ServicesArtisans | ServicesArtisans,text/html; charset=utf-8,false,200,0,false,og:typeog:localeog:urlog:descriptionog:title,"websitefr_FRhttps://servicesartisans.fr/blog/tag/serrurerieTous les articles sur serrurerie : conseils, prix, réglementation et guides pratiques par les experts ServicesArtisans.Serrurerie — Articles & Guides | ServicesArtisans",0,true,0
20,https://servicesartisans.fr/blog/tag/peintre,Peintre — Articles & Guides | ServicesArtisans | ServicesArtisans,text/html; charset=utf-8,false,200,0,false,og:typeog:localeog:urlog:descriptionog:title,"websitefr_FRhttps://servicesartisans.fr/blog/tag/peintreTous les articles sur peintre : conseils, prix, réglementation et guides pratiques par les experts ServicesArtisans.Peintre — Articles & Guides | ServicesArtisans",0,true,0
20,https://servicesartisans.fr/blog/tag/copropriete,Copropriété — Articles & Guides | ServicesArtisans | ServicesArtisans,text/html; charset=utf-8,false,200,0,false,og:typeog:localeog:urlog:descriptionog:title,"websitefr_FRhttps://servicesartisans.fr/blog/tag/coproprieteTous les articles sur copropriété : conseils, prix, réglementation et guides pratiques par les experts ServicesArtisans.Copropriété — Articles & Guides | ServicesArtisans",0,true,0
20,https://servicesartisans.fr/blog/tag/normes-electricite,normes électricité — Articles & Guides | ServicesArtisans | ServicesArtisans,text/html; charset=utf-8,false,200,0,false,og:typeog:localeog:urlog:descriptionog:title,"websitefr_FRhttps://servicesartisans.fr/blog/tag/normes-electriciteTous les articles sur normes électricité : conseils, prix, réglementation et guides pratiques par les experts ServicesArtisans.normes électricité — Articles & Guides | ServicesArtisans",0,true,0
20,https://servicesartisans.fr/blog/tag/nouvelle-aquitaine,Nouvelle-Aquitaine — Articles & Guides | ServicesArtisans | ServicesArtisans,text/html; charset=utf-8,false,200,0,false,og:typeog:localeog:urlog:descriptionog:title,"websitefr_FRhttps://servicesartisans.fr/blog/tag/nouvelle-aquitaineTous les articles sur nouvelle-aquitaine : conseils, prix, réglementation et guides pratiques par les experts ServicesArtisans.Nouvelle-Aquitaine — Articles & Guides | ServicesArtisans",0,true,0
20,https://servicesartisans.fr/questions/recours-malfacon-artisan,Quel recours en cas de malfaçon par un artisan ? | ServicesArtisans | ServicesArtisans,text/html; charset=utf-8,false,200,0,false,og:typeog:urlog:descriptionog:title,"articlehttps://servicesartisans.fr/questions/recours-malfacon-artisanEn cas de malfaçon, envoyez une mise en demeure par LRAR à l'artisan, puis saisissez son assurance décennale. Si le litige persiste, vous pouvez recourir à la médiation de la consommation (gratuite) ou saisir le tribunal judiciaire. Le délai de prescription est de 10 ans pour les désordres décennaux.Quel recours en cas de malfaçon par un artisan ? | ServicesArtisans",0,true,0
20,https://servicesartisans.fr/questions/installer-borne-recharge-soi-meme,Peut-on installer une borne de recharge soi-même ? | ServicesArtisans | ServicesArtisans,text/html; charset=utf-8,false,200,0,false,og:typeog:urlog:descriptionog:title,"articlehttps://servicesartisans.fr/questions/installer-borne-recharge-soi-memeNon, l'installation d'une borne de recharge de plus de 3,7 kW doit obligatoirement être réalisée par un électricien qualifié IRVE (Infrastructure de Recharge pour Véhicule Électrique). Seule une prise renforcée peut être installée soi-même.Peut-on installer une borne de recharge soi-même ? | ServicesArtisans",0,true,0
20,https://servicesartisans.fr/blog/tag/pisciniste,Pisciniste — Articles & Guides | ServicesArtisans | ServicesArtisans,text/html; charset=utf-8,false,200,0,false,og:typeog:localeog:urlog:descriptionog:title,"websitefr_FRhttps://servicesartisans.fr/blog/tag/piscinisteTous les articles sur pisciniste : conseils, prix, réglementation et guides pratiques par les experts ServicesArtisans.Pisciniste — Articles & Guides | ServicesArtisans",0,true,0
20,https://servicesartisans.fr/blog/tag/tarifs-artisans,Tarifs artisans — Articles & Guides | ServicesArtisans | ServicesArtisans,text/html; charset=utf-8,false,200,0,false,og:typeog:localeog:urlog:descriptionog:title,"websitefr_FRhttps://servicesartisans.fr/blog/tag/tarifs-artisansTous les articles sur tarifs artisans : conseils, prix, réglementation et guides pratiques par les experts ServicesArtisans.Tarifs artisans — Articles & Guides | ServicesArtisans",0,true,0
20,https://servicesartisans.fr/blog/tag/joint,joint — Articles & Guides | ServicesArtisans | ServicesArtisans,text/html; charset=utf-8,false,200,0,false,og:typeog:localeog:urlog:descriptionog:title,"websitefr_FRhttps://servicesartisans.fr/blog/tag/jointTous les articles sur joint : conseils, prix, réglementation et guides pratiques par les experts ServicesArtisans.joint — Articles & Guides | ServicesArtisans",0,true,0
20,https://servicesartisans.fr/blog/tag/maprimerenov,MaPrimeRénov — Articles & Guides | ServicesArtisans | ServicesArtisans,text/html; charset=utf-8,false,200,0,false,og:typeog:localeog:urlog:descriptionog:title,"websitefr_FRhttps://servicesartisans.fr/blog/tag/maprimerenovTous les articles sur maprimerénov : conseils, prix, réglementation et guides pratiques par les experts ServicesArtisans.MaPrimeRénov — Articles & Guides | ServicesArtisans",0,true,0
20,https://servicesartisans.fr/leads-exclusifs-vs-partages,Leads exclusifs vs leads partagés : comparatif pour artisans du bâtiment | ServicesArtisans,text/html; charset=utf-8,false,200,0,false,og:typeog:localeog:site_nameog:urlog:descriptionog:title,"articlefr_FRServicesArtisanshttps://servicesartisans.fr/leads-exclusifs-vs-partagesQuel modèle de leads est le plus rentable pour un artisan du bâtiment ? Chiffres, retours terrain et analyse.Leads exclusifs vs leads partagés : le vrai comparatif artisan",0,true,0
20,https://servicesartisans.fr/blog/tag/protection-solaire,Protection solaire — Articles & Guides | ServicesArtisans | ServicesArtisans,text/html; charset=utf-8,false,200,0,false,og:typeog:localeog:urlog:descriptionog:title,"websitefr_FRhttps://servicesartisans.fr/blog/tag/protection-solaireTous les articles sur protection solaire : conseils, prix, réglementation et guides pratiques par les experts ServicesArtisans.Protection solaire — Articles & Guides | ServicesArtisans",0,true,0
20,https://servicesartisans.fr/blog/tag/pvc,PVC — Articles & Guides | ServicesArtisans | ServicesArtisans,text/html; charset=utf-8,false,200,0,false,og:typeog:localeog:urlog:descriptionog:title,"websitefr_FRhttps://servicesartisans.fr/blog/tag/pvcTous les articles sur pvc : conseils, prix, réglementation et guides pratiques par les experts ServicesArtisans.PVC — Articles & Guides | ServicesArtisans",0,true,0
20,https://servicesartisans.fr/blog/tag/interdiction-location,Interdiction location — Articles & Guides | ServicesArtisans | ServicesArtisans,text/html; charset=utf-8,false,200,0,false,og:typeog:localeog:urlog:descriptionog:title,"websitefr_FRhttps://servicesartisans.fr/blog/tag/interdiction-locationTous les articles sur interdiction location : conseils, prix, réglementation et guides pratiques par les experts ServicesArtisans.Interdiction location — Articles & Guides | ServicesArtisans",0,true,0
20,https://servicesartisans.fr/blog/tag/plus-value-immobiliere,plus-value immobilière — Articles & Guides | ServicesArtisans | ServicesArtisans,text/html; charset=utf-8,false,200,0,false,og:typeog:localeog:urlog:descriptionog:title,"websitefr_FRhttps://servicesartisans.fr/blog/tag/plus-value-immobiliereTous les articles sur plus-value immobilière : conseils, prix, réglementation et guides pratiques par les experts ServicesArtisans.plus-value immobilière — Articles & Guides | ServicesArtisans",0,true,0
20,https://servicesartisans.fr/blog/tag/arbres,arbres — Articles & Guides | ServicesArtisans | ServicesArtisans,text/html; charset=utf-8,false,200,0,false,og:typeog:localeog:urlog:descriptionog:title,"websitefr_FRhttps://servicesartisans.fr/blog/tag/arbresTous les articles sur arbres : conseils, prix, réglementation et guides pratiques par les experts ServicesArtisans.arbres — Articles & Guides | ServicesArtisans",0,true,0
20,https://servicesartisans.fr/blog/tag/factures-energie,Factures énergie — Articles & Guides | ServicesArtisans | ServicesArtisans,text/html; charset=utf-8,false,200,0,false,og:typeog:localeog:urlog:descriptionog:title,"websitefr_FRhttps://servicesartisans.fr/blog/tag/factures-energieTous les articles sur factures énergie : conseils, prix, réglementation et guides pratiques par les experts ServicesArtisans.Factures énergie — Articles & Guides | ServicesArtisans",0,true,0
20,https://servicesartisans.fr/blog/tag/reglementation,réglementation — Articles & Guides | ServicesArtisans | ServicesArtisans,text/html; charset=utf-8,false,200,0,false,og:typeog:localeog:urlog:descriptionog:title,"websitefr_FRhttps://servicesartisans.fr/blog/tag/reglementationTous les articles sur réglementation : conseils, prix, réglementation et guides pratiques par les experts ServicesArtisans.réglementation — Articles & Guides | ServicesArtisans",0,true,0
20,https://servicesartisans.fr/blog/tag/ravalement,Ravalement — Articles & Guides | ServicesArtisans | ServicesArtisans,text/html; charset=utf-8,false,200,0,false,og:typeog:localeog:urlog:descriptionog:title,"websitefr_FRhttps://servicesartisans.fr/blog/tag/ravalementTous les articles sur ravalement : conseils, prix, réglementation et guides pratiques par les experts ServicesArtisans.Ravalement — Articles & Guides | ServicesArtisans",0,true,0
20,https://servicesartisans.fr/blog/tag/cheminee,cheminée — Articles & Guides | ServicesArtisans | ServicesArtisans,text/html; charset=utf-8,false,200,0,false,og:typeog:localeog:urlog:descriptionog:title,"websitefr_FRhttps://servicesartisans.fr/blog/tag/chemineeTous les articles sur cheminée : conseils, prix, réglementation et guides pratiques par les experts ServicesArtisans.cheminée — Articles & Guides | ServicesArtisans",0,true,0
20,https://servicesartisans.fr/blog/tag/menuiserie,menuiserie — Articles & Guides | ServicesArtisans | ServicesArtisans,text/html; charset=utf-8,false,200,0,false,og:typeog:localeog:urlog:descriptionog:title,"websitefr_FRhttps://servicesartisans.fr/blog/tag/menuiserieTous les articles sur menuiserie : conseils, prix, réglementation et guides pratiques par les experts ServicesArtisans.menuiserie — Articles & Guides | ServicesArtisans",0,true,0
20,https://servicesartisans.fr/blog/tag/motorisation,Motorisation — Articles & Guides | ServicesArtisans | ServicesArtisans,text/html; charset=utf-8,false,200,0,false,og:typeog:localeog:urlog:descriptionog:title,"websitefr_FRhttps://servicesartisans.fr/blog/tag/motorisationTous les articles sur motorisation : conseils, prix, réglementation et guides pratiques par les experts ServicesArtisans.Motorisation — Articles & Guides | ServicesArtisans",0,true,0
20,https://servicesartisans.fr/blog/tag/bebe,Bébé — Articles & Guides | ServicesArtisans | ServicesArtisans,text/html; charset=utf-8,false,200,0,false,og:typeog:localeog:urlog:descriptionog:title,"websitefr_FRhttps://servicesartisans.fr/blog/tag/bebeTous les articles sur bébé : conseils, prix, réglementation et guides pratiques par les experts ServicesArtisans.Bébé — Articles & Guides | ServicesArtisans",0,true,0
20,https://servicesartisans.fr/blog/tag/herault,Hérault — Articles & Guides | ServicesArtisans | ServicesArtisans,text/html; charset=utf-8,false,200,0,false,og:typeog:localeog:urlog:descriptionog:title,"websitefr_FRhttps://servicesartisans.fr/blog/tag/heraultTous les articles sur hérault : conseils, prix, réglementation et guides pratiques par les experts ServicesArtisans.Hérault — Articles & Guides | ServicesArtisans",0,true,0
20,https://servicesartisans.fr/questions/reception-travaux-comment-faire,Réception des travaux : comment ça se passe ? | ServicesArtisans | ServicesArtisans,text/html; charset=utf-8,false,200,0,false,og:typeog:urlog:descriptionog:title,"articlehttps://servicesartisans.fr/questions/reception-travaux-comment-faireLa réception est l'acte par lequel vous acceptez les travaux, avec ou sans réserves. Inspectez chaque poste avec l'artisan, listez les défauts dans un procès-verbal de réception signé par les deux parties. Ce PV déclenche les garanties légales (1 an, 2 ans, 10 ans).Réception des travaux : comment ça se passe ? | ServicesArtisans",0,true,0
20,https://servicesartisans.fr/blog/tag/economie-energie,économie énergie — Articles & Guides | ServicesArtisans | ServicesArtisans,text/html; charset=utf-8,false,200,0,false,og:typeog:localeog:urlog:descriptionog:title,"websitefr_FRhttps://servicesartisans.fr/blog/tag/economie-energieTous les articles sur économie énergie : conseils, prix, réglementation et guides pratiques par les experts ServicesArtisans.économie énergie — Articles & Guides | ServicesArtisans",0,true,0
20,https://servicesartisans.fr/questions/cout-installation-chaudiere,Combien coûte l'installation d'une chaudière ? | ServicesArtisans | ServicesArtisans,text/html; charset=utf-8,false,200,0,false,og:typeog:urlog:descriptionog:title,"articlehttps://servicesartisans.fr/questions/cout-installation-chaudiereL'installation d'une chaudière coûte entre 3 000 et 12 000 € selon le type. Une chaudière gaz à condensation revient à 3 000-6 000 € posée, une pompe à chaleur air-eau à 8 000-15 000 €. Des aides peuvent couvrir 30 à 50 % du coût.Combien coûte l'installation d'une chaudière ? | ServicesArtisans",0,true,0
20,https://servicesartisans.fr/blog/tag/porte,porte — Articles & Guides | ServicesArtisans | ServicesArtisans,text/html; charset=utf-8,false,200,0,false,og:typeog:localeog:urlog:descriptionog:title,"websitefr_FRhttps://servicesartisans.fr/blog/tag/porteTous les articles sur porte : conseils, prix, réglementation et guides pratiques par les experts ServicesArtisans.porte — Articles & Guides | ServicesArtisans",0,true,0
20,https://servicesartisans.fr/blog/tag/chasse-d-eau,chasse d’eau — Articles & Guides | ServicesArtisans | ServicesArtisans,text/html; charset=utf-8,false,200,0,false,og:typeog:localeog:urlog:descriptionog:title,"websitefr_FRhttps://servicesartisans.fr/blog/tag/chasse-d-eauTous les articles sur chasse d’eau : conseils, prix, réglementation et guides pratiques par les experts ServicesArtisans.chasse d’eau — Articles & Guides | ServicesArtisans",0,true,0
20,https://servicesartisans.fr/blog/tag/pergola,Pergola — Articles & Guides | ServicesArtisans | ServicesArtisans,text/html; charset=utf-8,false,200,0,false,og:typeog:localeog:urlog:descriptionog:title,"websitefr_FRhttps://servicesartisans.fr/blog/tag/pergolaTous les articles sur pergola : conseils, prix, réglementation et guides pratiques par les experts ServicesArtisans.Pergola — Articles & Guides | ServicesArtisans",0,true,0
20,https://servicesartisans.fr/blog/tag/toilette,toilette — Articles & Guides | ServicesArtisans | ServicesArtisans,text/html; charset=utf-8,false,200,0,false,og:typeog:localeog:urlog:descriptionog:title,"websitefr_FRhttps://servicesartisans.fr/blog/tag/toiletteTous les articles sur toilette : conseils, prix, réglementation et guides pratiques par les experts ServicesArtisans.toilette — Articles & Guides | ServicesArtisans",0,true,0
20,https://servicesartisans.fr/blog/tag/store,store — Articles & Guides | ServicesArtisans | ServicesArtisans,text/html; charset=utf-8,false,200,0,false,og:typeog:localeog:urlog:descriptionog:title,"websitefr_FRhttps://servicesartisans.fr/blog/tag/storeTous les articles sur store : conseils, prix, réglementation et guides pratiques par les experts ServicesArtisans.store — Articles & Guides | ServicesArtisans",0,true,0
20,https://servicesartisans.fr/guides/renovation-cuisine,Rénovation Cuisine : Guide Complet des Étapes et Prix 2026 | ServicesArtisans,text/html; charset=utf-8,false,200,0,false,og:typeog:site_nameog:urlog:descriptionog:title,"articleServicesArtisanshttps://servicesartisans.fr/guides/renovation-cuisineToutes les étapes pour rénover votre cuisine, les prix détaillés 2026 et les conseils d'artisans pour un résultat professionnel.Rénovation Cuisine : Guide Complet des Étapes et Prix 2026",0,true,0
20,https://servicesartisans.fr/guides/extension-maison,"Extension de Maison : Démarches, Prix et Conseils 2026 | ServicesArtisans",text/html; charset=utf-8,false,200,0,false,og:typeog:site_nameog:urlog:descriptionog:title,"articleServicesArtisanshttps://servicesartisans.fr/guides/extension-maisonTout savoir pour agrandir votre maison : types d'extensions, démarches DP ou permis, prix par type et matériaux recommandés.Extension de Maison : Démarches, Prix et Conseils 2026",0,true,0
20,https://servicesartisans.fr/blog/tag/maison-neuve,Maison neuve — Articles & Guides | ServicesArtisans | ServicesArtisans,text/html; charset=utf-8,false,200,0,false,og:typeog:localeog:urlog:descriptionog:title,"websitefr_FRhttps://servicesartisans.fr/blog/tag/maison-neuveTous les articles sur maison neuve : conseils, prix, réglementation et guides pratiques par les experts ServicesArtisans.Maison neuve — Articles & Guides | ServicesArtisans",0,true,0
20,https://servicesartisans.fr/comparaison/fenetre-pvc-vs-aluminium-vs-bois,Fenêtre PVC vs Aluminium vs Bois : quel matériau choisir ? | ServicesArtisans,text/html; charset=utf-8,false,200,0,false,og:typeog:site_nameog:urlog:descriptionog:title,"articleServicesArtisanshttps://servicesartisans.fr/comparaison/fenetre-pvc-vs-aluminium-vs-boisComparatif fenêtres PVC, aluminium et bois en 2026 : prix, isolation, entretien, esthétique. Guide complet pour bien choisir vos menuiseries.Fenêtre PVC vs Aluminium vs Bois : quel matériau choisir ?",0,true,0
20,https://servicesartisans.fr/blog/tag/eco-renovons-paris,Éco-Rénovons Paris+ — Articles & Guides | ServicesArtisans | ServicesArtisans,text/html; charset=utf-8,false,200,0,false,og:typeog:localeog:urlog:descriptionog:title,"websitefr_FRhttps://servicesartisans.fr/blog/tag/eco-renovons-parisTous les articles sur éco-rénovons paris+ : conseils, prix, réglementation et guides pratiques par les experts ServicesArtisans.Éco-Rénovons Paris+ — Articles & Guides | ServicesArtisans",0,true,0
20,https://servicesartisans.fr/blog/tag/energie,Énergie — Articles & Guides | ServicesArtisans | ServicesArtisans,text/html; charset=utf-8,false,200,0,false,og:typeog:localeog:urlog:descriptionog:title,"websitefr_FRhttps://servicesartisans.fr/blog/tag/energieTous les articles sur énergie : conseils, prix, réglementation et guides pratiques par les experts ServicesArtisans.Énergie — Articles & Guides | ServicesArtisans",0,true,0
20,https://servicesartisans.fr/blog/tag/subventions,Subventions — Articles & Guides | ServicesArtisans | ServicesArtisans,text/html; charset=utf-8,false,200,0,false,og:typeog:localeog:urlog:descriptionog:title,"websitefr_FRhttps://servicesartisans.fr/blog/tag/subventionsTous les articles sur subventions : conseils, prix, réglementation et guides pratiques par les experts ServicesArtisans.Subventions — Articles & Guides | ServicesArtisans",0,true,0
20,https://servicesartisans.fr/blog/tag/audit-energetique,Audit énergétique — Articles & Guides | ServicesArtisans | ServicesArtisans,text/html; charset=utf-8,false,200,0,false,og:typeog:localeog:urlog:descriptionog:title,"websitefr_FRhttps://servicesartisans.fr/blog/tag/audit-energetiqueTous les articles sur audit énergétique : conseils, prix, réglementation et guides pratiques par les experts ServicesArtisans.Audit énergétique — Articles & Guides | ServicesArtisans",0,true,0
20,https://servicesartisans.fr/blog/tag/comparatif,Comparatif — Articles & Guides | ServicesArtisans | ServicesArtisans,text/html; charset=utf-8,false,200,0,false,og:typeog:localeog:urlog:descriptionog:title,"websitefr_FRhttps://servicesartisans.fr/blog/tag/comparatifTous les articles sur comparatif : conseils, prix, réglementation et guides pratiques par les experts ServicesArtisans.Comparatif — Articles & Guides | ServicesArtisans",0,true,0
20,https://servicesartisans.fr/questions/tarif-serrurier-urgence,Quel est le tarif d'un serrurier en urgence ? | ServicesArtisans | ServicesArtisans,text/html; charset=utf-8,false,200,0,false,og:typeog:urlog:descriptionog:title,"articlehttps://servicesartisans.fr/questions/tarif-serrurier-urgenceUn serrurier en urgence coûte entre 100 et 350 € en journée, et 200 à 500 € la nuit ou le week-end. L'ouverture d'une porte claquée revient à 80-150 €, un changement de serrure coûte 150 à 450 € selon le modèle.Quel est le tarif d'un serrurier en urgence ? | ServicesArtisans",0,true,0
20,https://servicesartisans.fr/blog/tag/debouchage,débouchage — Articles & Guides | ServicesArtisans | ServicesArtisans,text/html; charset=utf-8,false,200,0,false,og:typeog:localeog:urlog:descriptionog:title,"websitefr_FRhttps://servicesartisans.fr/blog/tag/debouchageTous les articles sur débouchage : conseils, prix, réglementation et guides pratiques par les experts ServicesArtisans.débouchage — Articles & Guides | ServicesArtisans",0,true,0
20,https://servicesartisans.fr/blog/tag/architecte-d-interieur,Architecte d'intérieur — Articles & Guides | ServicesArtisans | ServicesArtisans,text/html; charset=utf-8,false,200,0,false,og:typeog:localeog:urlog:descriptionog:title,"websitefr_FRhttps://servicesartisans.fr/blog/tag/architecte-d-interieurTous les articles sur architecte d'intérieur : conseils, prix, réglementation et guides pratiques par les experts ServicesArtisans.Architecte d'intérieur — Articles & Guides | ServicesArtisans",0,true,0
20,https://servicesartisans.fr/blog/tag/isolation-phonique,isolation phonique — Articles & Guides | ServicesArtisans | ServicesArtisans,text/html; charset=utf-8,false,200,0,false,og:typeog:localeog:urlog:descriptionog:title,"websitefr_FRhttps://servicesartisans.fr/blog/tag/isolation-phoniqueTous les articles sur isolation phonique : conseils, prix, réglementation et guides pratiques par les experts ServicesArtisans.isolation phonique — Articles & Guides | ServicesArtisans",0,true,0
20,https://servicesartisans.fr/blog/tag/prime-energie,Prime énergie — Articles & Guides | ServicesArtisans | ServicesArtisans,text/html; charset=utf-8,false,200,0,false,og:typeog:localeog:urlog:descriptionog:title,"websitefr_FRhttps://servicesartisans.fr/blog/tag/prime-energieTous les articles sur prime énergie : conseils, prix, réglementation et guides pratiques par les experts ServicesArtisans.Prime énergie — Articles & Guides | ServicesArtisans",0,true,0
20,https://servicesartisans.fr/blog/tag/paca,PACA — Articles & Guides | ServicesArtisans | ServicesArtisans,text/html; charset=utf-8,false,200,0,false,og:typeog:localeog:urlog:descriptionog:title,"websitefr_FRhttps://servicesartisans.fr/blog/tag/pacaTous les articles sur paca : conseils, prix, réglementation et guides pratiques par les experts ServicesArtisans.PACA — Articles & Guides | ServicesArtisans",0,true,0
20,https://servicesartisans.fr/devenir-partenaire-cee,Devenir partenaire CEE — Leads exclusifs et gestion des primes pour artisans RGE | ServicesArtisans,text/html; charset=utf-8,false,200,0,false,og:typeog:localeog:site_nameog:urlog:descriptionog:title,"websitefr_FRServicesArtisanshttps://servicesartisans.fr/devenir-partenaire-ceeLeads exclusifs, gestion des primes CEE, zéro engagement. Le programme partenaire qui respecte l'artisan.Devenir partenaire CEE — Leads exclusifs pour artisans RGE",0,true,0
20,https://servicesartisans.fr/blog/tag/auvergne-rhone-alpes,Auvergne-Rhône-Alpes — Articles & Guides | ServicesArtisans | ServicesArtisans,text/html; charset=utf-8,false,200,0,false,og:typeog:localeog:urlog:descriptionog:title,"websitefr_FRhttps://servicesartisans.fr/blog/tag/auvergne-rhone-alpesTous les articles sur auvergne-rhône-alpes : conseils, prix, réglementation et guides pratiques par les experts ServicesArtisans.Auvergne-Rhône-Alpes — Articles & Guides | ServicesArtisans",0,true,0
20,https://servicesartisans.fr/blog/tag/obligation-legale,obligation légale — Articles & Guides | ServicesArtisans | ServicesArtisans,text/html; charset=utf-8,false,200,0,false,og:typeog:localeog:urlog:descriptionog:title,"websitefr_FRhttps://servicesartisans.fr/blog/tag/obligation-legaleTous les articles sur obligation légale : conseils, prix, réglementation et guides pratiques par les experts ServicesArtisans.obligation légale — Articles & Guides | ServicesArtisans",0,true,0
20,https://servicesartisans.fr/blog/tag/comparaison,Comparaison — Articles & Guides | ServicesArtisans | ServicesArtisans,text/html; charset=utf-8,false,200,0,false,og:typeog:localeog:urlog:descriptionog:title,"websitefr_FRhttps://servicesartisans.fr/blog/tag/comparaisonTous les articles sur comparaison : conseils, prix, réglementation et guides pratiques par les experts ServicesArtisans.Comparaison — Articles & Guides | ServicesArtisans",0,true,0
20,https://servicesartisans.fr/blog/tag/plomb,Plomb — Articles & Guides | ServicesArtisans | ServicesArtisans,text/html; charset=utf-8,false,200,0,false,og:typeog:localeog:urlog:descriptionog:title,"websitefr_FRhttps://servicesartisans.fr/blog/tag/plombTous les articles sur plomb : conseils, prix, réglementation et guides pratiques par les experts ServicesArtisans.Plomb — Articles & Guides | ServicesArtisans",0,true,0
20,https://servicesartisans.fr/avant-apres,Avant/Après Travaux : Galeries de Rénovation | ServicesArtisans,text/html; charset=utf-8,false,200,0,false,og:typeog:site_nameog:urlog:descriptionog:title,"websiteServicesArtisanshttps://servicesartisans.fr/avant-apres12 projets de rénovation avant/après avec budgets, durées et artisans impliqués. Inspirez-vous pour vos travaux.Avant/Après Travaux : Galeries de Rénovation",0,true,0
20,https://servicesartisans.fr/blog/tag/tendances,tendances — Articles & Guides | ServicesArtisans | ServicesArtisans,text/html; charset=utf-8,false,200,0,false,og:typeog:localeog:urlog:descriptionog:title,"websitefr_FRhttps://servicesartisans.fr/blog/tag/tendancesTous les articles sur tendances : conseils, prix, réglementation et guides pratiques par les experts ServicesArtisans.tendances — Articles & Guides | ServicesArtisans",0,true,0
20,https://servicesartisans.fr/normes,"Normes du Bâtiment : DTU, NF et Réglementations Essentielles | ServicesArtisans",text/html; charset=utf-8,false,200,0,false,og:typeog:site_nameog:urlog:descriptionog:title,"websiteServicesArtisanshttps://servicesartisans.fr/normesToutes les normes du bâtiment expliquées en français clair : DTU, NF, RE2020 et réglementations par corps de métier.Normes du Bâtiment : DTU, NF et Réglementations Essentielles",0,true,0
20,https://servicesartisans.fr/blog/tag/ete-2026,été 2026 — Articles & Guides | ServicesArtisans | ServicesArtisans,text/html; charset=utf-8,false,200,0,false,og:typeog:localeog:urlog:descriptionog:title,"websitefr_FRhttps://servicesartisans.fr/blog/tag/ete-2026Tous les articles sur été 2026 : conseils, prix, réglementation et guides pratiques par les experts ServicesArtisans.été 2026 — Articles & Guides | ServicesArtisans",0,true,0
20,https://servicesartisans.fr/blog/tag/reseau,Réseau — Articles & Guides | ServicesArtisans | ServicesArtisans,text/html; charset=utf-8,false,200,0,false,og:typeog:localeog:urlog:descriptionog:title,"websitefr_FRhttps://servicesartisans.fr/blog/tag/reseauTous les articles sur réseau : conseils, prix, réglementation et guides pratiques par les experts ServicesArtisans.Réseau — Articles & Guides | ServicesArtisans",0,true,0
20,https://servicesartisans.fr/blog/tag/ardoise,ardoise — Articles & Guides | ServicesArtisans | ServicesArtisans,text/html; charset=utf-8,false,200,0,false,og:typeog:localeog:urlog:descriptionog:title,"websitefr_FRhttps://servicesartisans.fr/blog/tag/ardoiseTous les articles sur ardoise : conseils, prix, réglementation et guides pratiques par les experts ServicesArtisans.ardoise — Articles & Guides | ServicesArtisans",0,true,0
20,https://servicesartisans.fr/blog/tag/tendances-2026,tendances 2026 — Articles & Guides | ServicesArtisans | ServicesArtisans,text/html; charset=utf-8,false,200,0,false,og:typeog:localeog:urlog:descriptionog:title,"websitefr_FRhttps://servicesartisans.fr/blog/tag/tendances-2026Tous les articles sur tendances 2026 : conseils, prix, réglementation et guides pratiques par les experts ServicesArtisans.tendances 2026 — Articles & Guides | ServicesArtisans",0,true,0
20,https://servicesartisans.fr/blog/tag/travaux-valorisation,travaux valorisation — Articles & Guides | ServicesArtisans | ServicesArtisans,text/html; charset=utf-8,false,200,0,false,og:typeog:localeog:urlog:descriptionog:title,"websitefr_FRhttps://servicesartisans.fr/blog/tag/travaux-valorisationTous les articles sur travaux valorisation : conseils, prix, réglementation et guides pratiques par les experts ServicesArtisans.travaux valorisation — Articles & Guides | ServicesArtisans",0,true,0
20,https://servicesartisans.fr/blog/tag/ramoneur,ramoneur — Articles & Guides | ServicesArtisans | ServicesArtisans,text/html; charset=utf-8,false,200,0,false,og:typeog:localeog:urlog:descriptionog:title,"websitefr_FRhttps://servicesartisans.fr/blog/tag/ramoneurTous les articles sur ramoneur : conseils, prix, réglementation et guides pratiques par les experts ServicesArtisans.ramoneur — Articles & Guides | ServicesArtisans",0,true,0
20,https://servicesartisans.fr/blog/tag/aides-locales,Aides locales — Articles & Guides | ServicesArtisans | ServicesArtisans,text/html; charset=utf-8,false,200,0,false,og:typeog:localeog:urlog:descriptionog:title,"websitefr_FRhttps://servicesartisans.fr/blog/tag/aides-localesTous les articles sur aides locales : conseils, prix, réglementation et guides pratiques par les experts ServicesArtisans.Aides locales — Articles & Guides | ServicesArtisans",0,true,0
20,https://servicesartisans.fr/blog/tag/paysagiste,Paysagiste — Articles & Guides | ServicesArtisans | ServicesArtisans,text/html; charset=utf-8,false,200,0,false,og:typeog:localeog:urlog:descriptionog:title,"websitefr_FRhttps://servicesartisans.fr/blog/tag/paysagisteTous les articles sur paysagiste : conseils, prix, réglementation et guides pratiques par les experts ServicesArtisans.Paysagiste — Articles & Guides | ServicesArtisans",0,true,0
20,https://servicesartisans.fr/blog/tag/subventions-travaux,subventions travaux — Articles & Guides | ServicesArtisans | ServicesArtisans,text/html; charset=utf-8,false,200,0,false,og:typeog:localeog:urlog:descriptionog:title,"websitefr_FRhttps://servicesartisans.fr/blog/tag/subventions-travauxTous les articles sur subventions travaux : conseils, prix, réglementation et guides pratiques par les experts ServicesArtisans.subventions travaux — Articles & Guides | ServicesArtisans",0,true,0
20,https://servicesartisans.fr/blog/tag/surface-habitable,Surface habitable — Articles & Guides | ServicesArtisans | ServicesArtisans,text/html; charset=utf-8,false,200,0,false,og:typeog:localeog:urlog:descriptionog:title,"websitefr_FRhttps://servicesartisans.fr/blog/tag/surface-habitableTous les articles sur surface habitable : conseils, prix, réglementation et guides pratiques par les experts ServicesArtisans.Surface habitable — Articles & Guides | ServicesArtisans",0,true,0
20,https://servicesartisans.fr/blog/tag/economie-d-energie,économie d’énergie — Articles & Guides | ServicesArtisans | ServicesArtisans,text/html; charset=utf-8,false,200,0,false,og:typeog:localeog:urlog:descriptionog:title,"websitefr_FRhttps://servicesartisans.fr/blog/tag/economie-d-energieTous les articles sur économie d’énergie : conseils, prix, réglementation et guides pratiques par les experts ServicesArtisans.économie d’énergie — Articles & Guides | ServicesArtisans",0,true,0
20,https://servicesartisans.fr/questions/prix-installation-climatisation,Quel est le prix d'une installation de climatisation ? | ServicesArtisans | ServicesArtisans,text/html; charset=utf-8,false,200,0,false,og:typeog:urlog:descriptionog:title,"articlehttps://servicesartisans.fr/questions/prix-installation-climatisationL'installation d'une climatisation réversible coûte entre 1 500 et 5 000 € pour un split, et 5 000 à 10 000 € pour un multisplit (3-4 unités). Le climatiseur mobile est moins cher (300-800 €) mais moins performant.Quel est le prix d'une installation de climatisation ? | ServicesArtisans",0,true,0
20,https://servicesartisans.fr/blog/tag/prix-chauffagiste,Prix chauffagiste — Articles & Guides | ServicesArtisans | ServicesArtisans,text/html; charset=utf-8,false,200,0,false,og:typeog:localeog:urlog:descriptionog:title,"websitefr_FRhttps://servicesartisans.fr/blog/tag/prix-chauffagisteTous les articles sur prix chauffagiste : conseils, prix, réglementation et guides pratiques par les experts ServicesArtisans.Prix chauffagiste — Articles & Guides | ServicesArtisans",0,true,0
20,https://servicesartisans.fr/blog/tag/certificat,certificat — Articles & Guides | ServicesArtisans | ServicesArtisans,text/html; charset=utf-8,false,200,0,false,og:typeog:localeog:urlog:descriptionog:title,"websitefr_FRhttps://servicesartisans.fr/blog/tag/certificatTous les articles sur certificat : conseils, prix, réglementation et guides pratiques par les experts ServicesArtisans.certificat — Articles & Guides | ServicesArtisans",0,true,0
20,https://servicesartisans.fr/blog/categorie/tarifs,Prix Artisans 2026 : tous les tarifs réels | ServicesArtisans,text/html; charset=utf-8,false,200,0,false,og:typeog:localeog:urlog:descriptionog:title,"websitefr_FRhttps://servicesartisans.fr/blog/categorie/tarifsTarifs artisans 2026 vérifiés : plombier 40-90€/h, électricien 40-85€/h, maçon 40-75€/h. Prix par métier + devis gratuit.Prix Artisans 2026 : tous les tarifs réels",0,true,0
20,https://servicesartisans.fr/questions/quelles-certifications-artisan,Quelles certifications doit avoir un artisan ? | ServicesArtisans | ServicesArtisans,text/html; charset=utf-8,false,200,0,false,og:typeog:urlog:descriptionog:title,"articlehttps://servicesartisans.fr/questions/quelles-certifications-artisanUn artisan doit obligatoirement avoir un numéro SIRET, une assurance RC Pro et une garantie décennale pour les travaux de construction. Les labels RGE, Qualibat, Qualifelec ou QualiBois sont recommandés mais facultatifs.Quelles certifications doit avoir un artisan ? | ServicesArtisans",0,true,0
20,https://servicesartisans.fr/blog/tag/declaration-prealable,Déclaration préalable — Articles & Guides | ServicesArtisans | ServicesArtisans,text/html; charset=utf-8,false,200,0,false,og:typeog:localeog:urlog:descriptionog:title,"websitefr_FRhttps://servicesartisans.fr/blog/tag/declaration-prealableTous les articles sur déclaration préalable : conseils, prix, réglementation et guides pratiques par les experts ServicesArtisans.Déclaration préalable — Articles & Guides | ServicesArtisans",0,true,0
20,https://servicesartisans.fr/rge/sources,Sources et méthodologie RGE — annuaire ServicesArtisans | ServicesArtisans,text/html; charset=utf-8,false,200,0,false,og:typeog:localeog:urlog:descriptionog:title,"articlefr_FRhttps://servicesartisans.fr/rge/sourcesSources officielles, fréquence de mise à jour et process de vérification des qualifications RGE affichées sur ServicesArtisans.Sources et méthodologie RGE",0,true,0
20,https://servicesartisans.fr/blog/tag/assurance,Assurance — Articles & Guides | ServicesArtisans | ServicesArtisans,text/html; charset=utf-8,false,200,0,false,og:typeog:localeog:urlog:descriptionog:title,"websitefr_FRhttps://servicesartisans.fr/blog/tag/assuranceTous les articles sur assurance : conseils, prix, réglementation et guides pratiques par les experts ServicesArtisans.Assurance — Articles & Guides | ServicesArtisans",0,true,0
20,https://servicesartisans.fr/comparaison/portail-coulissant-vs-battant,Portail coulissant vs battant : lequel choisir ? | ServicesArtisans,text/html; charset=utf-8,false,200,0,false,og:typeog:site_nameog:urlog:descriptionog:title,"articleServicesArtisanshttps://servicesartisans.fr/comparaison/portail-coulissant-vs-battantComparatif portail coulissant et battant en 2026 : prix, motorisation, espace requis, matériaux. Guide pour choisir votre portail.Portail coulissant vs battant : lequel choisir ?",0,true,0
20,https://servicesartisans.fr/comparaison,Comparatifs Travaux 2026 : 30 Guides pour Choisir | ServicesArtisans,text/html; charset=utf-8,false,200,0,false,og:typeog:urlog:descriptionog:title,"websitehttps://servicesartisans.fr/comparaison30 comparatifs détaillés pour vos travaux : pompe à chaleur, isolation, menuiserie, revêtements. Prix 2026, avantages et verdict.Comparatifs Travaux 2026 : 30 Guides pour Bien Choisir",0,true,0
20,https://servicesartisans.fr/blog/tag/nuit,Nuit — Articles & Guides | ServicesArtisans | ServicesArtisans,text/html; charset=utf-8,false,200,0,false,og:typeog:localeog:urlog:descriptionog:title,"websitefr_FRhttps://servicesartisans.fr/blog/tag/nuitTous les articles sur nuit : conseils, prix, réglementation et guides pratiques par les experts ServicesArtisans.Nuit — Articles & Guides | ServicesArtisans",0,true,0
20,https://servicesartisans.fr/blog/tag/travaux,travaux — Articles & Guides | ServicesArtisans | ServicesArtisans,text/html; charset=utf-8,false,200,0,false,og:typeog:localeog:urlog:descriptionog:title,"websitefr_FRhttps://servicesartisans.fr/blog/tag/travauxTous les articles sur travaux : conseils, prix, réglementation et guides pratiques par les experts ServicesArtisans.travaux — Articles & Guides | ServicesArtisans",0,true,0
20,https://servicesartisans.fr/blog/categorie/securite,Sécurité Maison — Guides & Conseils | ServicesArtisans | ServicesArtisans,text/html; charset=utf-8,false,200,0,false,og:typeog:localeog:urlog:descriptionog:title,"websitefr_FRhttps://servicesartisans.fr/blog/categorie/securiteSécurisez votre maison : alarmes, serrures, protection cambriolage, normes électriques. Conseils d'experts et solutions adaptées.Sécurité Maison — Guides & Conseils | ServicesArtisans",0,true,0
20,https://servicesartisans.fr/questions/cout-isolation-combles,Combien coûte l'isolation des combles ? | ServicesArtisans | ServicesArtisans,text/html; charset=utf-8,false,200,0,false,og:typeog:urlog:descriptionog:title,articlehttps://servicesartisans.fr/questions/cout-isolation-comblesL'isolation des combles coûte 20 à 50 € par m² pour des combles perdus (soufflage) et 40 à 80 € par m² pour des combles aménagés. Les aides MaPrimeRénov' et CEE peuvent couvrir 50 à 90 % du coût.Combien coûte l'isolation des combles ? | ServicesArtisans,0,true,0
20,https://servicesartisans.fr/blog/tag/nf-a2p,NF A2P — Articles & Guides | ServicesArtisans | ServicesArtisans,text/html; charset=utf-8,false,200,0,false,og:typeog:localeog:urlog:descriptionog:title,"websitefr_FRhttps://servicesartisans.fr/blog/tag/nf-a2pTous les articles sur nf a2p : conseils, prix, réglementation et guides pratiques par les experts ServicesArtisans.NF A2P — Articles & Guides | ServicesArtisans",0,true,0
20,https://servicesartisans.fr/blog/tag/personnes-agees,Personnes âgées — Articles & Guides | ServicesArtisans | ServicesArtisans,text/html; charset=utf-8,false,200,0,false,og:typeog:localeog:urlog:descriptionog:title,"websitefr_FRhttps://servicesartisans.fr/blog/tag/personnes-ageesTous les articles sur personnes âgées : conseils, prix, réglementation et guides pratiques par les experts ServicesArtisans.Personnes âgées — Articles & Guides | ServicesArtisans",0,true,0
20,https://servicesartisans.fr/blog/tag/bricolage,bricolage — Articles & Guides | ServicesArtisans | ServicesArtisans,text/html; charset=utf-8,false,200,0,false,og:typeog:localeog:urlog:descriptionog:title,"websitefr_FRhttps://servicesartisans.fr/blog/tag/bricolageTous les articles sur bricolage : conseils, prix, réglementation et guides pratiques par les experts ServicesArtisans.bricolage — Articles & Guides | ServicesArtisans",0,true,0
20,https://servicesartisans.fr/blog/tag/fluide-frigorigene,fluide frigorigène — Articles & Guides | ServicesArtisans | ServicesArtisans,text/html; charset=utf-8,false,200,0,false,og:typeog:localeog:urlog:descriptionog:title,"websitefr_FRhttps://servicesartisans.fr/blog/tag/fluide-frigorigeneTous les articles sur fluide frigorigène : conseils, prix, réglementation et guides pratiques par les experts ServicesArtisans.fluide frigorigène — Articles & Guides | ServicesArtisans",0,true,0
20,https://servicesartisans.fr/blog/tag/f-gas,F-Gas — Articles & Guides | ServicesArtisans | ServicesArtisans,text/html; charset=utf-8,false,200,0,false,og:typeog:localeog:urlog:descriptionog:title,"websitefr_FRhttps://servicesartisans.fr/blog/tag/f-gasTous les articles sur f-gas : conseils, prix, réglementation et guides pratiques par les experts ServicesArtisans.F-Gas — Articles & Guides | ServicesArtisans",0,true,0
20,https://servicesartisans.fr/blog/tag/verriere,Verrière — Articles & Guides | ServicesArtisans | ServicesArtisans,text/html; charset=utf-8,false,200,0,false,og:typeog:localeog:urlog:descriptionog:title,"websitefr_FRhttps://servicesartisans.fr/blog/tag/verriereTous les articles sur verrière : conseils, prix, réglementation et guides pratiques par les experts ServicesArtisans.Verrière — Articles & Guides | ServicesArtisans",0,true,0
20,https://servicesartisans.fr/blog/tag/garanties,Garanties — Articles & Guides | ServicesArtisans | ServicesArtisans,text/html; charset=utf-8,false,200,0,false,og:typeog:localeog:urlog:descriptionog:title,"websitefr_FRhttps://servicesartisans.fr/blog/tag/garantiesTous les articles sur garanties : conseils, prix, réglementation et guides pratiques par les experts ServicesArtisans.Garanties — Articles & Guides | ServicesArtisans",0,true,0
20,https://servicesartisans.fr/questions/litige-artisan-mediation,Litige avec un artisan : la médiation est-elle gratuite ? | ServicesArtisans | ServicesArtisans,text/html; charset=utf-8,false,200,0,false,og:typeog:urlog:descriptionog:title,"articlehttps://servicesartisans.fr/questions/litige-artisan-mediationOui, la médiation de la consommation est gratuite pour le consommateur. Tout artisan doit obligatoirement adhérer à un dispositif de médiation et en communiquer les coordonnées sur ses documents commerciaux. Le médiateur rend un avis dans un délai de 90 jours.Litige avec un artisan : la médiation est-elle gratuite ? | ServicesArtisans",0,true,0
20,https://servicesartisans.fr/questions/radiateur-electrique-ou-eau,Radiateur électrique ou à eau : que choisir ? | ServicesArtisans | ServicesArtisans,text/html; charset=utf-8,false,200,0,false,og:typeog:urlog:descriptionog:title,"articlehttps://servicesartisans.fr/questions/radiateur-electrique-ou-eauLe radiateur à eau (alimenté par une chaudière ou PAC) est plus économique à l'usage (-40 à 60 % sur la facture) et offre une chaleur plus douce. Le radiateur électrique à inertie est simple à installer et ne nécessite aucune tuyauterie, mais coûte plus cher en énergie.Radiateur électrique ou à eau : que choisir ? | ServicesArtisans",0,true,0
20,https://servicesartisans.fr/blog/tag/canalisation,Canalisation — Articles & Guides | ServicesArtisans | ServicesArtisans,text/html; charset=utf-8,false,200,0,false,og:typeog:localeog:urlog:descriptionog:title,"websitefr_FRhttps://servicesartisans.fr/blog/tag/canalisationTous les articles sur canalisation : conseils, prix, réglementation et guides pratiques par les experts ServicesArtisans.Canalisation — Articles & Guides | ServicesArtisans",0,true,0
20,https://servicesartisans.fr/guides/artisan-rge,Artisan RGE : Trouver un Pro Certifié (2026) | ServicesArtisans,text/html; charset=utf-8,false,200,0,false,og:typeog:site_nameog:urlog:descriptionog:title,"articleServicesArtisanshttps://servicesartisans.fr/guides/artisan-rgeGuide complet sur la certification RGE : vérification, qualifications et aides financières accessibles.Artisan RGE : Vérifier et Trouver un Professionnel Certifié",0,true,0
20,https://servicesartisans.fr/blog/tag/voisinage,voisinage — Articles & Guides | ServicesArtisans | ServicesArtisans,text/html; charset=utf-8,false,200,0,false,og:typeog:localeog:urlog:descriptionog:title,"websitefr_FRhttps://servicesartisans.fr/blog/tag/voisinageTous les articles sur voisinage : conseils, prix, réglementation et guides pratiques par les experts ServicesArtisans.voisinage — Articles & Guides | ServicesArtisans",0,true,0
20,https://servicesartisans.fr/blog/tag/assurance-decennale,assurance décennale — Articles & Guides | ServicesArtisans | ServicesArtisans,text/html; charset=utf-8,false,200,0,false,og:typeog:localeog:urlog:descriptionog:title,"websitefr_FRhttps://servicesartisans.fr/blog/tag/assurance-decennaleTous les articles sur assurance décennale : conseils, prix, réglementation et guides pratiques par les experts ServicesArtisans.assurance décennale — Articles & Guides | ServicesArtisans",0,true,0
20,https://servicesartisans.fr/blog/tag/thermostat,thermostat — Articles & Guides | ServicesArtisans | ServicesArtisans,text/html; charset=utf-8,false,200,0,false,og:typeog:localeog:urlog:descriptionog:title,"websitefr_FRhttps://servicesartisans.fr/blog/tag/thermostatTous les articles sur thermostat : conseils, prix, réglementation et guides pratiques par les experts ServicesArtisans.thermostat — Articles & Guides | ServicesArtisans",0,true,0
20,https://servicesartisans.fr/blog/tag/television,Télévision — Articles & Guides | ServicesArtisans | ServicesArtisans,text/html; charset=utf-8,false,200,0,false,og:typeog:localeog:urlog:descriptionog:title,"websitefr_FRhttps://servicesartisans.fr/blog/tag/televisionTous les articles sur télévision : conseils, prix, réglementation et guides pratiques par les experts ServicesArtisans.Télévision — Articles & Guides | ServicesArtisans",0,true,0
20,https://servicesartisans.fr/blog/tag/ecorenov,ÉcoRénov — Articles & Guides | ServicesArtisans | ServicesArtisans,text/html; charset=utf-8,false,200,0,false,og:typeog:localeog:urlog:descriptionog:title,"websitefr_FRhttps://servicesartisans.fr/blog/tag/ecorenovTous les articles sur écorénov : conseils, prix, réglementation et guides pratiques par les experts ServicesArtisans.ÉcoRénov — Articles & Guides | ServicesArtisans",0,true,0
20,https://servicesartisans.fr/blog/tag/monte-escalier,Monte-escalier — Articles & Guides | ServicesArtisans | ServicesArtisans,text/html; charset=utf-8,false,200,0,false,og:typeog:localeog:urlog:descriptionog:title,"websitefr_FRhttps://servicesartisans.fr/blog/tag/monte-escalierTous les articles sur monte-escalier : conseils, prix, réglementation et guides pratiques par les experts ServicesArtisans.Monte-escalier — Articles & Guides | ServicesArtisans",0,true,0
20,https://servicesartisans.fr/blog/tag/videosurveillance,vidéosurveillance — Articles & Guides | ServicesArtisans | ServicesArtisans,text/html; charset=utf-8,false,200,0,false,og:typeog:localeog:urlog:descriptionog:title,"websitefr_FRhttps://servicesartisans.fr/blog/tag/videosurveillanceTous les articles sur vidéosurveillance : conseils, prix, réglementation et guides pratiques par les experts ServicesArtisans.vidéosurveillance — Articles & Guides | ServicesArtisans",0,true,0
20,https://servicesartisans.fr/blog/tag/termites,termites — Articles & Guides | ServicesArtisans | ServicesArtisans,text/html; charset=utf-8,false,200,0,false,og:typeog:localeog:urlog:descriptionog:title,"websitefr_FRhttps://servicesartisans.fr/blog/tag/termitesTous les articles sur termites : conseils, prix, réglementation et guides pratiques par les experts ServicesArtisans.termites — Articles & Guides | ServicesArtisans",0,true,0
20,https://servicesartisans.fr/questions/cout-refaire-toiture,Combien coûte la réfection d'une toiture ? | ServicesArtisans | ServicesArtisans,text/html; charset=utf-8,false,200,0,false,og:typeog:urlog:descriptionog:title,"articlehttps://servicesartisans.fr/questions/cout-refaire-toitureRefaire une toiture coûte entre 100 et 250 € par m² selon le matériau (tuiles, ardoise, zinc). Pour une maison de 100 m² de toiture, le budget total se situe entre 10 000 et 25 000 € tout compris.Combien coûte la réfection d'une toiture ? | ServicesArtisans",0,true,0
20,https://servicesartisans.fr/blog/tag/miroir-sur-mesure,Miroir sur mesure — Articles & Guides | ServicesArtisans | ServicesArtisans,text/html; charset=utf-8,false,200,0,false,og:typeog:localeog:urlog:descriptionog:title,"websitefr_FRhttps://servicesartisans.fr/blog/tag/miroir-sur-mesureTous les articles sur miroir sur mesure : conseils, prix, réglementation et guides pratiques par les experts ServicesArtisans.Miroir sur mesure — Articles & Guides | ServicesArtisans",0,true,0
20,https://servicesartisans.fr/comparaison/radiateur-fonte-vs-acier-vs-aluminium,Radiateur fonte vs acier vs aluminium : lequel choisir ? | ServicesArtisans,text/html; charset=utf-8,false,200,0,false,og:typeog:site_nameog:urlog:descriptionog:title,"articleServicesArtisanshttps://servicesartisans.fr/comparaison/radiateur-fonte-vs-acier-vs-aluminiumComparatif radiateur fonte, acier et aluminium en 2026 : prix, inertie, montée en température, design. Guide pour choisir vos radiateurs.Radiateur fonte vs acier vs aluminium : lequel choisir ?",0,true,0
20,https://servicesartisans.fr/blog/tag/gaz,gaz — Articles & Guides | ServicesArtisans | ServicesArtisans,text/html; charset=utf-8,false,200,0,false,og:typeog:localeog:urlog:descriptionog:title,"websitefr_FRhttps://servicesartisans.fr/blog/tag/gazTous les articles sur gaz : conseils, prix, réglementation et guides pratiques par les experts ServicesArtisans.gaz — Articles & Guides | ServicesArtisans",0,true,0
20,https://servicesartisans.fr/blog/tag/hiver-2026,hiver 2026 — Articles & Guides | ServicesArtisans | ServicesArtisans,text/html; charset=utf-8,false,200,0,false,og:typeog:localeog:urlog:descriptionog:title,"websitefr_FRhttps://servicesartisans.fr/blog/tag/hiver-2026Tous les articles sur hiver 2026 : conseils, prix, réglementation et guides pratiques par les experts ServicesArtisans.hiver 2026 — Articles & Guides | ServicesArtisans",0,true,0
20,https://servicesartisans.fr/blog/tag/pmr,PMR — Articles & Guides | ServicesArtisans | ServicesArtisans,text/html; charset=utf-8,false,200,0,false,og:typeog:localeog:urlog:descriptionog:title,"websitefr_FRhttps://servicesartisans.fr/blog/tag/pmrTous les articles sur pmr : conseils, prix, réglementation et guides pratiques par les experts ServicesArtisans.PMR — Articles & Guides | ServicesArtisans",0,true,0
20,https://servicesartisans.fr/blog/tag/thermodynamique,thermodynamique — Articles & Guides | ServicesArtisans | ServicesArtisans,text/html; charset=utf-8,false,200,0,false,og:typeog:localeog:urlog:descriptionog:title,"websitefr_FRhttps://servicesartisans.fr/blog/tag/thermodynamiqueTous les articles sur thermodynamique : conseils, prix, réglementation et guides pratiques par les experts ServicesArtisans.thermodynamique — Articles & Guides | ServicesArtisans",0,true,0
20,https://servicesartisans.fr/blog/tag/charpentier,Charpentier — Articles & Guides | ServicesArtisans | ServicesArtisans,text/html; charset=utf-8,false,200,0,false,og:typeog:localeog:urlog:descriptionog:title,"websitefr_FRhttps://servicesartisans.fr/blog/tag/charpentierTous les articles sur charpentier : conseils, prix, réglementation et guides pratiques par les experts ServicesArtisans.Charpentier — Articles & Guides | ServicesArtisans",0,true,0
20,https://servicesartisans.fr/blog/tag/cumul-aides,Cumul aides — Articles & Guides | ServicesArtisans | ServicesArtisans,text/html; charset=utf-8,false,200,0,false,og:typeog:localeog:urlog:descriptionog:title,"websitefr_FRhttps://servicesartisans.fr/blog/tag/cumul-aidesTous les articles sur cumul aides : conseils, prix, réglementation et guides pratiques par les experts ServicesArtisans.Cumul aides — Articles & Guides | ServicesArtisans",0,true,0
20,https://servicesartisans.fr/blog/tag/dpe,DPE — Articles & Guides | ServicesArtisans | ServicesArtisans,text/html; charset=utf-8,false,200,0,false,og:typeog:localeog:urlog:descriptionog:title,"websitefr_FRhttps://servicesartisans.fr/blog/tag/dpeTous les articles sur dpe : conseils, prix, réglementation et guides pratiques par les experts ServicesArtisans.DPE — Articles & Guides | ServicesArtisans",0,true,0
20,https://servicesartisans.fr/blog/tag/formation,Formation — Articles & Guides | ServicesArtisans | ServicesArtisans,text/html; charset=utf-8,false,200,0,false,og:typeog:localeog:urlog:descriptionog:title,"websitefr_FRhttps://servicesartisans.fr/blog/tag/formationTous les articles sur formation : conseils, prix, réglementation et guides pratiques par les experts ServicesArtisans.Formation — Articles & Guides | ServicesArtisans",0,true,0
20,https://servicesartisans.fr/blog/tag/ite,ITE — Articles & Guides | ServicesArtisans | ServicesArtisans,text/html; charset=utf-8,false,200,0,false,og:typeog:localeog:urlog:descriptionog:title,"websitefr_FRhttps://servicesartisans.fr/blog/tag/iteTous les articles sur ite : conseils, prix, réglementation et guides pratiques par les experts ServicesArtisans.ITE — Articles & Guides | ServicesArtisans",0,true,0
20,https://servicesartisans.fr/blog/tag/fissures,Fissures — Articles & Guides | ServicesArtisans | ServicesArtisans,text/html; charset=utf-8,false,200,0,false,og:typeog:localeog:urlog:descriptionog:title,"websitefr_FRhttps://servicesartisans.fr/blog/tag/fissuresTous les articles sur fissures : conseils, prix, réglementation et guides pratiques par les experts ServicesArtisans.Fissures — Articles & Guides | ServicesArtisans",0,true,0
20,https://servicesartisans.fr/questions/maprimerenov-conditions-2026,Quelles sont les conditions pour bénéficier de MaPrimeRénov en 2026 ? | ServicesArtisans | ServicesArtisans,text/html; charset=utf-8,false,200,0,false,og:typeog:urlog:descriptionog:title,articlehttps://servicesartisans.fr/questions/maprimerenov-conditions-2026MaPrimeRénov 2026 est accessible à tous les propriétaires occupants ou bailleurs d'un logement de plus de 15 ans. Les travaux doivent être réalisés par un artisan RGE et la demande se fait avant le début des travaux.Quelles sont les conditions pour bénéficier de MaPrimeRénov en 2026 ? | ServicesArtisans,0,true,0
20,https://servicesartisans.fr/blog/tag/bordeaux,Bordeaux — Articles & Guides | ServicesArtisans | ServicesArtisans,text/html; charset=utf-8,false,200,0,false,og:typeog:localeog:urlog:descriptionog:title,"websitefr_FRhttps://servicesartisans.fr/blog/tag/bordeauxTous les articles sur bordeaux : conseils, prix, réglementation et guides pratiques par les experts ServicesArtisans.Bordeaux — Articles & Guides | ServicesArtisans",0,true,0
20,https://servicesartisans.fr/comparaison/enduit-facade-vs-bardage-vs-peinture,Enduit de façade vs bardage vs peinture : quel revêtement extérieur choisir ? | ServicesArtisans,text/html; charset=utf-8,false,200,0,false,og:typeog:site_nameog:urlog:descriptionog:title,"articleServicesArtisanshttps://servicesartisans.fr/comparaison/enduit-facade-vs-bardage-vs-peintureComparatif enduit de façade, bardage (bois, composite, PVC) et peinture extérieure en 2026 : prix, durabilité, entretien, isolation. Guide pour rénover votre façade.Enduit de façade vs bardage vs peinture : quel revêtement extérieur choisir ?",0,true,0
20,https://servicesartisans.fr/blog/tag/primes-energie,Primes énergie — Articles & Guides | ServicesArtisans | ServicesArtisans,text/html; charset=utf-8,false,200,0,false,og:typeog:localeog:urlog:descriptionog:title,"websitefr_FRhttps://servicesartisans.fr/blog/tag/primes-energieTous les articles sur primes énergie : conseils, prix, réglementation et guides pratiques par les experts ServicesArtisans.Primes énergie — Articles & Guides | ServicesArtisans",0,true,0
20,https://servicesartisans.fr/blog/tag/menuisier,menuisier — Articles & Guides | ServicesArtisans | ServicesArtisans,text/html; charset=utf-8,false,200,0,false,og:typeog:localeog:urlog:descriptionog:title,"websitefr_FRhttps://servicesartisans.fr/blog/tag/menuisierTous les articles sur menuisier : conseils, prix, réglementation et guides pratiques par les experts ServicesArtisans.menuisier — Articles & Guides | ServicesArtisans",0,true,0
20,https://servicesartisans.fr/blog/tag/architecture-d-interieur,Architecture d'intérieur — Articles & Guides | ServicesArtisans | ServicesArtisans,text/html; charset=utf-8,false,200,0,false,og:typeog:localeog:urlog:descriptionog:title,"websitefr_FRhttps://servicesartisans.fr/blog/tag/architecture-d-interieurTous les articles sur architecture d'intérieur : conseils, prix, réglementation et guides pratiques par les experts ServicesArtisans.Architecture d'intérieur — Articles & Guides | ServicesArtisans",0,true,0
20,https://servicesartisans.fr/comparaison/pac-air-air-vs-air-eau,PAC air/air vs air/eau : laquelle choisir ? | ServicesArtisans,text/html; charset=utf-8,false,200,0,false,og:typeog:site_nameog:urlog:descriptionog:title,"articleServicesArtisanshttps://servicesartisans.fr/comparaison/pac-air-air-vs-air-eauComparatif PAC air/air vs PAC air/eau en 2026 : prix, rendement, aides financières, confort. Découvrez quelle pompe à chaleur correspond le mieux à votre logement.PAC air/air vs air/eau : laquelle choisir ?",0,true,0
20,https://servicesartisans.fr/comparaison/porte-entree-bois-vs-alu-vs-pvc,Porte d'entrée bois vs aluminium vs PVC : laquelle choisir ? | ServicesArtisans,text/html; charset=utf-8,false,200,0,false,og:typeog:site_nameog:urlog:descriptionog:title,"articleServicesArtisanshttps://servicesartisans.fr/comparaison/porte-entree-bois-vs-alu-vs-pvcComparatif porte d'entrée bois, aluminium et PVC en 2026 : prix, sécurité, isolation, esthétique. Guide pour bien choisir votre porte d'entrée.Porte d'entrée bois vs aluminium vs PVC : laquelle choisir ?",0,true,0
20,https://servicesartisans.fr/blog/tag/plu,PLU — Articles & Guides | ServicesArtisans | ServicesArtisans,text/html; charset=utf-8,false,200,0,false,og:typeog:localeog:urlog:descriptionog:title,"websitefr_FRhttps://servicesartisans.fr/blog/tag/pluTous les articles sur plu : conseils, prix, réglementation et guides pratiques par les experts ServicesArtisans.PLU — Articles & Guides | ServicesArtisans",0,true,0
20,https://servicesartisans.fr/blog/tag/nf-c-15-100,NF C 15-100 — Articles & Guides | ServicesArtisans | ServicesArtisans,text/html; charset=utf-8,false,200,0,false,og:typeog:localeog:urlog:descriptionog:title,"websitefr_FRhttps://servicesartisans.fr/blog/tag/nf-c-15-100Tous les articles sur nf c 15-100 : conseils, prix, réglementation et guides pratiques par les experts ServicesArtisans.NF C 15-100 — Articles & Guides | ServicesArtisans",0,true,0
20,https://servicesartisans.fr/blog/tag/stratifie,stratifié — Articles & Guides | ServicesArtisans | ServicesArtisans,text/html; charset=utf-8,false,200,0,false,og:typeog:localeog:urlog:descriptionog:title,"websitefr_FRhttps://servicesartisans.fr/blog/tag/stratifieTous les articles sur stratifié : conseils, prix, réglementation et guides pratiques par les experts ServicesArtisans.stratifié — Articles & Guides | ServicesArtisans",0,true,0
20,https://servicesartisans.fr/blog/tag/jardin,Jardin — Articles & Guides | ServicesArtisans | ServicesArtisans,text/html; charset=utf-8,false,200,0,false,og:typeog:localeog:urlog:descriptionog:title,"websitefr_FRhttps://servicesartisans.fr/blog/tag/jardinTous les articles sur jardin : conseils, prix, réglementation et guides pratiques par les experts ServicesArtisans.Jardin — Articles & Guides | ServicesArtisans",0,true,0
20,https://servicesartisans.fr/blog/tag/tarifs-2026,Tarifs 2026 — Articles & Guides | ServicesArtisans | ServicesArtisans,text/html; charset=utf-8,false,200,0,false,og:typeog:localeog:urlog:descriptionog:title,"websitefr_FRhttps://servicesartisans.fr/blog/tag/tarifs-2026Tous les articles sur tarifs 2026 : conseils, prix, réglementation et guides pratiques par les experts ServicesArtisans.Tarifs 2026 — Articles & Guides | ServicesArtisans",0,true,0
20,https://servicesartisans.fr/blog/tag/nantes,Nantes — Articles & Guides | ServicesArtisans | ServicesArtisans,text/html; charset=utf-8,false,200,0,false,og:typeog:localeog:urlog:descriptionog:title,"websitefr_FRhttps://servicesartisans.fr/blog/tag/nantesTous les articles sur nantes : conseils, prix, réglementation et guides pratiques par les experts ServicesArtisans.Nantes — Articles & Guides | ServicesArtisans",0,true,0
20,https://servicesartisans.fr/blog/tag/checklist,checklist — Articles & Guides | ServicesArtisans | ServicesArtisans,text/html; charset=utf-8,false,200,0,false,og:typeog:localeog:urlog:descriptionog:title,"websitefr_FRhttps://servicesartisans.fr/blog/tag/checklistTous les articles sur checklist : conseils, prix, réglementation et guides pratiques par les experts ServicesArtisans.checklist — Articles & Guides | ServicesArtisans",0,true,0
20,https://servicesartisans.fr/questions/permis-construire-quand-necessaire,Quand faut-il un permis de construire ? | ServicesArtisans | ServicesArtisans,text/html; charset=utf-8,false,200,0,false,og:typeog:urlog:descriptionog:title,"articlehttps://servicesartisans.fr/questions/permis-construire-quand-necessaireUn permis de construire est obligatoire pour toute construction de plus de 20 m² de surface de plancher (ou 40 m² en zone urbaine avec PLU). Les extensions, surélévations et changements de destination importants sont également concernés.Quand faut-il un permis de construire ? | ServicesArtisans",0,true,0
20,https://servicesartisans.fr/blog/tag/gel,gel — Articles & Guides | ServicesArtisans | ServicesArtisans,text/html; charset=utf-8,false,200,0,false,og:typeog:localeog:urlog:descriptionog:title,"websitefr_FRhttps://servicesartisans.fr/blog/tag/gelTous les articles sur gel : conseils, prix, réglementation et guides pratiques par les experts ServicesArtisans.gel — Articles & Guides | ServicesArtisans",0,true,0
20,https://servicesartisans.fr/questions/isolation-interieure-ou-exterieure,Isolation par l'intérieur ou l'extérieur ? | ServicesArtisans | ServicesArtisans,text/html; charset=utf-8,false,200,0,false,og:typeog:urlog:descriptionog:title,"articlehttps://servicesartisans.fr/questions/isolation-interieure-ou-exterieureL'isolation par l'extérieur (ITE) est plus performante car elle supprime les ponts thermiques, mais coûte 100 à 200 €/m². L'isolation par l'intérieur (ITI) est moins chère (40 à 80 €/m²) mais réduit la surface habitable de 3 à 5 %. Le choix dépend du budget, de la façade et des contraintes du bâtiment.Isolation par l'intérieur ou l'extérieur ? | ServicesArtisans",0,true,0
20,https://servicesartisans.fr/blog/tag/carreleur,Carreleur — Articles & Guides | ServicesArtisans | ServicesArtisans,text/html; charset=utf-8,false,200,0,false,og:typeog:localeog:urlog:descriptionog:title,"websitefr_FRhttps://servicesartisans.fr/blog/tag/carreleurTous les articles sur carreleur : conseils, prix, réglementation et guides pratiques par les experts ServicesArtisans.Carreleur — Articles & Guides | ServicesArtisans",0,true,0
20,https://servicesartisans.fr/questions/combien-de-devis-demander,Combien de devis faut-il demander ? | ServicesArtisans | ServicesArtisans,text/html; charset=utf-8,false,200,0,false,og:typeog:urlog:descriptionog:title,"articlehttps://servicesartisans.fr/questions/combien-de-devis-demanderDemandez au minimum 3 devis pour tout projet de travaux afin de comparer les prix et le professionnalisme des artisans. Pour les chantiers importants (plus de 10 000 €), visez 4 à 5 devis. Le devis est gratuit sauf si une visite technique payante est annoncée à l'avance.Combien de devis faut-il demander ? | ServicesArtisans",0,true,0
20,https://servicesartisans.fr/blog/tag/agrandissement,Agrandissement — Articles & Guides | ServicesArtisans | ServicesArtisans,text/html; charset=utf-8,false,200,0,false,og:typeog:localeog:urlog:descriptionog:title,"websitefr_FRhttps://servicesartisans.fr/blog/tag/agrandissementTous les articles sur agrandissement : conseils, prix, réglementation et guides pratiques par les experts ServicesArtisans.Agrandissement — Articles & Guides | ServicesArtisans",0,true,0
20,https://servicesartisans.fr/blog/tag/gres-cerame,grès cérame — Articles & Guides | ServicesArtisans | ServicesArtisans,text/html; charset=utf-8,false,200,0,false,og:typeog:localeog:urlog:descriptionog:title,"websitefr_FRhttps://servicesartisans.fr/blog/tag/gres-cerameTous les articles sur grès cérame : conseils, prix, réglementation et guides pratiques par les experts ServicesArtisans.grès cérame — Articles & Guides | ServicesArtisans",0,true,0
20,https://servicesartisans.fr/blog/tag/revetement-de-sol,Revêtement de sol — Articles & Guides | ServicesArtisans | ServicesArtisans,text/html; charset=utf-8,false,200,0,false,og:typeog:localeog:urlog:descriptionog:title,"websitefr_FRhttps://servicesartisans.fr/blog/tag/revetement-de-solTous les articles sur revêtement de sol : conseils, prix, réglementation et guides pratiques par les experts ServicesArtisans.Revêtement de sol — Articles & Guides | ServicesArtisans",0,true,0
20,https://servicesartisans.fr/blog/tag/facade,façade — Articles & Guides | ServicesArtisans | ServicesArtisans,text/html; charset=utf-8,false,200,0,false,og:typeog:localeog:urlog:descriptionog:title,"websitefr_FRhttps://servicesartisans.fr/blog/tag/facadeTous les articles sur façade : conseils, prix, réglementation et guides pratiques par les experts ServicesArtisans.façade — Articles & Guides | ServicesArtisans",0,true,0
20,https://servicesartisans.fr/blog/tag/printemps-2026,printemps 2026 — Articles & Guides | ServicesArtisans | ServicesArtisans,text/html; charset=utf-8,false,200,0,false,og:typeog:localeog:urlog:descriptionog:title,"websitefr_FRhttps://servicesartisans.fr/blog/tag/printemps-2026Tous les articles sur printemps 2026 : conseils, prix, réglementation et guides pratiques par les experts ServicesArtisans.printemps 2026 — Articles & Guides | ServicesArtisans",0,true,0
20,https://servicesartisans.fr/blog/tag/tva-5-5,TVA 5.5 — Articles & Guides | ServicesArtisans | ServicesArtisans,text/html; charset=utf-8,false,200,0,false,og:typeog:localeog:urlog:descriptionog:title,"websitefr_FRhttps://servicesartisans.fr/blog/tag/tva-5-5Tous les articles sur tva 5.5 : conseils, prix, réglementation et guides pratiques par les experts ServicesArtisans.TVA 5.5 — Articles & Guides | ServicesArtisans",0,true,0
20,https://servicesartisans.fr/blog/tag/matter,Matter — Articles & Guides | ServicesArtisans | ServicesArtisans,text/html; charset=utf-8,false,200,0,false,og:typeog:localeog:urlog:descriptionog:title,"websitefr_FRhttps://servicesartisans.fr/blog/tag/matterTous les articles sur matter : conseils, prix, réglementation et guides pratiques par les experts ServicesArtisans.Matter — Articles & Guides | ServicesArtisans",0,true,0
20,https://servicesartisans.fr/blog/tag/etapes,Étapes — Articles & Guides | ServicesArtisans | ServicesArtisans,text/html; charset=utf-8,false,200,0,false,og:typeog:localeog:urlog:descriptionog:title,"websitefr_FRhttps://servicesartisans.fr/blog/tag/etapesTous les articles sur étapes : conseils, prix, réglementation et guides pratiques par les experts ServicesArtisans.Étapes — Articles & Guides | ServicesArtisans",0,true,0
20,https://servicesartisans.fr/blog/tag/cloison,cloison — Articles & Guides | ServicesArtisans | ServicesArtisans,text/html; charset=utf-8,false,200,0,false,og:typeog:localeog:urlog:descriptionog:title,"websitefr_FRhttps://servicesartisans.fr/blog/tag/cloisonTous les articles sur cloison : conseils, prix, réglementation et guides pratiques par les experts ServicesArtisans.cloison — Articles & Guides | ServicesArtisans",0,true,0
20,https://servicesartisans.fr/blog/tag/depannage-nuit,Dépannage nuit — Articles & Guides | ServicesArtisans | ServicesArtisans,text/html; charset=utf-8,false,200,0,false,og:typeog:localeog:urlog:descriptionog:title,"websitefr_FRhttps://servicesartisans.fr/blog/tag/depannage-nuitTous les articles sur dépannage nuit : conseils, prix, réglementation et guides pratiques par les experts ServicesArtisans.Dépannage nuit — Articles & Guides | ServicesArtisans",0,true,0
20,https://servicesartisans.fr/comparaison/fosse-septique-vs-micro-station,Fosse septique vs micro-station d'épuration : quel assainissement ? | ServicesArtisans,text/html; charset=utf-8,false,200,0,false,og:typeog:site_nameog:urlog:descriptionog:title,"articleServicesArtisanshttps://servicesartisans.fr/comparaison/fosse-septique-vs-micro-stationComparatif fosse septique vs micro-station d'épuration en 2026 : prix, entretien, réglementation, surface nécessaire. Guide pour votre assainissement non collectif.Fosse septique vs micro-station d'épuration : quel assainissement ?",0,true,0
20,https://servicesartisans.fr/blog/tag/planification,planification — Articles & Guides | ServicesArtisans | ServicesArtisans,text/html; charset=utf-8,false,200,0,false,og:typeog:localeog:urlog:descriptionog:title,"websitefr_FRhttps://servicesartisans.fr/blog/tag/planificationTous les articles sur planification : conseils, prix, réglementation et guides pratiques par les experts ServicesArtisans.planification — Articles & Guides | ServicesArtisans",0,true,0
20,https://servicesartisans.fr/blog/tag/prix-electricien,Prix électricien — Articles & Guides | ServicesArtisans | ServicesArtisans,text/html; charset=utf-8,false,200,0,false,og:typeog:localeog:urlog:descriptionog:title,"websitefr_FRhttps://servicesartisans.fr/blog/tag/prix-electricienTous les articles sur prix électricien : conseils, prix, réglementation et guides pratiques par les experts ServicesArtisans.Prix électricien — Articles & Guides | ServicesArtisans",0,true,0
20,https://servicesartisans.fr/blog/tag/loi,loi — Articles & Guides | ServicesArtisans | ServicesArtisans,text/html; charset=utf-8,false,200,0,false,og:typeog:localeog:urlog:descriptionog:title,"websitefr_FRhttps://servicesartisans.fr/blog/tag/loiTous les articles sur loi : conseils, prix, réglementation et guides pratiques par les experts ServicesArtisans.loi — Articles & Guides | ServicesArtisans",0,true,0
20,https://servicesartisans.fr/blog/tag/aides,aides — Articles & Guides | ServicesArtisans | ServicesArtisans,text/html; charset=utf-8,false,200,0,false,og:typeog:localeog:urlog:descriptionog:title,"websitefr_FRhttps://servicesartisans.fr/blog/tag/aidesTous les articles sur aides : conseils, prix, réglementation et guides pratiques par les experts ServicesArtisans.aides — Articles & Guides | ServicesArtisans",0,true,0
20,https://servicesartisans.fr/blog/tag/meuble,meuble — Articles & Guides | ServicesArtisans | ServicesArtisans,text/html; charset=utf-8,false,200,0,false,og:typeog:localeog:urlog:descriptionog:title,"websitefr_FRhttps://servicesartisans.fr/blog/tag/meubleTous les articles sur meuble : conseils, prix, réglementation et guides pratiques par les experts ServicesArtisans.meuble — Articles & Guides | ServicesArtisans",0,true,0
20,https://servicesartisans.fr/blog/tag/diagnostics,Diagnostics — Articles & Guides | ServicesArtisans | ServicesArtisans,text/html; charset=utf-8,false,200,0,false,og:typeog:localeog:urlog:descriptionog:title,"websitefr_FRhttps://servicesartisans.fr/blog/tag/diagnosticsTous les articles sur diagnostics : conseils, prix, réglementation et guides pratiques par les experts ServicesArtisans.Diagnostics — Articles & Guides | ServicesArtisans",0,true,0
20,https://servicesartisans.fr/questions/certificats-economie-energie-cee,C'est quoi les certificats d'économie d'énergie (CEE) ? | ServicesArtisans | ServicesArtisans,text/html; charset=utf-8,false,200,0,false,og:typeog:urlog:descriptionog:title,"articlehttps://servicesartisans.fr/questions/certificats-economie-energie-ceeLes CEE sont un dispositif obligeant les fournisseurs d'énergie (EDF, TotalEnergies, Engie) à financer les travaux de rénovation énergétique des particuliers. En échange de vos travaux, vous recevez une prime de 200 à 5 000 € selon le type de travaux et votre zone climatique.C'est quoi les certificats d'économie d'énergie (CEE) ? | ServicesArtisans",0,true,0
20,https://servicesartisans.fr/blog/tag/antenniste,Antenniste — Articles & Guides | ServicesArtisans | ServicesArtisans,text/html; charset=utf-8,false,200,0,false,og:typeog:localeog:urlog:descriptionog:title,"websitefr_FRhttps://servicesartisans.fr/blog/tag/antennisteTous les articles sur antenniste : conseils, prix, réglementation et guides pratiques par les experts ServicesArtisans.Antenniste — Articles & Guides | ServicesArtisans",0,true,0
20,https://servicesartisans.fr/blog/tag/charpente,charpente — Articles & Guides | ServicesArtisans | ServicesArtisans,text/html; charset=utf-8,false,200,0,false,og:typeog:localeog:urlog:descriptionog:title,"websitefr_FRhttps://servicesartisans.fr/blog/tag/charpenteTous les articles sur charpente : conseils, prix, réglementation et guides pratiques par les experts ServicesArtisans.charpente — Articles & Guides | ServicesArtisans",0,true,0
20,https://servicesartisans.fr/blog/tag/panneaux-solaires,Panneaux solaires — Articles & Guides | ServicesArtisans | ServicesArtisans,text/html; charset=utf-8,false,200,0,false,og:typeog:localeog:urlog:descriptionog:title,"websitefr_FRhttps://servicesartisans.fr/blog/tag/panneaux-solairesTous les articles sur panneaux solaires : conseils, prix, réglementation et guides pratiques par les experts ServicesArtisans.Panneaux solaires — Articles & Guides | ServicesArtisans",0,true,0
20,https://servicesartisans.fr/guides/pompe-a-chaleur,"Pompe à Chaleur : Prix, Aides et Installation 2026 | ServicesArtisans",text/html; charset=utf-8,false,200,0,false,og:typeog:site_nameog:urlog:descriptionog:title,"articleServicesArtisanshttps://servicesartisans.fr/guides/pompe-a-chaleurTout savoir sur la pompe à chaleur : types, prix, aides financières MaPrimeRénov’, installation et entretien par un artisan RGE.Pompe à Chaleur : Prix, Aides et Installation 2026",0,true,0
20,https://servicesartisans.fr/blog/tag/sud-france,Sud France — Articles & Guides | ServicesArtisans | ServicesArtisans,text/html; charset=utf-8,false,200,0,false,og:typeog:localeog:urlog:descriptionog:title,"websitefr_FRhttps://servicesartisans.fr/blog/tag/sud-franceTous les articles sur sud france : conseils, prix, réglementation et guides pratiques par les experts ServicesArtisans.Sud France — Articles & Guides | ServicesArtisans",0,true,0
20,https://servicesartisans.fr/questions/plombier-urgence-nuit-tarif,Combien coûte un plombier d'urgence la nuit ? | ServicesArtisans | ServicesArtisans,text/html; charset=utf-8,false,200,0,false,og:typeog:urlog:descriptionog:title,"articlehttps://servicesartisans.fr/questions/plombier-urgence-nuit-tarifUn plombier d'urgence la nuit coûte entre 150 et 500 € selon l'intervention. Le tarif horaire est majoré de 50 à 100 % (80 à 140 €/h au lieu de 40-70 €/h en journée), et les frais de déplacement nocturne sont de 50 à 120 €.Combien coûte un plombier d'urgence la nuit ? | ServicesArtisans",0,true,0
20,https://servicesartisans.fr/blog/tag/permis-de-construire,permis de construire — Articles & Guides | ServicesArtisans | ServicesArtisans,text/html; charset=utf-8,false,200,0,false,og:typeog:localeog:urlog:descriptionog:title,"websitefr_FRhttps://servicesartisans.fr/blog/tag/permis-de-construireTous les articles sur permis de construire : conseils, prix, réglementation et guides pratiques par les experts ServicesArtisans.permis de construire — Articles & Guides | ServicesArtisans",0,true,0
20,https://servicesartisans.fr/blog/tag/naturel,naturel — Articles & Guides | ServicesArtisans | ServicesArtisans,text/html; charset=utf-8,false,200,0,false,og:typeog:localeog:urlog:descriptionog:title,"websitefr_FRhttps://servicesartisans.fr/blog/tag/naturelTous les articles sur naturel : conseils, prix, réglementation et guides pratiques par les experts ServicesArtisans.naturel — Articles & Guides | ServicesArtisans",0,true,0
20,https://servicesartisans.fr/blog/tag/garantie-decennale,Garantie décennale — Articles & Guides | ServicesArtisans | ServicesArtisans,text/html; charset=utf-8,false,200,0,false,og:typeog:localeog:urlog:descriptionog:title,"websitefr_FRhttps://servicesartisans.fr/blog/tag/garantie-decennaleTous les articles sur garantie décennale : conseils, prix, réglementation et guides pratiques par les experts ServicesArtisans.Garantie décennale — Articles & Guides | ServicesArtisans",0,true,0
20,https://servicesartisans.fr/blog/tag/store-banne,Store banne — Articles & Guides | ServicesArtisans | ServicesArtisans,text/html; charset=utf-8,false,200,0,false,og:typeog:localeog:urlog:descriptionog:title,"websitefr_FRhttps://servicesartisans.fr/blog/tag/store-banneTous les articles sur store banne : conseils, prix, réglementation et guides pratiques par les experts ServicesArtisans.Store banne — Articles & Guides | ServicesArtisans",0,true,0
20,https://servicesartisans.fr/blog/tag/hivernage,hivernage — Articles & Guides | ServicesArtisans | ServicesArtisans,text/html; charset=utf-8,false,200,0,false,og:typeog:localeog:urlog:descriptionog:title,"websitefr_FRhttps://servicesartisans.fr/blog/tag/hivernageTous les articles sur hivernage : conseils, prix, réglementation et guides pratiques par les experts ServicesArtisans.hivernage — Articles & Guides | ServicesArtisans",0,true,0
20,https://servicesartisans.fr/comparaison/store-banne-vs-pergola-vs-voile-ombrage,Store banne vs pergola vs voile d'ombrage : que choisir ? | ServicesArtisans,text/html; charset=utf-8,false,200,0,false,og:typeog:site_nameog:urlog:descriptionog:title,"articleServicesArtisanshttps://servicesartisans.fr/comparaison/store-banne-vs-pergola-vs-voile-ombrageComparatif store banne, pergola bioclimatique et voile d'ombrage en 2026 : prix, résistance au vent, esthétique, protection solaire. Guide pour ombrager votre terrasse.Store banne vs pergola vs voile d'ombrage : que choisir ?",0,true,0
20,https://servicesartisans.fr/blog/tag/isolant-thermique,isolant thermique — Articles & Guides | ServicesArtisans | ServicesArtisans,text/html; charset=utf-8,false,200,0,false,og:typeog:localeog:urlog:descriptionog:title,"websitefr_FRhttps://servicesartisans.fr/blog/tag/isolant-thermiqueTous les articles sur isolant thermique : conseils, prix, réglementation et guides pratiques par les experts ServicesArtisans.isolant thermique — Articles & Guides | ServicesArtisans",0,true,0
20,https://servicesartisans.fr/blog/tag/moquette,Moquette — Articles & Guides | ServicesArtisans | ServicesArtisans,text/html; charset=utf-8,false,200,0,false,og:typeog:localeog:urlog:descriptionog:title,"websitefr_FRhttps://servicesartisans.fr/blog/tag/moquetteTous les articles sur moquette : conseils, prix, réglementation et guides pratiques par les experts ServicesArtisans.Moquette — Articles & Guides | ServicesArtisans",0,true,0
20,https://servicesartisans.fr/blog/tag/occultant,occultant — Articles & Guides | ServicesArtisans | ServicesArtisans,text/html; charset=utf-8,false,200,0,false,og:typeog:localeog:urlog:descriptionog:title,"websitefr_FRhttps://servicesartisans.fr/blog/tag/occultantTous les articles sur occultant : conseils, prix, réglementation et guides pratiques par les experts ServicesArtisans.occultant — Articles & Guides | ServicesArtisans",0,true,0
20,https://servicesartisans.fr/comparaison/cloison-placo-vs-brique-vs-carreau-platre,Cloison placo vs brique vs carreau de plâtre : que choisir ? | ServicesArtisans,text/html; charset=utf-8,false,200,0,false,og:typeog:site_nameog:urlog:descriptionog:title,"articleServicesArtisanshttps://servicesartisans.fr/comparaison/cloison-placo-vs-brique-vs-carreau-platreComparatif cloisons placo (BA13), brique plâtrière et carreau de plâtre en 2026 : prix, isolation phonique, solidité, pose. Guide pour cloisonner vos pièces.Cloison placo vs brique vs carreau de plâtre : que choisir ?",0,true,0
20,https://servicesartisans.fr/blog/tag/elagage,élagage — Articles & Guides | ServicesArtisans | ServicesArtisans,text/html; charset=utf-8,false,200,0,false,og:typeog:localeog:urlog:descriptionog:title,"websitefr_FRhttps://servicesartisans.fr/blog/tag/elagageTous les articles sur élagage : conseils, prix, réglementation et guides pratiques par les experts ServicesArtisans.élagage — Articles & Guides | ServicesArtisans",0,true,0
20,https://servicesartisans.fr/blog/tag/locataire,locataire — Articles & Guides | ServicesArtisans | ServicesArtisans,text/html; charset=utf-8,false,200,0,false,og:typeog:localeog:urlog:descriptionog:title,"websitefr_FRhttps://servicesartisans.fr/blog/tag/locataireTous les articles sur locataire : conseils, prix, réglementation et guides pratiques par les experts ServicesArtisans.locataire — Articles & Guides | ServicesArtisans",0,true,0
20,https://servicesartisans.fr/questions/prix-veranda-2026,Quel est le prix d'une véranda en 2026 ? | ServicesArtisans | ServicesArtisans,text/html; charset=utf-8,false,200,0,false,og:typeog:urlog:descriptionog:title,"articlehttps://servicesartisans.fr/questions/prix-veranda-2026Une véranda coûte entre 15 000 et 50 000 € en 2026, soit 800 à 2 500 €/m². Le prix dépend du matériau (PVC, aluminium, bois), de la surface et du vitrage. Une véranda en aluminium de 15 m² revient à 20 000-35 000 €.Quel est le prix d'une véranda en 2026 ? | ServicesArtisans",0,true,0
20,https://servicesartisans.fr/blog/tag/salle-de-bain,Salle de bain — Articles & Guides | ServicesArtisans | ServicesArtisans,text/html; charset=utf-8,false,200,0,false,og:typeog:localeog:urlog:descriptionog:title,"websitefr_FRhttps://servicesartisans.fr/blog/tag/salle-de-bainTous les articles sur salle de bain : conseils, prix, réglementation et guides pratiques par les experts ServicesArtisans.Salle de bain — Articles & Guides | ServicesArtisans",0,true,0
20,https://servicesartisans.fr/blog/tag/verification,Verification — Articles & Guides | ServicesArtisans | ServicesArtisans,text/html; charset=utf-8,false,200,0,false,og:typeog:localeog:urlog:descriptionog:title,"websitefr_FRhttps://servicesartisans.fr/blog/tag/verificationTous les articles sur verification : conseils, prix, réglementation et guides pratiques par les experts ServicesArtisans.Verification — Articles & Guides | ServicesArtisans",0,true,0
20,https://servicesartisans.fr/blog/tag/douche,douche — Articles & Guides | ServicesArtisans | ServicesArtisans,text/html; charset=utf-8,false,200,0,false,og:typeog:localeog:urlog:descriptionog:title,"websitefr_FRhttps://servicesartisans.fr/blog/tag/doucheTous les articles sur douche : conseils, prix, réglementation et guides pratiques par les experts ServicesArtisans.douche — Articles & Guides | ServicesArtisans",0,true,0
20,https://servicesartisans.fr/questions/trouver-artisan-week-end,Comment trouver un artisan le week-end ? | ServicesArtisans | ServicesArtisans,text/html; charset=utf-8,false,200,0,false,og:typeog:urlog:descriptionog:title,"articlehttps://servicesartisans.fr/questions/trouver-artisan-week-endPour trouver un artisan le week-end, consultez les plateformes de dépannage (ServicesArtisans, Travaux.com), votre assurance habitation (assistance 24h/24), ou les réseaux de dépanneurs d'urgence. Prévoyez une majoration de 50 à 100 % sur les tarifs normaux.Comment trouver un artisan le week-end ? | ServicesArtisans",0,true,0
20,https://servicesartisans.fr/blog/tag/guides,Guides — Articles & Guides | ServicesArtisans | ServicesArtisans,text/html; charset=utf-8,false,200,0,false,og:typeog:localeog:urlog:descriptionog:title,"websitefr_FRhttps://servicesartisans.fr/blog/tag/guidesTous les articles sur guides : conseils, prix, réglementation et guides pratiques par les experts ServicesArtisans.Guides — Articles & Guides | ServicesArtisans",0,true,0
20,https://servicesartisans.fr/blog/tag/calcaire,calcaire — Articles & Guides | ServicesArtisans | ServicesArtisans,text/html; charset=utf-8,false,200,0,false,og:typeog:localeog:urlog:descriptionog:title,"websitefr_FRhttps://servicesartisans.fr/blog/tag/calcaireTous les articles sur calcaire : conseils, prix, réglementation et guides pratiques par les experts ServicesArtisans.calcaire — Articles & Guides | ServicesArtisans",0,true,0
20,https://servicesartisans.fr/blog/tag/decennale,Decennale — Articles & Guides | ServicesArtisans | ServicesArtisans,text/html; charset=utf-8,false,200,0,false,og:typeog:localeog:urlog:descriptionog:title,"websitefr_FRhttps://servicesartisans.fr/blog/tag/decennaleTous les articles sur decennale : conseils, prix, réglementation et guides pratiques par les experts ServicesArtisans.Decennale — Articles & Guides | ServicesArtisans",0,true,0
20,https://servicesartisans.fr/questions/simple-ou-double-vitrage,"Simple, double ou triple vitrage : que choisir ? | ServicesArtisans | ServicesArtisans",text/html; charset=utf-8,false,200,0,false,og:typeog:urlog:descriptionog:title,"articlehttps://servicesartisans.fr/questions/simple-ou-double-vitrageLe double vitrage est le standard actuel, offrant un excellent rapport performance/prix (Uw ≤ 1,3 W/m².K). Le triple vitrage n'est justifié que dans les régions très froides ou les maisons passives. Le simple vitrage est obsolète et doit être remplacé en priorité.Simple, double ou triple vitrage : que choisir ? | ServicesArtisans",0,true,0
20,https://servicesartisans.fr/questions/assurance-rc-artisan-obligatoire,L'assurance RC pro est-elle obligatoire pour un artisan ? | ServicesArtisans | ServicesArtisans,text/html; charset=utf-8,false,200,0,false,og:typeog:urlog:descriptionog:title,"articlehttps://servicesartisans.fr/questions/assurance-rc-artisan-obligatoireOui, l'assurance responsabilité civile professionnelle (RC pro) est obligatoire pour les artisans du bâtiment. Elle couvre les dommages causés aux tiers pendant et après les travaux. L'assurance décennale est également obligatoire et couvre les malfaçons pendant 10 ans.L'assurance RC pro est-elle obligatoire pour un artisan ? | ServicesArtisans",0,true,0
20,https://servicesartisans.fr/questions/panne-chauffage-locataire-droits,Panne de chauffage en tant que locataire : quels sont vos droits ? | ServicesArtisans | ServicesArtisans,text/html; charset=utf-8,false,200,0,false,og:typeog:urlog:descriptionog:title,"articlehttps://servicesartisans.fr/questions/panne-chauffage-locataire-droitsLe propriétaire est obligé de fournir un chauffage en état de fonctionnement. En cas de panne, prévenez-le par écrit (email ou LRAR). S'il ne réagit pas sous 48 h, vous pouvez faire intervenir un chauffagiste à ses frais.Panne de chauffage en tant que locataire : quels sont vos droits ? | ServicesArtisans",0,true,0
20,https://servicesartisans.fr/blog/tag/gros-uvre,gros œuvre — Articles & Guides | ServicesArtisans | ServicesArtisans,text/html; charset=utf-8,false,200,0,false,og:typeog:localeog:urlog:descriptionog:title,"websitefr_FRhttps://servicesartisans.fr/blog/tag/gros-uvreTous les articles sur gros œuvre : conseils, prix, réglementation et guides pratiques par les experts ServicesArtisans.gros œuvre — Articles & Guides | ServicesArtisans",0,true,0
20,https://servicesartisans.fr/questions/isoler-combles-soi-meme,Peut-on isoler ses combles soi-même ? | ServicesArtisans | ServicesArtisans,text/html; charset=utf-8,false,200,0,false,og:typeog:urlog:descriptionog:title,"articlehttps://servicesartisans.fr/questions/isoler-combles-soi-memeOui, l'isolation des combles perdus par soufflage ou déroulage de laine minérale est accessible aux bricoleurs. Comptez 10-20 €/m² en matériaux. Attention : vous perdez le droit aux aides MaPrimeRénov et CEE sans artisan RGE.Peut-on isoler ses combles soi-même ? | ServicesArtisans",0,true,0
20,https://servicesartisans.fr/blog/tag/financement,financement — Articles & Guides | ServicesArtisans | ServicesArtisans,text/html; charset=utf-8,false,200,0,false,og:typeog:localeog:urlog:descriptionog:title,"websitefr_FRhttps://servicesartisans.fr/blog/tag/financementTous les articles sur financement : conseils, prix, réglementation et guides pratiques par les experts ServicesArtisans.financement — Articles & Guides | ServicesArtisans",0,true,0
20,https://servicesartisans.fr/blog/tag/services-a-domicile,Services à domicile — Articles & Guides | ServicesArtisans | ServicesArtisans,text/html; charset=utf-8,false,200,0,false,og:typeog:localeog:urlog:descriptionog:title,"websitefr_FRhttps://servicesartisans.fr/blog/tag/services-a-domicileTous les articles sur services à domicile : conseils, prix, réglementation et guides pratiques par les experts ServicesArtisans.Services à domicile — Articles & Guides | ServicesArtisans",0,true,0
20,https://servicesartisans.fr/blog/tag/sante,Santé — Articles & Guides | ServicesArtisans | ServicesArtisans,text/html; charset=utf-8,false,200,0,false,og:typeog:localeog:urlog:descriptionog:title,"websitefr_FRhttps://servicesartisans.fr/blog/tag/santeTous les articles sur santé : conseils, prix, réglementation et guides pratiques par les experts ServicesArtisans.Santé — Articles & Guides | ServicesArtisans",0,true,0
20,https://servicesartisans.fr/blog/tag/mar,MAR — Articles & Guides | ServicesArtisans | ServicesArtisans,text/html; charset=utf-8,false,200,0,false,og:typeog:localeog:urlog:descriptionog:title,"websitefr_FRhttps://servicesartisans.fr/blog/tag/marTous les articles sur mar : conseils, prix, réglementation et guides pratiques par les experts ServicesArtisans.MAR — Articles & Guides | ServicesArtisans",0,true,0
20,https://servicesartisans.fr/questions/installer-prise-electrique-danger,Peut-on installer une prise électrique soi-même ? | ServicesArtisans | ServicesArtisans,text/html; charset=utf-8,false,200,0,false,og:typeog:urlog:descriptionog:title,"articlehttps://servicesartisans.fr/questions/installer-prise-electrique-dangerAjouter une prise sur un circuit existant est possible pour un bricoleur averti, mais comporte des risques d'électrocution et d'incendie. Coupez le disjoncteur, vérifiez l'absence de tension et respectez la norme NF C 15-100.Peut-on installer une prise électrique soi-même ? | ServicesArtisans",0,true,0
20,https://servicesartisans.fr/blog/tag/douche-italienne,Douche italienne — Articles & Guides | ServicesArtisans | ServicesArtisans,text/html; charset=utf-8,false,200,0,false,og:typeog:localeog:urlog:descriptionog:title,"websitefr_FRhttps://servicesartisans.fr/blog/tag/douche-italienneTous les articles sur douche italienne : conseils, prix, réglementation et guides pratiques par les experts ServicesArtisans.Douche italienne — Articles & Guides | ServicesArtisans",0,true,0
20,https://servicesartisans.fr/questions/assurance-habitation-travaux,Mon assurance habitation couvre-t-elle les travaux ? | ServicesArtisans | ServicesArtisans,text/html; charset=utf-8,false,200,0,false,og:typeog:urlog:descriptionog:title,"articlehttps://servicesartisans.fr/questions/assurance-habitation-travauxL'assurance habitation couvre les dommages accidentels pendant les travaux (incendie, dégât des eaux) mais pas les malfaçons. Pour les gros travaux, souscrivez une assurance dommage-ouvrage. L'artisan doit avoir sa propre RC Pro et décennale.Mon assurance habitation couvre-t-elle les travaux ? | ServicesArtisans",0,true,0
20,https://servicesartisans.fr/blog/tag/handicap,Handicap — Articles & Guides | ServicesArtisans | ServicesArtisans,text/html; charset=utf-8,false,200,0,false,og:typeog:localeog:urlog:descriptionog:title,"websitefr_FRhttps://servicesartisans.fr/blog/tag/handicapTous les articles sur handicap : conseils, prix, réglementation et guides pratiques par les experts ServicesArtisans.Handicap — Articles & Guides | ServicesArtisans",0,true,0
20,https://servicesartisans.fr/blog/tag/confort-thermique,Confort thermique — Articles & Guides | ServicesArtisans | ServicesArtisans,text/html; charset=utf-8,false,200,0,false,og:typeog:localeog:urlog:descriptionog:title,"websitefr_FRhttps://servicesartisans.fr/blog/tag/confort-thermiqueTous les articles sur confort thermique : conseils, prix, réglementation et guides pratiques par les experts ServicesArtisans.Confort thermique — Articles & Guides | ServicesArtisans",0,true,0
20,https://servicesartisans.fr/blog/tag/maison-connectee,maison connectée — Articles & Guides | ServicesArtisans | ServicesArtisans,text/html; charset=utf-8,false,200,0,false,og:typeog:localeog:urlog:descriptionog:title,"websitefr_FRhttps://servicesartisans.fr/blog/tag/maison-connecteeTous les articles sur maison connectée : conseils, prix, réglementation et guides pratiques par les experts ServicesArtisans.maison connectée — Articles & Guides | ServicesArtisans",0,true,0
20,https://servicesartisans.fr/questions/depannage-plomberie-nuit-weekend,Dépannage plomberie nuit et week-end : quel tarif ? | ServicesArtisans | ServicesArtisans,text/html; charset=utf-8,false,200,0,false,og:typeog:urlog:descriptionog:title,articlehttps://servicesartisans.fr/questions/depannage-plomberie-nuit-weekendUn dépannage plomberie de nuit ou le week-end coûte 150 à 500 € selon l’intervention. Les majorations sont de 50 à 100 % par rapport au tarif normal. Exigez un devis écrit avant toute intervention et méfiez-vous des tarifs excessifs pratiqués par certains dépanneurs.Dépannage plomberie nuit et week-end : quel tarif ? | ServicesArtisans,0,true,0
20,https://servicesartisans.fr/blog/tag/parquet-contrecolle,Parquet contrecollé — Articles & Guides | ServicesArtisans | ServicesArtisans,text/html; charset=utf-8,false,200,0,false,og:typeog:localeog:urlog:descriptionog:title,"websitefr_FRhttps://servicesartisans.fr/blog/tag/parquet-contrecolleTous les articles sur parquet contrecollé : conseils, prix, réglementation et guides pratiques par les experts ServicesArtisans.Parquet contrecollé — Articles & Guides | ServicesArtisans",0,true,0
20,https://servicesartisans.fr/blog/tag/prix-par-region,Prix par région — Articles & Guides | ServicesArtisans | ServicesArtisans,text/html; charset=utf-8,false,200,0,false,og:typeog:localeog:urlog:descriptionog:title,"websitefr_FRhttps://servicesartisans.fr/blog/tag/prix-par-regionTous les articles sur prix par région : conseils, prix, réglementation et guides pratiques par les experts ServicesArtisans.Prix par région — Articles & Guides | ServicesArtisans",0,true,0
20,https://servicesartisans.fr/blog/tag/reference-tarifs,Référence tarifs — Articles & Guides | ServicesArtisans | ServicesArtisans,text/html; charset=utf-8,false,200,0,false,og:typeog:localeog:urlog:descriptionog:title,"websitefr_FRhttps://servicesartisans.fr/blog/tag/reference-tarifsTous les articles sur référence tarifs : conseils, prix, réglementation et guides pratiques par les experts ServicesArtisans.Référence tarifs — Articles & Guides | ServicesArtisans",0,true,0
20,https://servicesartisans.fr/blog/tag/dommages-ouvrage,Dommages-ouvrage — Articles & Guides | ServicesArtisans | ServicesArtisans,text/html; charset=utf-8,false,200,0,false,og:typeog:localeog:urlog:descriptionog:title,"websitefr_FRhttps://servicesartisans.fr/blog/tag/dommages-ouvrageTous les articles sur dommages-ouvrage : conseils, prix, réglementation et guides pratiques par les experts ServicesArtisans.Dommages-ouvrage — Articles & Guides | ServicesArtisans",0,true,0
20,https://servicesartisans.fr/blog/tag/recours,Recours — Articles & Guides | ServicesArtisans | ServicesArtisans,text/html; charset=utf-8,false,200,0,false,og:typeog:localeog:urlog:descriptionog:title,"websitefr_FRhttps://servicesartisans.fr/blog/tag/recoursTous les articles sur recours : conseils, prix, réglementation et guides pratiques par les experts ServicesArtisans.Recours — Articles & Guides | ServicesArtisans",0,true,0
20,https://servicesartisans.fr/questions/credit-impot-travaux-2026,Crédit d'impôt travaux en 2026 : ça existe encore ? | ServicesArtisans | ServicesArtisans,text/html; charset=utf-8,false,200,0,false,og:typeog:urlog:descriptionog:title,"articlehttps://servicesartisans.fr/questions/credit-impot-travaux-2026Le CITE (Crédit d'Impôt pour la Transition Énergétique) a été supprimé en 2021 et remplacé par MaPrimeRénov'. En 2026, il n'existe plus de crédit d'impôt pour les travaux de rénovation énergétique. Seul le crédit d'impôt pour l'installation de bornes de recharge électrique subsiste.Crédit d'impôt travaux en 2026 : ça existe encore ? | ServicesArtisans",0,true,0
20,https://servicesartisans.fr/questions/prix-renovation-cuisine-complete,Combien coûte une rénovation de cuisine complète ? | ServicesArtisans | ServicesArtisans,text/html; charset=utf-8,false,200,0,false,og:typeog:urlog:descriptionog:title,"articlehttps://servicesartisans.fr/questions/prix-renovation-cuisine-completeUne rénovation de cuisine complète coûte entre 8 000 et 25 000 € pour une cuisine standard (10-15 m²). Ce budget inclut les meubles, l'électroménager, la plomberie, l'électricité et la pose. Une cuisine haut de gamme peut atteindre 30 000 à 50 000 €.Combien coûte une rénovation de cuisine complète ? | ServicesArtisans",0,true,0
20,https://servicesartisans.fr/blog/tag/rangement,rangement — Articles & Guides | ServicesArtisans | ServicesArtisans,text/html; charset=utf-8,false,200,0,false,og:typeog:localeog:urlog:descriptionog:title,"websitefr_FRhttps://servicesartisans.fr/blog/tag/rangementTous les articles sur rangement : conseils, prix, réglementation et guides pratiques par les experts ServicesArtisans.rangement — Articles & Guides | ServicesArtisans",0,true,0
20,https://servicesartisans.fr/blog/tag/etancheite,Étanchéité — Articles & Guides | ServicesArtisans | ServicesArtisans,text/html; charset=utf-8,false,200,0,false,og:typeog:localeog:urlog:descriptionog:title,"websitefr_FRhttps://servicesartisans.fr/blog/tag/etancheiteTous les articles sur étanchéité : conseils, prix, réglementation et guides pratiques par les experts ServicesArtisans.Étanchéité — Articles & Guides | ServicesArtisans",0,true,0
20,https://servicesartisans.fr/blog/tag/froid,froid — Articles & Guides | ServicesArtisans | ServicesArtisans,text/html; charset=utf-8,false,200,0,false,og:typeog:localeog:urlog:descriptionog:title,"websitefr_FRhttps://servicesartisans.fr/blog/tag/froidTous les articles sur froid : conseils, prix, réglementation et guides pratiques par les experts ServicesArtisans.froid — Articles & Guides | ServicesArtisans",0,true,0
20,https://servicesartisans.fr/blog/tag/deshivernage,déshivernage — Articles & Guides | ServicesArtisans | ServicesArtisans,text/html; charset=utf-8,false,200,0,false,og:typeog:localeog:urlog:descriptionog:title,"websitefr_FRhttps://servicesartisans.fr/blog/tag/deshivernageTous les articles sur déshivernage : conseils, prix, réglementation et guides pratiques par les experts ServicesArtisans.déshivernage — Articles & Guides | ServicesArtisans",0,true,0
20,https://servicesartisans.fr/blog/tag/qualifications,Qualifications — Articles & Guides | ServicesArtisans | ServicesArtisans,text/html; charset=utf-8,false,200,0,false,og:typeog:localeog:urlog:descriptionog:title,"websitefr_FRhttps://servicesartisans.fr/blog/tag/qualificationsTous les articles sur qualifications : conseils, prix, réglementation et guides pratiques par les experts ServicesArtisans.Qualifications — Articles & Guides | ServicesArtisans",0,true,0
20,https://servicesartisans.fr/blog/tag/cafards,Cafards — Articles & Guides | ServicesArtisans | ServicesArtisans,text/html; charset=utf-8,false,200,0,false,og:typeog:localeog:urlog:descriptionog:title,"websitefr_FRhttps://servicesartisans.fr/blog/tag/cafardsTous les articles sur cafards : conseils, prix, réglementation et guides pratiques par les experts ServicesArtisans.Cafards — Articles & Guides | ServicesArtisans",0,true,0
20,https://servicesartisans.fr/blog/tag/pose-flottante,pose flottante — Articles & Guides | ServicesArtisans | ServicesArtisans,text/html; charset=utf-8,false,200,0,false,og:typeog:localeog:urlog:descriptionog:title,"websitefr_FRhttps://servicesartisans.fr/blog/tag/pose-flottanteTous les articles sur pose flottante : conseils, prix, réglementation et guides pratiques par les experts ServicesArtisans.pose flottante — Articles & Guides | ServicesArtisans",0,true,0
20,https://servicesartisans.fr/blog/tag/guide,Guide — Articles & Guides | ServicesArtisans | ServicesArtisans,text/html; charset=utf-8,false,200,0,false,og:typeog:localeog:urlog:descriptionog:title,"websitefr_FRhttps://servicesartisans.fr/blog/tag/guideTous les articles sur guide : conseils, prix, réglementation et guides pratiques par les experts ServicesArtisans.Guide — Articles & Guides | ServicesArtisans",0,true,0
20,https://servicesartisans.fr/guides/isolation-combles,"Isolation des Combles : Guide Prix, Techniques et Aides 2026 | ServicesArtisans",text/html; charset=utf-8,false,200,0,false,og:typeog:site_nameog:urlog:descriptionog:title,"articleServicesArtisanshttps://servicesartisans.fr/guides/isolation-comblesGuide complet isolation des combles : combles perdus vs aménagés, techniques, matériaux, prix détaillés et aides financières 2026.Isolation des Combles : Guide Prix, Techniques et Aides 2026",0,true,0
20,https://servicesartisans.fr/questions/climatisation-reversible-avantages,Quels sont les avantages d’une climatisation réversible ? | ServicesArtisans | ServicesArtisans,text/html; charset=utf-8,false,200,0,false,og:typeog:urlog:descriptionog:title,"articlehttps://servicesartisans.fr/questions/climatisation-reversible-avantagesLa climatisation réversible chauffe en hiver et rafraîchit en été avec un seul appareil. Son COP de 3 à 4 signifie qu’elle produit 3 à 4 kWh de chaleur pour 1 kWh d’électricité consommé, soit 60 à 70 % d’économies par rapport à un radiateur électrique.Quels sont les avantages d’une climatisation réversible ? | ServicesArtisans",0,true,0
20,https://servicesartisans.fr/blog/tag/proces-verbal,Procès-verbal — Articles & Guides | ServicesArtisans | ServicesArtisans,text/html; charset=utf-8,false,200,0,false,og:typeog:localeog:urlog:descriptionog:title,"websitefr_FRhttps://servicesartisans.fr/blog/tag/proces-verbalTous les articles sur procès-verbal : conseils, prix, réglementation et guides pratiques par les experts ServicesArtisans.Procès-verbal — Articles & Guides | ServicesArtisans",0,true,0
20,https://servicesartisans.fr/blog/tag/diagnostiqueur,Diagnostiqueur — Articles & Guides | ServicesArtisans | ServicesArtisans,text/html; charset=utf-8,false,200,0,false,og:typeog:localeog:urlog:descriptionog:title,"websitefr_FRhttps://servicesartisans.fr/blog/tag/diagnostiqueurTous les articles sur diagnostiqueur : conseils, prix, réglementation et guides pratiques par les experts ServicesArtisans.Diagnostiqueur — Articles & Guides | ServicesArtisans",0,true,0
20,https://servicesartisans.fr/blog/tag/nord,Nord — Articles & Guides | ServicesArtisans | ServicesArtisans,text/html; charset=utf-8,false,200,0,false,og:typeog:localeog:urlog:descriptionog:title,"websitefr_FRhttps://servicesartisans.fr/blog/tag/nordTous les articles sur nord : conseils, prix, réglementation et guides pratiques par les experts ServicesArtisans.Nord — Articles & Guides | ServicesArtisans",0,true,0
20,https://servicesartisans.fr/blog/tag/haute-garonne,Haute-Garonne — Articles & Guides | ServicesArtisans | ServicesArtisans,text/html; charset=utf-8,false,200,0,false,og:typeog:localeog:urlog:descriptionog:title,"websitefr_FRhttps://servicesartisans.fr/blog/tag/haute-garonneTous les articles sur haute-garonne : conseils, prix, réglementation et guides pratiques par les experts ServicesArtisans.Haute-Garonne — Articles & Guides | ServicesArtisans",0,true,0
20,https://servicesartisans.fr/badge-artisan,Badge Artisan Vérifié — Votre certification | ServicesArtisans,text/html; charset=utf-8,false,200,0,false,og:typeog:localeog:urlog:descriptionog:title,"websitefr_FRhttps://servicesartisans.fr/badge-artisanGénérez votre badge ""Artisan Vérifié"" et intégrez-le sur votre site web. Gratuit, personnalisable et compatible tous sites.Badge Artisan Vérifié — Votre certification",0,true,0
20,https://servicesartisans.fr/blog/tag/platrier,Plâtrier — Articles & Guides | ServicesArtisans | ServicesArtisans,text/html; charset=utf-8,false,200,0,false,og:typeog:localeog:urlog:descriptionog:title,"websitefr_FRhttps://servicesartisans.fr/blog/tag/platrierTous les articles sur plâtrier : conseils, prix, réglementation et guides pratiques par les experts ServicesArtisans.Plâtrier — Articles & Guides | ServicesArtisans",0,true,0
20,https://servicesartisans.fr/blog/tag/remontees-capillaires,Remontées capillaires — Articles & Guides | ServicesArtisans | ServicesArtisans,text/html; charset=utf-8,false,200,0,false,og:typeog:localeog:urlog:descriptionog:title,"websitefr_FRhttps://servicesartisans.fr/blog/tag/remontees-capillairesTous les articles sur remontées capillaires : conseils, prix, réglementation et guides pratiques par les experts ServicesArtisans.Remontées capillaires — Articles & Guides | ServicesArtisans",0,true,0
20,https://servicesartisans.fr/comparaison/toiture-tuiles-vs-ardoise-vs-zinc,Toiture tuiles vs ardoise vs zinc : quel matériau de couverture choisir ? | ServicesArtisans,text/html; charset=utf-8,false,200,0,false,og:typeog:site_nameog:urlog:descriptionog:title,"articleServicesArtisanshttps://servicesartisans.fr/comparaison/toiture-tuiles-vs-ardoise-vs-zincComparatif couverture toiture tuiles, ardoise et zinc en 2026 : prix au m², durée de vie, entretien, esthétique. Guide pour choisir votre couverture.Toiture tuiles vs ardoise vs zinc : quel matériau de couverture choisir ?",0,true,0
20,https://servicesartisans.fr/blog/tag/ramonage,ramonage — Articles & Guides | ServicesArtisans | ServicesArtisans,text/html; charset=utf-8,false,200,0,false,og:typeog:localeog:urlog:descriptionog:title,"websitefr_FRhttps://servicesartisans.fr/blog/tag/ramonageTous les articles sur ramonage : conseils, prix, réglementation et guides pratiques par les experts ServicesArtisans.ramonage — Articles & Guides | ServicesArtisans",0,true,0
20,https://servicesartisans.fr/blog/tag/pmr-accessibilite,PMR accessibilité — Articles & Guides | ServicesArtisans | ServicesArtisans,text/html; charset=utf-8,false,200,0,false,og:typeog:localeog:urlog:descriptionog:title,"websitefr_FRhttps://servicesartisans.fr/blog/tag/pmr-accessibiliteTous les articles sur pmr accessibilité : conseils, prix, réglementation et guides pratiques par les experts ServicesArtisans.PMR accessibilité — Articles & Guides | ServicesArtisans",0,true,0
20,https://servicesartisans.fr/questions/prix-extension-maison-m2,Combien coûte une extension de maison au m² ? | ServicesArtisans | ServicesArtisans,text/html; charset=utf-8,false,200,0,false,og:typeog:urlog:descriptionog:title,"articlehttps://servicesartisans.fr/questions/prix-extension-maison-m2Une extension de maison coûte entre 1 200 et 2 500 €/m² pour une construction traditionnelle, 1 000 à 1 800 €/m² en ossature bois et 2 000 à 3 500 €/m² pour une surélévation. Les prix incluent le gros œuvre et le second œuvre.Combien coûte une extension de maison au m² ? | ServicesArtisans",0,true,0
20,https://servicesartisans.fr/blog/tag/gironde,Gironde — Articles & Guides | ServicesArtisans | ServicesArtisans,text/html; charset=utf-8,false,200,0,false,og:typeog:localeog:urlog:descriptionog:title,"websitefr_FRhttps://servicesartisans.fr/blog/tag/girondeTous les articles sur gironde : conseils, prix, réglementation et guides pratiques par les experts ServicesArtisans.Gironde — Articles & Guides | ServicesArtisans",0,true,0
20,https://servicesartisans.fr/blog/tag/maconnerie,Maçonnerie — Articles & Guides | ServicesArtisans | ServicesArtisans,text/html; charset=utf-8,false,200,0,false,og:typeog:localeog:urlog:descriptionog:title,"websitefr_FRhttps://servicesartisans.fr/blog/tag/maconnerieTous les articles sur maçonnerie : conseils, prix, réglementation et guides pratiques par les experts ServicesArtisans.Maçonnerie — Articles & Guides | ServicesArtisans",0,true,0
20,https://servicesartisans.fr/blog/tag/miroitier,Miroitier — Articles & Guides | ServicesArtisans | ServicesArtisans,text/html; charset=utf-8,false,200,0,false,og:typeog:localeog:urlog:descriptionog:title,"websitefr_FRhttps://servicesartisans.fr/blog/tag/miroitierTous les articles sur miroitier : conseils, prix, réglementation et guides pratiques par les experts ServicesArtisans.Miroitier — Articles & Guides | ServicesArtisans",0,true,0
20,https://servicesartisans.fr/comparaison/isolation-laine-vs-ouate-vs-polyurethane,"Isolants : laine de verre, ouate de cellulose ou polyuréthane ? | ServicesArtisans",text/html; charset=utf-8,false,200,0,false,og:typeog:site_nameog:urlog:descriptionog:title,"articleServicesArtisanshttps://servicesartisans.fr/comparaison/isolation-laine-vs-ouate-vs-polyurethaneComparatif des isolants en 2026 : laine de verre, ouate de cellulose et polyuréthane. Prix au m², performance thermique, écologie et mise en œuvre. Guide complet.Isolants : laine de verre, ouate de cellulose ou polyuréthane ?",0,true,0
20,https://servicesartisans.fr/blog/tag/parquet,Parquet — Articles & Guides | ServicesArtisans | ServicesArtisans,text/html; charset=utf-8,false,200,0,false,og:typeog:localeog:urlog:descriptionog:title,"websitefr_FRhttps://servicesartisans.fr/blog/tag/parquetTous les articles sur parquet : conseils, prix, réglementation et guides pratiques par les experts ServicesArtisans.Parquet — Articles & Guides | ServicesArtisans",0,true,0
20,https://servicesartisans.fr/blog/tag/bas-rhin,Bas-Rhin — Articles & Guides | ServicesArtisans | ServicesArtisans,text/html; charset=utf-8,false,200,0,false,og:typeog:localeog:urlog:descriptionog:title,"websitefr_FRhttps://servicesartisans.fr/blog/tag/bas-rhinTous les articles sur bas-rhin : conseils, prix, réglementation et guides pratiques par les experts ServicesArtisans.Bas-Rhin — Articles & Guides | ServicesArtisans",0,true,0
20,https://servicesartisans.fr/blog/tag/prix-peintre-en-batiment,Prix peintre en bâtiment — Articles & Guides | ServicesArtisans | ServicesArtisans,text/html; charset=utf-8,false,200,0,false,og:typeog:localeog:urlog:descriptionog:title,"websitefr_FRhttps://servicesartisans.fr/blog/tag/prix-peintre-en-batimentTous les articles sur prix peintre en bâtiment : conseils, prix, réglementation et guides pratiques par les experts ServicesArtisans.Prix peintre en bâtiment — Articles & Guides | ServicesArtisans",0,true,0
20,https://servicesartisans.fr/blog/tag/responsabilite,Responsabilité — Articles & Guides | ServicesArtisans | ServicesArtisans,text/html; charset=utf-8,false,200,0,false,og:typeog:localeog:urlog:descriptionog:title,"websitefr_FRhttps://servicesartisans.fr/blog/tag/responsabiliteTous les articles sur responsabilité : conseils, prix, réglementation et guides pratiques par les experts ServicesArtisans.Responsabilité — Articles & Guides | ServicesArtisans",0,true,0
20,https://servicesartisans.fr/blog/tag/construction-neuve,Construction neuve — Articles & Guides | ServicesArtisans | ServicesArtisans,text/html; charset=utf-8,false,200,0,false,og:typeog:localeog:urlog:descriptionog:title,"websitefr_FRhttps://servicesartisans.fr/blog/tag/construction-neuveTous les articles sur construction neuve : conseils, prix, réglementation et guides pratiques par les experts ServicesArtisans.Construction neuve — Articles & Guides | ServicesArtisans",0,true,0
20,https://servicesartisans.fr/questions/aide-pompe-chaleur-2026,Quelles aides pour une pompe à chaleur en 2026 ? | ServicesArtisans | ServicesArtisans,text/html; charset=utf-8,false,200,0,false,og:typeog:urlog:descriptionog:title,"articlehttps://servicesartisans.fr/questions/aide-pompe-chaleur-2026En 2026, MaPrimeRénov couvre jusqu'à 5 000 € pour une PAC air-eau et les CEE ajoutent 2 500 à 4 000 €. Le cumul peut atteindre 9 000 € selon vos revenus et la zone climatique.Quelles aides pour une pompe à chaleur en 2026 ? | ServicesArtisans",0,true,0
20,https://servicesartisans.fr/blog/tag/renovation-interieure,rénovation intérieure — Articles & Guides | ServicesArtisans | ServicesArtisans,text/html; charset=utf-8,false,200,0,false,og:typeog:localeog:urlog:descriptionog:title,"websitefr_FRhttps://servicesartisans.fr/blog/tag/renovation-interieureTous les articles sur rénovation intérieure : conseils, prix, réglementation et guides pratiques par les experts ServicesArtisans.rénovation intérieure — Articles & Guides | ServicesArtisans",0,true,0
20,https://servicesartisans.fr/blog/tag/macon,Maçon — Articles & Guides | ServicesArtisans | ServicesArtisans,text/html; charset=utf-8,false,200,0,false,og:typeog:localeog:urlog:descriptionog:title,"websitefr_FRhttps://servicesartisans.fr/blog/tag/maconTous les articles sur maçon : conseils, prix, réglementation et guides pratiques par les experts ServicesArtisans.Maçon — Articles & Guides | ServicesArtisans",0,true,0
20,https://servicesartisans.fr/blog/tag/prix-plombier,Prix plombier — Articles & Guides | ServicesArtisans | ServicesArtisans,text/html; charset=utf-8,false,200,0,false,og:typeog:localeog:urlog:descriptionog:title,"websitefr_FRhttps://servicesartisans.fr/blog/tag/prix-plombierTous les articles sur prix plombier : conseils, prix, réglementation et guides pratiques par les experts ServicesArtisans.Prix plombier — Articles & Guides | ServicesArtisans",0,true,0
20,https://servicesartisans.fr/blog/tag/maison,maison — Articles & Guides | ServicesArtisans | ServicesArtisans,text/html; charset=utf-8,false,200,0,false,og:typeog:localeog:urlog:descriptionog:title,"websitefr_FRhttps://servicesartisans.fr/blog/tag/maisonTous les articles sur maison : conseils, prix, réglementation et guides pratiques par les experts ServicesArtisans.maison — Articles & Guides | ServicesArtisans",0,true,0
20,https://servicesartisans.fr/blog/tag/normandie,Normandie — Articles & Guides | ServicesArtisans | ServicesArtisans,text/html; charset=utf-8,false,200,0,false,og:typeog:localeog:urlog:descriptionog:title,"websitefr_FRhttps://servicesartisans.fr/blog/tag/normandieTous les articles sur normandie : conseils, prix, réglementation et guides pratiques par les experts ServicesArtisans.Normandie — Articles & Guides | ServicesArtisans",0,true,0
20,https://servicesartisans.fr/maprimerenov-cumulaison-cee,"Cumul MaPrimeRénov’ et CEE 2026 : règles, plafonds, tableau | ServicesArtisans",text/html; charset=utf-8,false,200,0,false,og:typeog:localeog:site_nameog:urlog:descriptionog:title,"articlefr_FRServicesArtisanshttps://servicesartisans.fr/maprimerenov-cumulaison-ceeTout savoir sur le cumul MaPrimeRénov’ et CEE en 2026 : règles, parcours, plafonds, tableau par type de travaux, FAQ.Cumul MaPrimeRénov’ et CEE 2026 — guide complet",0,true,0
20,https://servicesartisans.fr/rge,Artisans RGE certifiés : trouvez un pro près de chez vous | ServicesArtisans,text/html; charset=utf-8,false,200,0,false,og:typeog:localeog:site_nameog:urlog:descriptionog:title,"websitefr_FRServicesArtisanshttps://servicesartisans.fr/rgeTous les artisans RGE actifs en France, sourcés ADEME. MaPrimeRénov’, CEE, TVA 5,5 %. Vérification gratuite en temps réel.Artisans RGE certifiés en France — Annuaire officiel ADEME",0,true,0
20,https://servicesartisans.fr/blog/tag/economies-energie,économies énergie — Articles & Guides | ServicesArtisans | ServicesArtisans,text/html; charset=utf-8,false,200,0,false,og:typeog:localeog:urlog:descriptionog:title,"websitefr_FRhttps://servicesartisans.fr/blog/tag/economies-energieTous les articles sur économies énergie : conseils, prix, réglementation et guides pratiques par les experts ServicesArtisans.économies énergie — Articles & Guides | ServicesArtisans",0,true,0
20,https://servicesartisans.fr/blog/tag/transport,Transport — Articles & Guides | ServicesArtisans | ServicesArtisans,text/html; charset=utf-8,false,200,0,false,og:typeog:localeog:urlog:descriptionog:title,"websitefr_FRhttps://servicesartisans.fr/blog/tag/transportTous les articles sur transport : conseils, prix, réglementation et guides pratiques par les experts ServicesArtisans.Transport — Articles & Guides | ServicesArtisans",0,true,0
20,https://servicesartisans.fr/blog/tag/finitions,finitions — Articles & Guides | ServicesArtisans | ServicesArtisans,text/html; charset=utf-8,false,200,0,false,og:typeog:localeog:urlog:descriptionog:title,"websitefr_FRhttps://servicesartisans.fr/blog/tag/finitionsTous les articles sur finitions : conseils, prix, réglementation et guides pratiques par les experts ServicesArtisans.finitions — Articles & Guides | ServicesArtisans",0,true,0
20,https://servicesartisans.fr/blog/tag/punaises-de-lit,punaises de lit — Articles & Guides | ServicesArtisans | ServicesArtisans,text/html; charset=utf-8,false,200,0,false,og:typeog:localeog:urlog:descriptionog:title,"websitefr_FRhttps://servicesartisans.fr/blog/tag/punaises-de-litTous les articles sur punaises de lit : conseils, prix, réglementation et guides pratiques par les experts ServicesArtisans.punaises de lit — Articles & Guides | ServicesArtisans",0,true,0
20,https://servicesartisans.fr/blog/tag/metier,Métier — Articles & Guides | ServicesArtisans | ServicesArtisans,text/html; charset=utf-8,false,200,0,false,og:typeog:localeog:urlog:descriptionog:title,"websitefr_FRhttps://servicesartisans.fr/blog/tag/metierTous les articles sur métier : conseils, prix, réglementation et guides pratiques par les experts ServicesArtisans.Métier — Articles & Guides | ServicesArtisans",0,true,0
20,https://servicesartisans.fr/blog/tag/investissement,Investissement — Articles & Guides | ServicesArtisans | ServicesArtisans,text/html; charset=utf-8,false,200,0,false,og:typeog:localeog:urlog:descriptionog:title,"websitefr_FRhttps://servicesartisans.fr/blog/tag/investissementTous les articles sur investissement : conseils, prix, réglementation et guides pratiques par les experts ServicesArtisans.Investissement — Articles & Guides | ServicesArtisans",0,true,0
20,https://servicesartisans.fr/blog/categorie/diy,DIY & Bricolage — Tutoriels Travaux | ServicesArtisans | ServicesArtisans,text/html; charset=utf-8,false,200,0,false,og:typeog:localeog:urlog:descriptionog:title,"websitefr_FRhttps://servicesartisans.fr/blog/categorie/diyQuels travaux faire soi-même ? Tutoriels bricolage, outils nécessaires et quand faire appel à un professionnel.DIY & Bricolage — Tutoriels Travaux | ServicesArtisans",0,true,0
20,https://servicesartisans.fr/questions/assurance-dommages-ouvrage,Qu'est-ce que l'assurance dommages-ouvrage ? | ServicesArtisans | ServicesArtisans,text/html; charset=utf-8,false,200,0,false,og:typeog:urlog:descriptionog:title,articlehttps://servicesartisans.fr/questions/assurance-dommages-ouvrageL'assurance dommages-ouvrage (DO) est obligatoire pour tout maître d'ouvrage faisant réaliser des travaux de construction. Elle permet un remboursement rapide des réparations sous 90 jours. Son coût est de 2 à 5 % du montant des travaux.Qu'est-ce que l'assurance dommages-ouvrage ? | ServicesArtisans,0,true,0
20,https://servicesartisans.fr/rge/comment-devenir-rge,Comment devenir artisan RGE en 2026 ? Guide complet | ServicesArtisans,text/html; charset=utf-8,false,200,0,false,og:typeog:localeog:urlog:descriptionog:title,"articlefr_FRhttps://servicesartisans.fr/rge/comment-devenir-rgeGuide pédagogique : organismes qualificateurs, 5 étapes pour obtenir la qualification RGE, coûts réels, cadre légal et pièges à éviter.Comment devenir artisan RGE en 2026 ?",0,true,0
20,https://servicesartisans.fr/blog/tag/carrelage,Carrelage — Articles & Guides | ServicesArtisans | ServicesArtisans,text/html; charset=utf-8,false,200,0,false,og:typeog:localeog:urlog:descriptionog:title,"websitefr_FRhttps://servicesartisans.fr/blog/tag/carrelageTous les articles sur carrelage : conseils, prix, réglementation et guides pratiques par les experts ServicesArtisans.Carrelage — Articles & Guides | ServicesArtisans",0,true,0
20,https://servicesartisans.fr/blog/tag/mitsubishi,Mitsubishi — Articles & Guides | ServicesArtisans | ServicesArtisans,text/html; charset=utf-8,false,200,0,false,og:typeog:localeog:urlog:descriptionog:title,"websitefr_FRhttps://servicesartisans.fr/blog/tag/mitsubishiTous les articles sur mitsubishi : conseils, prix, réglementation et guides pratiques par les experts ServicesArtisans.Mitsubishi — Articles & Guides | ServicesArtisans",0,true,0
20,https://servicesartisans.fr/blog/tag/passoires-thermiques,Passoires thermiques — Articles & Guides | ServicesArtisans | ServicesArtisans,text/html; charset=utf-8,false,200,0,false,og:typeog:localeog:urlog:descriptionog:title,"websitefr_FRhttps://servicesartisans.fr/blog/tag/passoires-thermiquesTous les articles sur passoires thermiques : conseils, prix, réglementation et guides pratiques par les experts ServicesArtisans.Passoires thermiques — Articles & Guides | ServicesArtisans",0,true,0
20,https://servicesartisans.fr/blog/tag/knx,KNX — Articles & Guides | ServicesArtisans | ServicesArtisans,text/html; charset=utf-8,false,200,0,false,og:typeog:localeog:urlog:descriptionog:title,"websitefr_FRhttps://servicesartisans.fr/blog/tag/knxTous les articles sur knx : conseils, prix, réglementation et guides pratiques par les experts ServicesArtisans.KNX — Articles & Guides | ServicesArtisans",0,true,0
20,https://servicesartisans.fr/blog/tag/wc-suspendu,WC suspendu — Articles & Guides | ServicesArtisans | ServicesArtisans,text/html; charset=utf-8,false,200,0,false,og:typeog:localeog:urlog:descriptionog:title,"websitefr_FRhttps://servicesartisans.fr/blog/tag/wc-suspenduTous les articles sur wc suspendu : conseils, prix, réglementation et guides pratiques par les experts ServicesArtisans.WC suspendu — Articles & Guides | ServicesArtisans",0,true,0
20,https://servicesartisans.fr/questions/financer-renovation-energetique,Comment financer sa rénovation énergétique ? | ServicesArtisans | ServicesArtisans,text/html; charset=utf-8,false,200,0,false,og:typeog:urlog:descriptionog:title,"articlehttps://servicesartisans.fr/questions/financer-renovation-energetiqueCombinez MaPrimeRénov' (jusqu'à 63 000 €), les CEE (2 000 à 5 000 €), l'éco-PTZ (jusqu'à 50 000 € à taux zéro), la TVA à 5,5 % et les aides locales. Pour les ménages modestes, le reste à charge peut descendre à 10 % du coût total.Comment financer sa rénovation énergétique ? | ServicesArtisans",0,true,0
20,https://servicesartisans.fr/blog/tag/mon-accompagnateur-renov,Mon Accompagnateur Rénov' — Articles & Guides | ServicesArtisans | ServicesArtisans,text/html; charset=utf-8,false,200,0,false,og:typeog:localeog:urlog:descriptionog:title,"websitefr_FRhttps://servicesartisans.fr/blog/tag/mon-accompagnateur-renovTous les articles sur mon accompagnateur rénov' : conseils, prix, réglementation et guides pratiques par les experts ServicesArtisans.Mon Accompagnateur Rénov' — Articles & Guides | ServicesArtisans",0,true,0
20,https://servicesartisans.fr/questions/pompe-chaleur-air-eau-ou-air-air,PAC air-eau ou air-air : quelle différence ? | ServicesArtisans | ServicesArtisans,text/html; charset=utf-8,false,200,0,false,og:typeog:urlog:descriptionog:title,"articlehttps://servicesartisans.fr/questions/pompe-chaleur-air-eau-ou-air-airLa PAC air-eau chauffe un circuit d’eau (radiateurs, plancher chauffant) et produit l’eau chaude sanitaire. La PAC air-air diffuse de l’air chaud via des splits et sert aussi de climatisation. La PAC air-eau est éligible aux aides MaPrimeRénov"", pas la PAC air-air.PAC air-eau ou air-air : quelle différence ? | ServicesArtisans",0,true,0
20,https://servicesartisans.fr/questions/assurance-dommage-ouvrage-obligatoire,L'assurance dommage-ouvrage est-elle obligatoire ? | ServicesArtisans | ServicesArtisans,text/html; charset=utf-8,false,200,0,false,og:typeog:urlog:descriptionog:title,"articlehttps://servicesartisans.fr/questions/assurance-dommage-ouvrage-obligatoireOui, l'assurance dommage-ouvrage (DO) est légalement obligatoire pour tout maître d'ouvrage faisant réaliser des travaux de construction (loi Spinetta de 1978). En pratique, les particuliers ne la souscrivent pas toujours, mais son absence complique la revente du bien dans les 10 ans.L'assurance dommage-ouvrage est-elle obligatoire ? | ServicesArtisans",0,true,0
20,https://servicesartisans.fr/blog/tag/beton-cire,béton ciré — Articles & Guides | ServicesArtisans | ServicesArtisans,text/html; charset=utf-8,false,200,0,false,og:typeog:localeog:urlog:descriptionog:title,"websitefr_FRhttps://servicesartisans.fr/blog/tag/beton-cireTous les articles sur béton ciré : conseils, prix, réglementation et guides pratiques par les experts ServicesArtisans.béton ciré — Articles & Guides | ServicesArtisans",0,true,0
20,https://servicesartisans.fr/comparaison/volet-roulant-vs-battant-vs-persienne,Volet roulant vs battant vs persienne : lequel choisir ? | ServicesArtisans,text/html; charset=utf-8,false,200,0,false,og:typeog:site_nameog:urlog:descriptionog:title,"articleServicesArtisanshttps://servicesartisans.fr/comparaison/volet-roulant-vs-battant-vs-persienneComparatif volets roulants, battants et persiennes en 2026 : prix, isolation, sécurité, esthétique. Guide complet pour choisir vos volets.Volet roulant vs battant vs persienne : lequel choisir ?",0,true,0
20,https://servicesartisans.fr/blog/tag/tva-reduite,TVA réduite — Articles & Guides | ServicesArtisans | ServicesArtisans,text/html; charset=utf-8,false,200,0,false,og:typeog:localeog:urlog:descriptionog:title,"websitefr_FRhttps://servicesartisans.fr/blog/tag/tva-reduiteTous les articles sur tva réduite : conseils, prix, réglementation et guides pratiques par les experts ServicesArtisans.TVA réduite — Articles & Guides | ServicesArtisans",0,true,0
20,https://servicesartisans.fr/blog/tag/diagnostic-immobilier,Diagnostic immobilier — Articles & Guides | ServicesArtisans | ServicesArtisans,text/html; charset=utf-8,false,200,0,false,og:typeog:localeog:urlog:descriptionog:title,"websitefr_FRhttps://servicesartisans.fr/blog/tag/diagnostic-immobilierTous les articles sur diagnostic immobilier : conseils, prix, réglementation et guides pratiques par les experts ServicesArtisans.Diagnostic immobilier — Articles & Guides | ServicesArtisans",0,true,0
20,https://servicesartisans.fr/comparaison/vmc-simple-flux-vs-double-flux,VMC simple flux vs double flux : quel système de ventilation ? | ServicesArtisans,text/html; charset=utf-8,false,200,0,false,og:typeog:site_nameog:urlog:descriptionog:title,"articleServicesArtisanshttps://servicesartisans.fr/comparaison/vmc-simple-flux-vs-double-fluxComparatif VMC simple flux vs double flux en 2026 : prix, économies d'énergie, qualité de l'air, entretien. Guide pour choisir votre ventilation mécanique.VMC simple flux vs double flux : quel système de ventilation ?",0,true,0
20,https://servicesartisans.fr/questions/comment-choisir-plombier,Comment choisir un bon plombier ? | ServicesArtisans | ServicesArtisans,text/html; charset=utf-8,false,200,0,false,og:typeog:urlog:descriptionog:title,"articlehttps://servicesartisans.fr/questions/comment-choisir-plombierPour choisir un plombier fiable, vérifiez son numéro SIRET, son assurance décennale et ses avis en ligne. Demandez 3 devis détaillés, comparez les prix et méfiez-vous des tarifs anormalement bas.Comment choisir un bon plombier ? | ServicesArtisans",0,true,0
20,https://servicesartisans.fr/comparaison/escalier-bois-vs-metal-vs-beton,Escalier bois vs métal vs béton : lequel choisir ? | ServicesArtisans,text/html; charset=utf-8,false,200,0,false,og:typeog:site_nameog:urlog:descriptionog:title,"articleServicesArtisanshttps://servicesartisans.fr/comparaison/escalier-bois-vs-metal-vs-betonComparatif escalier bois, métal et béton en 2026 : prix, esthétique, solidité, entretien. Guide pour choisir votre escalier intérieur ou extérieur.Escalier bois vs métal vs béton : lequel choisir ?",0,true,0
20,https://servicesartisans.fr/blog/tag/calendrier-travaux,calendrier travaux — Articles & Guides | ServicesArtisans | ServicesArtisans,text/html; charset=utf-8,false,200,0,false,og:typeog:localeog:urlog:descriptionog:title,"websitefr_FRhttps://servicesartisans.fr/blog/tag/calendrier-travauxTous les articles sur calendrier travaux : conseils, prix, réglementation et guides pratiques par les experts ServicesArtisans.calendrier travaux — Articles & Guides | ServicesArtisans",0,true,0
20,https://servicesartisans.fr/questions/tarif-electricien-au-m2,Quel est le tarif d'un électricien au m² ? | ServicesArtisans | ServicesArtisans,text/html; charset=utf-8,false,200,0,false,og:typeog:urlog:descriptionog:title,"articlehttps://servicesartisans.fr/questions/tarif-electricien-au-m2Le tarif d'un électricien est de 80 à 120 € par m² pour une installation neuve complète, et de 50 à 80 € par m² pour une rénovation partielle. Le taux horaire moyen se situe entre 40 et 60 € HT.Quel est le tarif d'un électricien au m² ? | ServicesArtisans",0,true,0
20,https://servicesartisans.fr/comparaison/pompe-a-chaleur-vs-chaudiere-gaz,Pompe à chaleur vs Chaudière gaz : quel chauffage choisir ? | ServicesArtisans,text/html; charset=utf-8,false,200,0,false,og:typeog:site_nameog:urlog:descriptionog:title,"articleServicesArtisanshttps://servicesartisans.fr/comparaison/pompe-a-chaleur-vs-chaudiere-gazComparatif complet pompe à chaleur vs chaudière gaz en 2026 : prix, rendement, aides, durée de vie. Découvrez quelle solution de chauffage est la plus adaptée à votre logement.Pompe à chaleur vs Chaudière gaz : quel chauffage choisir ?",0,true,0
20,https://servicesartisans.fr/comparaison/porte-blindee-vs-renforcee,Porte blindée vs porte renforcée : laquelle pour votre sécurité ? | ServicesArtisans,text/html; charset=utf-8,false,200,0,false,og:typeog:site_nameog:urlog:descriptionog:title,"articleServicesArtisanshttps://servicesartisans.fr/comparaison/porte-blindee-vs-renforceeComparatif porte blindée vs porte renforcée en 2026 : prix, niveau de sécurité, certification A2P, installation. Guide pour protéger votre logement.Porte blindée vs porte renforcée : laquelle pour votre sécurité ?",0,true,0
20,https://servicesartisans.fr/blog/tag/voiture-electrique,voiture électrique — Articles & Guides | ServicesArtisans | ServicesArtisans,text/html; charset=utf-8,false,200,0,false,og:typeog:localeog:urlog:descriptionog:title,"websitefr_FRhttps://servicesartisans.fr/blog/tag/voiture-electriqueTous les articles sur voiture électrique : conseils, prix, réglementation et guides pratiques par les experts ServicesArtisans.voiture électrique — Articles & Guides | ServicesArtisans",0,true,0
20,https://servicesartisans.fr/blog/tag/location,location — Articles & Guides | ServicesArtisans | ServicesArtisans,text/html; charset=utf-8,false,200,0,false,og:typeog:localeog:urlog:descriptionog:title,"websitefr_FRhttps://servicesartisans.fr/blog/tag/locationTous les articles sur location : conseils, prix, réglementation et guides pratiques par les experts ServicesArtisans.location — Articles & Guides | ServicesArtisans",0,true,0
20,https://servicesartisans.fr/blog/tag/reception,Réception — Articles & Guides | ServicesArtisans | ServicesArtisans,text/html; charset=utf-8,false,200,0,false,og:typeog:localeog:urlog:descriptionog:title,"websitefr_FRhttps://servicesartisans.fr/blog/tag/receptionTous les articles sur réception : conseils, prix, réglementation et guides pratiques par les experts ServicesArtisans.Réception — Articles & Guides | ServicesArtisans",0,true,0
20,https://servicesartisans.fr/blog/tag/tva,TVA — Articles & Guides | ServicesArtisans | ServicesArtisans,text/html; charset=utf-8,false,200,0,false,og:typeog:localeog:urlog:descriptionog:title,"websitefr_FRhttps://servicesartisans.fr/blog/tag/tvaTous les articles sur tva : conseils, prix, réglementation et guides pratiques par les experts ServicesArtisans.TVA — Articles & Guides | ServicesArtisans",0,true,0
20,https://servicesartisans.fr/blog/tag/interrupteur,interrupteur — Articles & Guides | ServicesArtisans | ServicesArtisans,text/html; charset=utf-8,false,200,0,false,og:typeog:localeog:urlog:descriptionog:title,"websitefr_FRhttps://servicesartisans.fr/blog/tag/interrupteurTous les articles sur interrupteur : conseils, prix, réglementation et guides pratiques par les experts ServicesArtisans.interrupteur — Articles & Guides | ServicesArtisans",0,true,0
20,https://servicesartisans.fr/blog/tag/toiture,toiture — Articles & Guides | ServicesArtisans | ServicesArtisans,text/html; charset=utf-8,false,200,0,false,og:typeog:localeog:urlog:descriptionog:title,"websitefr_FRhttps://servicesartisans.fr/blog/tag/toitureTous les articles sur toiture : conseils, prix, réglementation et guides pratiques par les experts ServicesArtisans.toiture — Articles & Guides | ServicesArtisans",0,true,0
20,https://servicesartisans.fr/blog/tag/2026,2026 — Articles & Guides | ServicesArtisans | ServicesArtisans,text/html; charset=utf-8,false,200,0,false,og:typeog:localeog:urlog:descriptionog:title,"websitefr_FRhttps://servicesartisans.fr/blog/tag/2026Tous les articles sur 2026 : conseils, prix, réglementation et guides pratiques par les experts ServicesArtisans.2026 — Articles & Guides | ServicesArtisans",0,true,0
20,https://servicesartisans.fr/blog/tag/veranda,véranda — Articles & Guides | ServicesArtisans | ServicesArtisans,text/html; charset=utf-8,false,200,0,false,og:typeog:localeog:urlog:descriptionog:title,"websitefr_FRhttps://servicesartisans.fr/blog/tag/verandaTous les articles sur véranda : conseils, prix, réglementation et guides pratiques par les experts ServicesArtisans.véranda — Articles & Guides | ServicesArtisans",0,true,0
20,https://servicesartisans.fr/questions/prix-renovation-electrique-appartement,Combien coûte une rénovation électrique complète ? | ServicesArtisans | ServicesArtisans,text/html; charset=utf-8,false,200,0,false,og:typeog:urlog:descriptionog:title,"articlehttps://servicesartisans.fr/questions/prix-renovation-electrique-appartementUne rénovation électrique complète coûte entre 80 et 150 €/m² selon l’état de l’installation existante. Pour un appartement de 70 m², comptez 6 000 à 12 000 € TTC, incluant tableau, câblage, prises, interrupteurs et mise aux normes NF C 15-100.Combien coûte une rénovation électrique complète ? | ServicesArtisans",0,true,0
20,https://servicesartisans.fr/blog/tag/solaire,Solaire — Articles & Guides | ServicesArtisans | ServicesArtisans,text/html; charset=utf-8,false,200,0,false,og:typeog:localeog:urlog:descriptionog:title,"websitefr_FRhttps://servicesartisans.fr/blog/tag/solaireTous les articles sur solaire : conseils, prix, réglementation et guides pratiques par les experts ServicesArtisans.Solaire — Articles & Guides | ServicesArtisans",0,true,0
20,https://servicesartisans.fr/blog/tag/legislation,Legislation — Articles & Guides | ServicesArtisans | ServicesArtisans,text/html; charset=utf-8,false,200,0,false,og:typeog:localeog:urlog:descriptionog:title,"websitefr_FRhttps://servicesartisans.fr/blog/tag/legislationTous les articles sur legislation : conseils, prix, réglementation et guides pratiques par les experts ServicesArtisans.Legislation — Articles & Guides | ServicesArtisans",0,true,0
20,https://servicesartisans.fr/blog/tag/printemps,printemps — Articles & Guides | ServicesArtisans | ServicesArtisans,text/html; charset=utf-8,false,200,0,false,og:typeog:localeog:urlog:descriptionog:title,"websitefr_FRhttps://servicesartisans.fr/blog/tag/printempsTous les articles sur printemps : conseils, prix, réglementation et guides pratiques par les experts ServicesArtisans.printemps — Articles & Guides | ServicesArtisans",0,true,0
20,https://servicesartisans.fr/blog/tag/pac,PAC — Articles & Guides | ServicesArtisans | ServicesArtisans,text/html; charset=utf-8,false,200,0,false,og:typeog:localeog:urlog:descriptionog:title,"websitefr_FRhttps://servicesartisans.fr/blog/tag/pacTous les articles sur pac : conseils, prix, réglementation et guides pratiques par les experts ServicesArtisans.PAC — Articles & Guides | ServicesArtisans",0,true,0
20,https://servicesartisans.fr/guides/devis-travaux,Devis Travaux : Guide Complet pour Bien Comparer (2026) | ServicesArtisans,text/html; charset=utf-8,false,200,0,false,og:typeog:site_nameog:urlog:descriptionog:title,"articleServicesArtisanshttps://servicesartisans.fr/guides/devis-travauxGuide complet pour obtenir, comparer et négocier vos devis travaux en 2026.Devis Travaux : Guide Complet pour Bien Comparer",0,true,0
20,https://servicesartisans.fr/blog/tag/entretien-exterieur,entretien extérieur — Articles & Guides | ServicesArtisans | ServicesArtisans,text/html; charset=utf-8,false,200,0,false,og:typeog:localeog:urlog:descriptionog:title,"websitefr_FRhttps://servicesartisans.fr/blog/tag/entretien-exterieurTous les articles sur entretien extérieur : conseils, prix, réglementation et guides pratiques par les experts ServicesArtisans.entretien extérieur — Articles & Guides | ServicesArtisans",0,true,0
20,https://servicesartisans.fr/blog/tag/region-sud,Région Sud — Articles & Guides | ServicesArtisans | ServicesArtisans,text/html; charset=utf-8,false,200,0,false,og:typeog:localeog:urlog:descriptionog:title,"websitefr_FRhttps://servicesartisans.fr/blog/tag/region-sudTous les articles sur région sud : conseils, prix, réglementation et guides pratiques par les experts ServicesArtisans.Région Sud — Articles & Guides | ServicesArtisans",0,true,0
20,https://servicesartisans.fr/blog/tag/detartrage,détartrage — Articles & Guides | ServicesArtisans | ServicesArtisans,text/html; charset=utf-8,false,200,0,false,og:typeog:localeog:urlog:descriptionog:title,"websitefr_FRhttps://servicesartisans.fr/blog/tag/detartrageTous les articles sur détartrage : conseils, prix, réglementation et guides pratiques par les experts ServicesArtisans.détartrage — Articles & Guides | ServicesArtisans",0,true,0
20,https://servicesartisans.fr/blog/tag/a2p,A2P — Articles & Guides | ServicesArtisans | ServicesArtisans,text/html; charset=utf-8,false,200,0,false,og:typeog:localeog:urlog:descriptionog:title,"websitefr_FRhttps://servicesartisans.fr/blog/tag/a2pTous les articles sur a2p : conseils, prix, réglementation et guides pratiques par les experts ServicesArtisans.A2P — Articles & Guides | ServicesArtisans",0,true,0
20,https://servicesartisans.fr/blog/tag/canalisations,canalisations — Articles & Guides | ServicesArtisans | ServicesArtisans,text/html; charset=utf-8,false,200,0,false,og:typeog:localeog:urlog:descriptionog:title,"websitefr_FRhttps://servicesartisans.fr/blog/tag/canalisationsTous les articles sur canalisations : conseils, prix, réglementation et guides pratiques par les experts ServicesArtisans.canalisations — Articles & Guides | ServicesArtisans",0,true,0
20,https://servicesartisans.fr/blog/tag/patrimoine,Patrimoine — Articles & Guides | ServicesArtisans | ServicesArtisans,text/html; charset=utf-8,false,200,0,false,og:typeog:localeog:urlog:descriptionog:title,"websitefr_FRhttps://servicesartisans.fr/blog/tag/patrimoineTous les articles sur patrimoine : conseils, prix, réglementation et guides pratiques par les experts ServicesArtisans.Patrimoine — Articles & Guides | ServicesArtisans",0,true,0
20,https://servicesartisans.fr/blog/tag/vmc,VMC — Articles & Guides | ServicesArtisans | ServicesArtisans,text/html; charset=utf-8,false,200,0,false,og:typeog:localeog:urlog:descriptionog:title,"websitefr_FRhttps://servicesartisans.fr/blog/tag/vmcTous les articles sur vmc : conseils, prix, réglementation et guides pratiques par les experts ServicesArtisans.VMC — Articles & Guides | ServicesArtisans",0,true,0
20,https://servicesartisans.fr/blog/tag/autorisation,autorisation — Articles & Guides | ServicesArtisans | ServicesArtisans,text/html; charset=utf-8,false,200,0,false,og:typeog:localeog:urlog:descriptionog:title,"websitefr_FRhttps://servicesartisans.fr/blog/tag/autorisationTous les articles sur autorisation : conseils, prix, réglementation et guides pratiques par les experts ServicesArtisans.autorisation — Articles & Guides | ServicesArtisans",0,true,0
20,https://servicesartisans.fr/calendrier-travaux,Calendrier des Travaux 2026 : Guide Mois par Mois | ServicesArtisans,text/html; charset=utf-8,false,200,0,false,og:typeog:site_nameog:urlog:descriptionog:title,"websiteServicesArtisanshttps://servicesartisans.fr/calendrier-travauxGuide mois par mois pour planifier vos travaux au bon moment. Travaux recommandés, à éviter et conseils saisonniers.Calendrier des travaux : quand faire quoi ?",0,true,0
20,https://servicesartisans.fr/blog/tag/chaux,chaux — Articles & Guides | ServicesArtisans | ServicesArtisans,text/html; charset=utf-8,false,200,0,false,og:typeog:localeog:urlog:descriptionog:title,"websitefr_FRhttps://servicesartisans.fr/blog/tag/chauxTous les articles sur chaux : conseils, prix, réglementation et guides pratiques par les experts ServicesArtisans.chaux — Articles & Guides | ServicesArtisans",0,true,0
20,https://servicesartisans.fr/blog/tag/budget-domotique,budget domotique — Articles & Guides | ServicesArtisans | ServicesArtisans,text/html; charset=utf-8,false,200,0,false,og:typeog:localeog:urlog:descriptionog:title,"websitefr_FRhttps://servicesartisans.fr/blog/tag/budget-domotiqueTous les articles sur budget domotique : conseils, prix, réglementation et guides pratiques par les experts ServicesArtisans.budget domotique — Articles & Guides | ServicesArtisans",0,true,0
20,https://servicesartisans.fr/blog/tag/poncage,Ponçage — Articles & Guides | ServicesArtisans | ServicesArtisans,text/html; charset=utf-8,false,200,0,false,og:typeog:localeog:urlog:descriptionog:title,"websitefr_FRhttps://servicesartisans.fr/blog/tag/poncageTous les articles sur ponçage : conseils, prix, réglementation et guides pratiques par les experts ServicesArtisans.Ponçage — Articles & Guides | ServicesArtisans",0,true,0
20,https://servicesartisans.fr/questions/chaudiere-en-panne-hiver,Chaudière en panne en hiver : que faire ? | ServicesArtisans | ServicesArtisans,text/html; charset=utf-8,false,200,0,false,og:typeog:urlog:descriptionog:title,"articlehttps://servicesartisans.fr/questions/chaudiere-en-panne-hiverVérifiez la pression (1 à 1,5 bar), le thermostat et l'alimentation électrique. Relancez la chaudière avec le bouton reset. Si elle ne redémarre pas, appelez un chauffagiste. Utilisez des chauffages d'appoint en attendant.Chaudière en panne en hiver : que faire ? | ServicesArtisans",0,true,0
20,https://servicesartisans.fr/blog/tag/degat-des-eaux,Dégât des eaux — Articles & Guides | ServicesArtisans | ServicesArtisans,text/html; charset=utf-8,false,200,0,false,og:typeog:localeog:urlog:descriptionog:title,"websitefr_FRhttps://servicesartisans.fr/blog/tag/degat-des-eauxTous les articles sur dégât des eaux : conseils, prix, réglementation et guides pratiques par les experts ServicesArtisans.Dégât des eaux — Articles & Guides | ServicesArtisans",0,true,0
20,https://servicesartisans.fr/blog/tag/pierre,pierre — Articles & Guides | ServicesArtisans | ServicesArtisans,text/html; charset=utf-8,false,200,0,false,og:typeog:localeog:urlog:descriptionog:title,"websitefr_FRhttps://servicesartisans.fr/blog/tag/pierreTous les articles sur pierre : conseils, prix, réglementation et guides pratiques par les experts ServicesArtisans.pierre — Articles & Guides | ServicesArtisans",0,true,0
20,https://servicesartisans.fr/blog/tag/aides-renovation,aides rénovation — Articles & Guides | ServicesArtisans | ServicesArtisans,text/html; charset=utf-8,false,200,0,false,og:typeog:localeog:urlog:descriptionog:title,"websitefr_FRhttps://servicesartisans.fr/blog/tag/aides-renovationTous les articles sur aides rénovation : conseils, prix, réglementation et guides pratiques par les experts ServicesArtisans.aides rénovation — Articles & Guides | ServicesArtisans",0,true,0
20,https://servicesartisans.fr/questions/permis-construire-quand-obligatoire,Quand le permis de construire est-il obligatoire ? | ServicesArtisans | ServicesArtisans,text/html; charset=utf-8,false,200,0,false,og:typeog:urlog:descriptionog:title,"articlehttps://servicesartisans.fr/questions/permis-construire-quand-obligatoireLe permis de construire est obligatoire pour toute construction nouvelle de plus de 20 m² et pour les extensions de plus de 40 m² en zone urbaine (PLU). En dessous, une déclaration préalable suffit. Aucune formalité sous 5 m².Quand le permis de construire est-il obligatoire ? | ServicesArtisans",0,true,0
20,https://servicesartisans.fr/blog/tag/ete,été — Articles & Guides | ServicesArtisans | ServicesArtisans,text/html; charset=utf-8,false,200,0,false,og:typeog:localeog:urlog:descriptionog:title,"websitefr_FRhttps://servicesartisans.fr/blog/tag/eteTous les articles sur été : conseils, prix, réglementation et guides pratiques par les experts ServicesArtisans.été — Articles & Guides | ServicesArtisans",0,true,0
20,https://servicesartisans.fr/checklist-travaux,Checklist Avant Travaux 2026 : 60 Points Clés | ServicesArtisans,text/html; charset=utf-8,false,200,0,false,og:typeog:urlog:descriptionog:title,"websitehttps://servicesartisans.fr/checklist-travauxLa checklist ultime pour préparer vos travaux de A à Z. Budget, artisans, chantier, réception : ne laissez rien au hasard.Checklist Avant Travaux 2026 : 60 Points de Contrôle",0,true,0
20,https://servicesartisans.fr/guides/eviter-arnaques-artisan,Arnaques Artisans : Comment les Repérer et s'en Protéger | ServicesArtisans,text/html; charset=utf-8,false,200,0,false,og:typeog:site_nameog:urlog:descriptionog:title,"articleServicesArtisanshttps://servicesartisans.fr/guides/eviter-arnaques-artisanGuide complet pour identifier et éviter les arnaques artisans. Signaux d'alerte, vérifications et recours.Arnaques Artisans : Comment les Repérer et s'en Protéger",0,true,0
20,https://servicesartisans.fr/blog/tag/surelevation,surélévation — Articles & Guides | ServicesArtisans | ServicesArtisans,text/html; charset=utf-8,false,200,0,false,og:typeog:localeog:urlog:descriptionog:title,"websitefr_FRhttps://servicesartisans.fr/blog/tag/surelevationTous les articles sur surélévation : conseils, prix, réglementation et guides pratiques par les experts ServicesArtisans.surélévation — Articles & Guides | ServicesArtisans",0,true,0
20,https://servicesartisans.fr/comparaison/chaudiere-gaz-vs-electrique-vs-pac,Chaudière gaz vs Électrique vs PAC : comparatif chauffage 2026 | ServicesArtisans,text/html; charset=utf-8,false,200,0,false,og:typeog:site_nameog:urlog:descriptionog:title,"articleServicesArtisanshttps://servicesartisans.fr/comparaison/chaudiere-gaz-vs-electrique-vs-pacComparatif chaudière gaz, chauffage électrique et pompe à chaleur en 2026 : coûts, consommation, aides, avantages. Quel système de chauffage choisir ?Chaudière gaz vs Électrique vs PAC : comparatif chauffage 2026",0,true,0
20,https://servicesartisans.fr/blog/tag/passoire-thermique,passoire thermique — Articles & Guides | ServicesArtisans | ServicesArtisans,text/html; charset=utf-8,false,200,0,false,og:typeog:localeog:urlog:descriptionog:title,"websitefr_FRhttps://servicesartisans.fr/blog/tag/passoire-thermiqueTous les articles sur passoire thermique : conseils, prix, réglementation et guides pratiques par les experts ServicesArtisans.passoire thermique — Articles & Guides | ServicesArtisans",0,true,0
20,https://servicesartisans.fr/blog/tag/carbone,Carbone — Articles & Guides | ServicesArtisans | ServicesArtisans,text/html; charset=utf-8,false,200,0,false,og:typeog:localeog:urlog:descriptionog:title,"websitefr_FRhttps://servicesartisans.fr/blog/tag/carboneTous les articles sur carbone : conseils, prix, réglementation et guides pratiques par les experts ServicesArtisans.Carbone — Articles & Guides | ServicesArtisans",0,true,0
20,https://servicesartisans.fr/blog/tag/photovoltaique,photovoltaïque — Articles & Guides | ServicesArtisans | ServicesArtisans,text/html; charset=utf-8,false,200,0,false,og:typeog:localeog:urlog:descriptionog:title,"websitefr_FRhttps://servicesartisans.fr/blog/tag/photovoltaiqueTous les articles sur photovoltaïque : conseils, prix, réglementation et guides pratiques par les experts ServicesArtisans.photovoltaïque — Articles & Guides | ServicesArtisans",0,true,0
20,https://servicesartisans.fr/blog/tag/financement-travaux,Financement travaux — Articles & Guides | ServicesArtisans | ServicesArtisans,text/html; charset=utf-8,false,200,0,false,og:typeog:localeog:urlog:descriptionog:title,"websitefr_FRhttps://servicesartisans.fr/blog/tag/financement-travauxTous les articles sur financement travaux : conseils, prix, réglementation et guides pratiques par les experts ServicesArtisans.Financement travaux — Articles & Guides | ServicesArtisans",0,true,0
20,https://servicesartisans.fr/blog/tag/rentabilite-solaire,rentabilité solaire — Articles & Guides | ServicesArtisans | ServicesArtisans,text/html; charset=utf-8,false,200,0,false,og:typeog:localeog:urlog:descriptionog:title,"websitefr_FRhttps://servicesartisans.fr/blog/tag/rentabilite-solaireTous les articles sur rentabilité solaire : conseils, prix, réglementation et guides pratiques par les experts ServicesArtisans.rentabilité solaire — Articles & Guides | ServicesArtisans",0,true,0
20,https://servicesartisans.fr/blog/tag/fixation,fixation — Articles & Guides | ServicesArtisans | ServicesArtisans,text/html; charset=utf-8,false,200,0,false,og:typeog:localeog:urlog:descriptionog:title,"websitefr_FRhttps://servicesartisans.fr/blog/tag/fixationTous les articles sur fixation : conseils, prix, réglementation et guides pratiques par les experts ServicesArtisans.fixation — Articles & Guides | ServicesArtisans",0,true,0
20,https://servicesartisans.fr/blog/tag/pierre-naturelle,pierre naturelle — Articles & Guides | ServicesArtisans | ServicesArtisans,text/html; charset=utf-8,false,200,0,false,og:typeog:localeog:urlog:descriptionog:title,"websitefr_FRhttps://servicesartisans.fr/blog/tag/pierre-naturelleTous les articles sur pierre naturelle : conseils, prix, réglementation et guides pratiques par les experts ServicesArtisans.pierre naturelle — Articles & Guides | ServicesArtisans",0,true,0
20,https://servicesartisans.fr/blog/tag/electromenager,électroménager — Articles & Guides | ServicesArtisans | ServicesArtisans,text/html; charset=utf-8,false,200,0,false,og:typeog:localeog:urlog:descriptionog:title,"websitefr_FRhttps://servicesartisans.fr/blog/tag/electromenagerTous les articles sur électroménager : conseils, prix, réglementation et guides pratiques par les experts ServicesArtisans.électroménager — Articles & Guides | ServicesArtisans",0,true,0
20,https://servicesartisans.fr/blog/tag/rongeurs,rongeurs — Articles & Guides | ServicesArtisans | ServicesArtisans,text/html; charset=utf-8,false,200,0,false,og:typeog:localeog:urlog:descriptionog:title,"websitefr_FRhttps://servicesartisans.fr/blog/tag/rongeursTous les articles sur rongeurs : conseils, prix, réglementation et guides pratiques par les experts ServicesArtisans.rongeurs — Articles & Guides | ServicesArtisans",0,true,0
20,https://servicesartisans.fr/questions/quels-travaux-declaration-prealable,Quels travaux nécessitent une déclaration préalable ? | ServicesArtisans | ServicesArtisans,text/html; charset=utf-8,false,200,0,false,og:typeog:urlog:descriptionog:title,"articlehttps://servicesartisans.fr/questions/quels-travaux-declaration-prealableUne déclaration préalable est requise pour les constructions de 5 à 20 m² (40 m² en zone PLU), les modifications de façade (ravalement, fenêtres, volets), les piscines de 10 à 100 m², les clôtures en secteur protégé et les changements de destination sans modification de structure.Quels travaux nécessitent une déclaration préalable ? | ServicesArtisans",0,true,0
20,https://servicesartisans.fr/blog/tag/fuite,fuite — Articles & Guides | ServicesArtisans | ServicesArtisans,text/html; charset=utf-8,false,200,0,false,og:typeog:localeog:urlog:descriptionog:title,"websitefr_FRhttps://servicesartisans.fr/blog/tag/fuiteTous les articles sur fuite : conseils, prix, réglementation et guides pratiques par les experts ServicesArtisans.fuite — Articles & Guides | ServicesArtisans",0,true,0
20,https://servicesartisans.fr/blog/tag/purge,purge — Articles & Guides | ServicesArtisans | ServicesArtisans,text/html; charset=utf-8,false,200,0,false,og:typeog:localeog:urlog:descriptionog:title,"websitefr_FRhttps://servicesartisans.fr/blog/tag/purgeTous les articles sur purge : conseils, prix, réglementation et guides pratiques par les experts ServicesArtisans.purge — Articles & Guides | ServicesArtisans",0,true,0
20,https://servicesartisans.fr/blog/tag/combles,combles — Articles & Guides | ServicesArtisans | ServicesArtisans,text/html; charset=utf-8,false,200,0,false,og:typeog:localeog:urlog:descriptionog:title,"websitefr_FRhttps://servicesartisans.fr/blog/tag/comblesTous les articles sur combles : conseils, prix, réglementation et guides pratiques par les experts ServicesArtisans.combles — Articles & Guides | ServicesArtisans",0,true,0
20,https://servicesartisans.fr/blog/tag/hiver,hiver — Articles & Guides | ServicesArtisans | ServicesArtisans,text/html; charset=utf-8,false,200,0,false,og:typeog:localeog:urlog:descriptionog:title,"websitefr_FRhttps://servicesartisans.fr/blog/tag/hiverTous les articles sur hiver : conseils, prix, réglementation et guides pratiques par les experts ServicesArtisans.hiver — Articles & Guides | ServicesArtisans",0,true,0
20,https://servicesartisans.fr/comparaison/volet-electrique-vs-manuel,Volet électrique vs manuel : que choisir ? | ServicesArtisans,text/html; charset=utf-8,false,200,0,false,og:typeog:site_nameog:urlog:descriptionog:title,"articleServicesArtisanshttps://servicesartisans.fr/comparaison/volet-electrique-vs-manuelComparatif volet roulant électrique vs manuel en 2026 : prix, confort, durabilité, domotique. Guide pour choisir la motorisation adaptée à vos volets.Volet électrique vs manuel : que choisir ?",0,true,0
20,https://servicesartisans.fr/blog/tag/bretagne,Bretagne — Articles & Guides | ServicesArtisans | ServicesArtisans,text/html; charset=utf-8,false,200,0,false,og:typeog:localeog:urlog:descriptionog:title,"websitefr_FRhttps://servicesartisans.fr/blog/tag/bretagneTous les articles sur bretagne : conseils, prix, réglementation et guides pratiques par les experts ServicesArtisans.Bretagne — Articles & Guides | ServicesArtisans",0,true,0
20,https://servicesartisans.fr/blog/tag/geometre,Géomètre — Articles & Guides | ServicesArtisans | ServicesArtisans,text/html; charset=utf-8,false,200,0,false,og:typeog:localeog:urlog:descriptionog:title,"websitefr_FRhttps://servicesartisans.fr/blog/tag/geometreTous les articles sur géomètre : conseils, prix, réglementation et guides pratiques par les experts ServicesArtisans.Géomètre — Articles & Guides | ServicesArtisans",0,true,0
20,https://servicesartisans.fr/blog/tag/climatisation,climatisation — Articles & Guides | ServicesArtisans | ServicesArtisans,text/html; charset=utf-8,false,200,0,false,og:typeog:localeog:urlog:descriptionog:title,"websitefr_FRhttps://servicesartisans.fr/blog/tag/climatisationTous les articles sur climatisation : conseils, prix, réglementation et guides pratiques par les experts ServicesArtisans.climatisation — Articles & Guides | ServicesArtisans",0,true,0
20,https://servicesartisans.fr/blog/tag/planning,planning — Articles & Guides | ServicesArtisans | ServicesArtisans,text/html; charset=utf-8,false,200,0,false,og:typeog:localeog:urlog:descriptionog:title,"websitefr_FRhttps://servicesartisans.fr/blog/tag/planningTous les articles sur planning : conseils, prix, réglementation et guides pratiques par les experts ServicesArtisans.planning — Articles & Guides | ServicesArtisans",0,true,0
20,https://servicesartisans.fr/blog/tag/entretien,entretien — Articles & Guides | ServicesArtisans | ServicesArtisans,text/html; charset=utf-8,false,200,0,false,og:typeog:localeog:urlog:descriptionog:title,"websitefr_FRhttps://servicesartisans.fr/blog/tag/entretienTous les articles sur entretien : conseils, prix, réglementation et guides pratiques par les experts ServicesArtisans.entretien — Articles & Guides | ServicesArtisans",0,true,0
20,https://servicesartisans.fr/questions/tarif-menuisier-sur-mesure,Quel est le tarif d'un menuisier pour du sur-mesure ? | ServicesArtisans | ServicesArtisans,text/html; charset=utf-8,false,200,0,false,og:typeog:urlog:descriptionog:title,"articlehttps://servicesartisans.fr/questions/tarif-menuisier-sur-mesureUn menuisier sur mesure facture 40 à 70 € de l'heure. Un meuble sur mesure coûte 500 à 5 000 € selon la taille et le matériau. Un dressing sur mesure revient à 1 500 à 6 000 €, une bibliothèque encastrée à 1 000 à 4 000 €.Quel est le tarif d'un menuisier pour du sur-mesure ? | ServicesArtisans",0,true,0
20,https://servicesartisans.fr/blog/tag/loi-climat,loi Climat — Articles & Guides | ServicesArtisans | ServicesArtisans,text/html; charset=utf-8,false,200,0,false,og:typeog:localeog:urlog:descriptionog:title,"websitefr_FRhttps://servicesartisans.fr/blog/tag/loi-climatTous les articles sur loi climat : conseils, prix, réglementation et guides pratiques par les experts ServicesArtisans.loi Climat — Articles & Guides | ServicesArtisans",0,true,0
20,https://servicesartisans.fr/blog/categorie/guides,Guides Travaux 2026 : étapes + budgets réels | ServicesArtisans,text/html; charset=utf-8,false,200,0,false,og:typeog:localeog:urlog:descriptionog:title,"websitefr_FRhttps://servicesartisans.fr/blog/categorie/guidesGuides complets rénovation 2026 : maison, extension, isolation, toiture. Étapes, budgets réels et conseils de pros. Devis gratuit.Guides Travaux 2026 : étapes + budgets réels",0,true,0
20,https://servicesartisans.fr/blog/tag/travaux-2026,Travaux 2026 — Articles & Guides | ServicesArtisans | ServicesArtisans,text/html; charset=utf-8,false,200,0,false,og:typeog:localeog:urlog:descriptionog:title,"websitefr_FRhttps://servicesartisans.fr/blog/tag/travaux-2026Tous les articles sur travaux 2026 : conseils, prix, réglementation et guides pratiques par les experts ServicesArtisans.Travaux 2026 — Articles & Guides | ServicesArtisans",0,true,0
20,https://servicesartisans.fr/blog/tag/bornage,Bornage — Articles & Guides | ServicesArtisans | ServicesArtisans,text/html; charset=utf-8,false,200,0,false,og:typeog:localeog:urlog:descriptionog:title,"websitefr_FRhttps://servicesartisans.fr/blog/tag/bornageTous les articles sur bornage : conseils, prix, réglementation et guides pratiques par les experts ServicesArtisans.Bornage — Articles & Guides | ServicesArtisans",0,true,0
20,https://servicesartisans.fr/blog/tag/credence,crédence — Articles & Guides | ServicesArtisans | ServicesArtisans,text/html; charset=utf-8,false,200,0,false,og:typeog:localeog:urlog:descriptionog:title,"websitefr_FRhttps://servicesartisans.fr/blog/tag/credenceTous les articles sur crédence : conseils, prix, réglementation et guides pratiques par les experts ServicesArtisans.crédence — Articles & Guides | ServicesArtisans",0,true,0
20,https://servicesartisans.fr/blog/tag/rhone,Rhône — Articles & Guides | ServicesArtisans | ServicesArtisans,text/html; charset=utf-8,false,200,0,false,og:typeog:localeog:urlog:descriptionog:title,"websitefr_FRhttps://servicesartisans.fr/blog/tag/rhoneTous les articles sur rhône : conseils, prix, réglementation et guides pratiques par les experts ServicesArtisans.Rhône — Articles & Guides | ServicesArtisans",0,true,0
20,https://servicesartisans.fr/blog/tag/montpellier,Montpellier — Articles & Guides | ServicesArtisans | ServicesArtisans,text/html; charset=utf-8,false,200,0,false,og:typeog:localeog:urlog:descriptionog:title,"websitefr_FRhttps://servicesartisans.fr/blog/tag/montpellierTous les articles sur montpellier : conseils, prix, réglementation et guides pratiques par les experts ServicesArtisans.Montpellier — Articles & Guides | ServicesArtisans",0,true,0
20,https://servicesartisans.fr/blog/tag/bruit,bruit — Articles & Guides | ServicesArtisans | ServicesArtisans,text/html; charset=utf-8,false,200,0,false,og:typeog:localeog:urlog:descriptionog:title,"websitefr_FRhttps://servicesartisans.fr/blog/tag/bruitTous les articles sur bruit : conseils, prix, réglementation et guides pratiques par les experts ServicesArtisans.bruit — Articles & Guides | ServicesArtisans",0,true,0
20,https://servicesartisans.fr/blog/tag/accessibilite,accessibilité — Articles & Guides | ServicesArtisans | ServicesArtisans,text/html; charset=utf-8,false,200,0,false,og:typeog:localeog:urlog:descriptionog:title,"websitefr_FRhttps://servicesartisans.fr/blog/tag/accessibiliteTous les articles sur accessibilité : conseils, prix, réglementation et guides pratiques par les experts ServicesArtisans.accessibilité — Articles & Guides | ServicesArtisans",0,true,0
20,https://servicesartisans.fr/blog/tag/pret,Prêt — Articles & Guides | ServicesArtisans | ServicesArtisans,text/html; charset=utf-8,false,200,0,false,og:typeog:localeog:urlog:descriptionog:title,"websitefr_FRhttps://servicesartisans.fr/blog/tag/pretTous les articles sur prêt : conseils, prix, réglementation et guides pratiques par les experts ServicesArtisans.Prêt — Articles & Guides | ServicesArtisans",0,true,0
20,https://servicesartisans.fr/blog/tag/escalier,Escalier — Articles & Guides | ServicesArtisans | ServicesArtisans,text/html; charset=utf-8,false,200,0,false,og:typeog:localeog:urlog:descriptionog:title,"websitefr_FRhttps://servicesartisans.fr/blog/tag/escalierTous les articles sur escalier : conseils, prix, réglementation et guides pratiques par les experts ServicesArtisans.Escalier — Articles & Guides | ServicesArtisans",0,true,0
20,https://servicesartisans.fr/blog/tag/tnt,TNT — Articles & Guides | ServicesArtisans | ServicesArtisans,text/html; charset=utf-8,false,200,0,false,og:typeog:localeog:urlog:descriptionog:title,"websitefr_FRhttps://servicesartisans.fr/blog/tag/tntTous les articles sur tnt : conseils, prix, réglementation et guides pratiques par les experts ServicesArtisans.TNT — Articles & Guides | ServicesArtisans",0,true,0
20,https://servicesartisans.fr/questions/carrelage-ou-parquet-salle-de-bain,Carrelage ou parquet pour la salle de bain ? | ServicesArtisans | ServicesArtisans,text/html; charset=utf-8,false,200,0,false,og:typeog:urlog:descriptionog:title,"articlehttps://servicesartisans.fr/questions/carrelage-ou-parquet-salle-de-bainLe carrelage reste le choix le plus sûr pour la salle de bain : il est 100 % étanche, résistant et facile d'entretien. Le parquet massif en bois exotique (teck, iroko) est possible mais coûte plus cher et nécessite un entretien régulier. Le vinyle LVT est une alternative économique et étanche.Carrelage ou parquet pour la salle de bain ? | ServicesArtisans",0,true,0
20,https://servicesartisans.fr/cee/guides,"Guides primes CEE 2026 — PAC, isolation, poêle, chaudière | ServicesArtisans",text/html; charset=utf-8,false,200,0,false,og:typeog:localeog:site_nameog:urlog:descriptionog:title,"websitefr_FRServicesArtisanshttps://servicesartisans.fr/cee/guides5 guides long-format sur les primes CEE résidentielles : conditions techniques, montants, cumul MaPrimeRénov' et pièges à éviter.Guides primes CEE 2026",0,true,0
20,https://servicesartisans.fr/blog/tag/smart-home,Smart home — Articles & Guides | ServicesArtisans | ServicesArtisans,text/html; charset=utf-8,false,200,0,false,og:typeog:localeog:urlog:descriptionog:title,"websitefr_FRhttps://servicesartisans.fr/blog/tag/smart-homeTous les articles sur smart home : conseils, prix, réglementation et guides pratiques par les experts ServicesArtisans.Smart home — Articles & Guides | ServicesArtisans",0,true,0
20,https://servicesartisans.fr/blog/tag/budget-renovation,budget rénovation — Articles & Guides | ServicesArtisans | ServicesArtisans,text/html; charset=utf-8,false,200,0,false,og:typeog:localeog:urlog:descriptionog:title,"websitefr_FRhttps://servicesartisans.fr/blog/tag/budget-renovationTous les articles sur budget rénovation : conseils, prix, réglementation et guides pratiques par les experts ServicesArtisans.budget rénovation — Articles & Guides | ServicesArtisans",0,true,0
20,https://servicesartisans.fr/blog/tag/province,Province — Articles & Guides | ServicesArtisans | ServicesArtisans,text/html; charset=utf-8,false,200,0,false,og:typeog:localeog:urlog:descriptionog:title,"websitefr_FRhttps://servicesartisans.fr/blog/tag/provinceTous les articles sur province : conseils, prix, réglementation et guides pratiques par les experts ServicesArtisans.Province — Articles & Guides | ServicesArtisans",0,true,0
20,https://servicesartisans.fr/blog/tag/cheville,cheville — Articles & Guides | ServicesArtisans | ServicesArtisans,text/html; charset=utf-8,false,200,0,false,og:typeog:localeog:urlog:descriptionog:title,"websitefr_FRhttps://servicesartisans.fr/blog/tag/chevilleTous les articles sur cheville : conseils, prix, réglementation et guides pratiques par les experts ServicesArtisans.cheville — Articles & Guides | ServicesArtisans",0,true,0
20,https://servicesartisans.fr/blog/tag/nuisibles,nuisibles — Articles & Guides | ServicesArtisans | ServicesArtisans,text/html; charset=utf-8,false,200,0,false,og:typeog:localeog:urlog:descriptionog:title,"websitefr_FRhttps://servicesartisans.fr/blog/tag/nuisiblesTous les articles sur nuisibles : conseils, prix, réglementation et guides pratiques par les experts ServicesArtisans.nuisibles — Articles & Guides | ServicesArtisans",0,true,0
20,https://servicesartisans.fr/blog/tag/fuite-d-eau,Fuite d'eau — Articles & Guides | ServicesArtisans | ServicesArtisans,text/html; charset=utf-8,false,200,0,false,og:typeog:localeog:urlog:descriptionog:title,"websitefr_FRhttps://servicesartisans.fr/blog/tag/fuite-d-eauTous les articles sur fuite d'eau : conseils, prix, réglementation et guides pratiques par les experts ServicesArtisans.Fuite d'eau — Articles & Guides | ServicesArtisans",0,true,0
20,https://servicesartisans.fr/blog/tag/revetement,revêtement — Articles & Guides | ServicesArtisans | ServicesArtisans,text/html; charset=utf-8,false,200,0,false,og:typeog:localeog:urlog:descriptionog:title,"websitefr_FRhttps://servicesartisans.fr/blog/tag/revetementTous les articles sur revêtement : conseils, prix, réglementation et guides pratiques par les experts ServicesArtisans.revêtement — Articles & Guides | ServicesArtisans",0,true,0
20,https://servicesartisans.fr/blog/tag/coup-de-pouce,Coup de pouce — Articles & Guides | ServicesArtisans | ServicesArtisans,text/html; charset=utf-8,false,200,0,false,og:typeog:localeog:urlog:descriptionog:title,"websitefr_FRhttps://servicesartisans.fr/blog/tag/coup-de-pouceTous les articles sur coup de pouce : conseils, prix, réglementation et guides pratiques par les experts ServicesArtisans.Coup de pouce — Articles & Guides | ServicesArtisans",0,true,0
20,https://servicesartisans.fr/blog/tag/construction,Construction — Articles & Guides | ServicesArtisans | ServicesArtisans,text/html; charset=utf-8,false,200,0,false,og:typeog:localeog:urlog:descriptionog:title,"websitefr_FRhttps://servicesartisans.fr/blog/tag/constructionTous les articles sur construction : conseils, prix, réglementation et guides pratiques par les experts ServicesArtisans.Construction — Articles & Guides | ServicesArtisans",0,true,0
20,https://servicesartisans.fr/blog/tag/facadier,Façadier — Articles & Guides | ServicesArtisans | ServicesArtisans,text/html; charset=utf-8,false,200,0,false,og:typeog:localeog:urlog:descriptionog:title,"websitefr_FRhttps://servicesartisans.fr/blog/tag/facadierTous les articles sur façadier : conseils, prix, réglementation et guides pratiques par les experts ServicesArtisans.Façadier — Articles & Guides | ServicesArtisans",0,true,0
20,https://servicesartisans.fr/blog/tag/cloture,Clôture — Articles & Guides | ServicesArtisans | ServicesArtisans,text/html; charset=utf-8,false,200,0,false,og:typeog:localeog:urlog:descriptionog:title,"websitefr_FRhttps://servicesartisans.fr/blog/tag/clotureTous les articles sur clôture : conseils, prix, réglementation et guides pratiques par les experts ServicesArtisans.Clôture — Articles & Guides | ServicesArtisans",0,true,0
20,https://servicesartisans.fr/blog/tag/bailleur,Bailleur — Articles & Guides | ServicesArtisans | ServicesArtisans,text/html; charset=utf-8,false,200,0,false,og:typeog:localeog:urlog:descriptionog:title,"websitefr_FRhttps://servicesartisans.fr/blog/tag/bailleurTous les articles sur bailleur : conseils, prix, réglementation et guides pratiques par les experts ServicesArtisans.Bailleur — Articles & Guides | ServicesArtisans",0,true,0
20,https://servicesartisans.fr/blog/categorie/fiches-metier,Fiches Métier Artisans : bien choisir en 2026 | ServicesArtisans,text/html; charset=utf-8,false,200,0,false,og:typeog:localeog:urlog:descriptionog:title,"websitefr_FRhttps://servicesartisans.fr/blog/categorie/fiches-metierComment choisir un plombier, électricien, maçon ? Fiches métier : certifications, compétences, red flags et questions à poser.Fiches Métier Artisans : bien choisir en 2026",0,true,0
20,https://servicesartisans.fr/blog/tag/linoleum,Linoléum — Articles & Guides | ServicesArtisans | ServicesArtisans,text/html; charset=utf-8,false,200,0,false,og:typeog:localeog:urlog:descriptionog:title,"websitefr_FRhttps://servicesartisans.fr/blog/tag/linoleumTous les articles sur linoléum : conseils, prix, réglementation et guides pratiques par les experts ServicesArtisans.Linoléum — Articles & Guides | ServicesArtisans",0,true,0
20,https://servicesartisans.fr/questions/comment-verifier-artisan-fiable,Comment vérifier si un artisan est fiable ? | ServicesArtisans | ServicesArtisans,text/html; charset=utf-8,false,200,0,false,og:typeog:urlog:descriptionog:title,"articlehttps://servicesartisans.fr/questions/comment-verifier-artisan-fiableVérifiez le SIRET sur societe.com, l'assurance décennale, l'inscription au registre des métiers et les avis Google. Demandez des références de chantiers récents. Un artisan fiable ne demande jamais plus de 30 % d'acompte.Comment vérifier si un artisan est fiable ? | ServicesArtisans",0,true,0
20,https://servicesartisans.fr/questions/prix-renovation-complete-m2,Quel est le prix d'une rénovation complète au m² ? | ServicesArtisans | ServicesArtisans,text/html; charset=utf-8,false,200,0,false,og:typeog:urlog:descriptionog:title,"articlehttps://servicesartisans.fr/questions/prix-renovation-complete-m2Le prix d'une rénovation complète varie de 800 à 1 500 €/m² en 2026 pour un appartement ou une maison. Un rafraîchissement léger coûte 200 à 500 €/m², une rénovation moyenne 500 à 800 €/m², et une rénovation lourde (structure, redistribution) 1 200 à 2 000 €/m².Quel est le prix d'une rénovation complète au m² ? | ServicesArtisans",0,true,0
20,https://servicesartisans.fr/guides/budget-renovation,Budget Rénovation : Combien Coûtent vos Travaux en 2026 ? | ServicesArtisans,text/html; charset=utf-8,false,200,0,false,og:typeog:site_nameog:urlog:descriptionog:title,"articleServicesArtisanshttps://servicesartisans.fr/guides/budget-renovationGuide complet des prix de rénovation en 2026 : fourchettes par type de travaux, aides financières et conseils budget.Budget Rénovation : Combien Coûtent vos Travaux en 2026 ?",0,true,0
20,https://servicesartisans.fr/blog/tag/plan-de-travail,plan de travail — Articles & Guides | ServicesArtisans | ServicesArtisans,text/html; charset=utf-8,false,200,0,false,og:typeog:localeog:urlog:descriptionog:title,"websitefr_FRhttps://servicesartisans.fr/blog/tag/plan-de-travailTous les articles sur plan de travail : conseils, prix, réglementation et guides pratiques par les experts ServicesArtisans.plan de travail — Articles & Guides | ServicesArtisans",0,true,0
20,https://servicesartisans.fr/blog/tag/isolation,isolation — Articles & Guides | ServicesArtisans | ServicesArtisans,text/html; charset=utf-8,false,200,0,false,og:typeog:localeog:urlog:descriptionog:title,"websitefr_FRhttps://servicesartisans.fr/blog/tag/isolationTous les articles sur isolation : conseils, prix, réglementation et guides pratiques par les experts ServicesArtisans.isolation — Articles & Guides | ServicesArtisans",0,true,0
20,https://servicesartisans.fr/blog/tag/check-list,check-list — Articles & Guides | ServicesArtisans | ServicesArtisans,text/html; charset=utf-8,false,200,0,false,og:typeog:localeog:urlog:descriptionog:title,"websitefr_FRhttps://servicesartisans.fr/blog/tag/check-listTous les articles sur check-list : conseils, prix, réglementation et guides pratiques par les experts ServicesArtisans.check-list — Articles & Guides | ServicesArtisans",0,true,0
20,https://servicesartisans.fr/blog/tag/contrat,Contrat — Articles & Guides | ServicesArtisans | ServicesArtisans,text/html; charset=utf-8,false,200,0,false,og:typeog:localeog:urlog:descriptionog:title,"websitefr_FRhttps://servicesartisans.fr/blog/tag/contratTous les articles sur contrat : conseils, prix, réglementation et guides pratiques par les experts ServicesArtisans.Contrat — Articles & Guides | ServicesArtisans",0,true,0
20,https://servicesartisans.fr/blog/tag/wc,WC — Articles & Guides | ServicesArtisans | ServicesArtisans,text/html; charset=utf-8,false,200,0,false,og:typeog:localeog:urlog:descriptionog:title,"websitefr_FRhttps://servicesartisans.fr/blog/tag/wcTous les articles sur wc : conseils, prix, réglementation et guides pratiques par les experts ServicesArtisans.WC — Articles & Guides | ServicesArtisans",0,true,0
20,https://servicesartisans.fr/blog/tag/tendances-btp,Tendances BTP — Articles & Guides | ServicesArtisans | ServicesArtisans,text/html; charset=utf-8,false,200,0,false,og:typeog:localeog:urlog:descriptionog:title,"websitefr_FRhttps://servicesartisans.fr/blog/tag/tendances-btpTous les articles sur tendances btp : conseils, prix, réglementation et guides pratiques par les experts ServicesArtisans.Tendances BTP — Articles & Guides | ServicesArtisans",0,true,0
20,https://servicesartisans.fr/guides/travaux-copropriete,Travaux en Copropriété : Règles et Démarches 2026 | ServicesArtisans,text/html; charset=utf-8,false,200,0,false,og:typeog:site_nameog:urlog:descriptionog:title,"articleServicesArtisanshttps://servicesartisans.fr/guides/travaux-coproprieteToutes les règles pour réaliser des travaux en copropriété : parties communes, privatives, votes AG et autorisations.Travaux en Copropriété : Règles et Démarches 2026",0,true,0
20,https://servicesartisans.fr/blog/tag/comparatif-prix,Comparatif prix — Articles & Guides | ServicesArtisans | ServicesArtisans,text/html; charset=utf-8,false,200,0,false,og:typeog:localeog:urlog:descriptionog:title,"websitefr_FRhttps://servicesartisans.fr/blog/tag/comparatif-prixTous les articles sur comparatif prix : conseils, prix, réglementation et guides pratiques par les experts ServicesArtisans.Comparatif prix — Articles & Guides | ServicesArtisans",0,true,0
20,https://servicesartisans.fr/blog/tag/advenir,ADVENIR — Articles & Guides | ServicesArtisans | ServicesArtisans,text/html; charset=utf-8,false,200,0,false,og:typeog:localeog:urlog:descriptionog:title,"websitefr_FRhttps://servicesartisans.fr/blog/tag/advenirTous les articles sur advenir : conseils, prix, réglementation et guides pratiques par les experts ServicesArtisans.ADVENIR — Articles & Guides | ServicesArtisans",0,true,0
20,https://servicesartisans.fr/questions/prix-renovation-salle-de-bain,Quel est le prix d'une rénovation de salle de bain ? | ServicesArtisans | ServicesArtisans,text/html; charset=utf-8,false,200,0,false,og:typeog:urlog:descriptionog:title,"articlehttps://servicesartisans.fr/questions/prix-renovation-salle-de-bainUne rénovation de salle de bain coûte entre 3 000 et 15 000 € selon la surface et les prestations. Pour une rénovation complète (plomberie, carrelage, sanitaires), comptez 800 à 1 500 € par m².Quel est le prix d'une rénovation de salle de bain ? | ServicesArtisans",0,true,0
20,https://servicesartisans.fr/blog/tag/entretien-piscine,entretien piscine — Articles & Guides | ServicesArtisans | ServicesArtisans,text/html; charset=utf-8,false,200,0,false,og:typeog:localeog:urlog:descriptionog:title,"websitefr_FRhttps://servicesartisans.fr/blog/tag/entretien-piscineTous les articles sur entretien piscine : conseils, prix, réglementation et guides pratiques par les experts ServicesArtisans.entretien piscine — Articles & Guides | ServicesArtisans",0,true,0
20,https://servicesartisans.fr/blog/tag/isolation-thermique,Isolation thermique — Articles & Guides | ServicesArtisans | ServicesArtisans,text/html; charset=utf-8,false,200,0,false,og:typeog:localeog:urlog:descriptionog:title,"websitefr_FRhttps://servicesartisans.fr/blog/tag/isolation-thermiqueTous les articles sur isolation thermique : conseils, prix, réglementation et guides pratiques par les experts ServicesArtisans.Isolation thermique — Articles & Guides | ServicesArtisans",0,true,0
20,https://servicesartisans.fr/blog/tag/anah,ANAH — Articles & Guides | ServicesArtisans | ServicesArtisans,text/html; charset=utf-8,false,200,0,false,og:typeog:localeog:urlog:descriptionog:title,"websitefr_FRhttps://servicesartisans.fr/blog/tag/anahTous les articles sur anah : conseils, prix, réglementation et guides pratiques par les experts ServicesArtisans.ANAH — Articles & Guides | ServicesArtisans",0,true,0
20,https://servicesartisans.fr/blog/tag/urbanisme,Urbanisme — Articles & Guides | ServicesArtisans | ServicesArtisans,text/html; charset=utf-8,false,200,0,false,og:typeog:localeog:urlog:descriptionog:title,"websitefr_FRhttps://servicesartisans.fr/blog/tag/urbanismeTous les articles sur urbanisme : conseils, prix, réglementation et guides pratiques par les experts ServicesArtisans.Urbanisme — Articles & Guides | ServicesArtisans",0,true,0
20,https://servicesartisans.fr/blog/tag/garantie,Garantie — Articles & Guides | ServicesArtisans | ServicesArtisans,text/html; charset=utf-8,false,200,0,false,og:typeog:localeog:urlog:descriptionog:title,"websitefr_FRhttps://servicesartisans.fr/blog/tag/garantieTous les articles sur garantie : conseils, prix, réglementation et guides pratiques par les experts ServicesArtisans.Garantie — Articles & Guides | ServicesArtisans",0,true,0
20,https://servicesartisans.fr/blog/tag/plomberie,Plomberie — Articles & Guides | ServicesArtisans | ServicesArtisans,text/html; charset=utf-8,false,200,0,false,og:typeog:localeog:urlog:descriptionog:title,"websitefr_FRhttps://servicesartisans.fr/blog/tag/plomberieTous les articles sur plomberie : conseils, prix, réglementation et guides pratiques par les experts ServicesArtisans.Plomberie — Articles & Guides | ServicesArtisans",0,true,0
20,https://servicesartisans.fr/widget-prix,Widget Prix Artisan — Tarifs sur votre site | ServicesArtisans,text/html; charset=utf-8,false,200,0,false,og:typeog:urlog:descriptionog:title,"websitehttps://servicesartisans.fr/widget-prixWidget embeddable gratuit et API JSON pour afficher les prix des artisans sur votre site ou blog. Plombier, électricien, serrurier… Tarifs actualisés par ville et région.Widget Prix Artisan — Tarifs sur votre site",0,true,0
20,https://servicesartisans.fr/blog/tag/syndic,syndic — Articles & Guides | ServicesArtisans | ServicesArtisans,text/html; charset=utf-8,false,200,0,false,og:typeog:localeog:urlog:descriptionog:title,"websitefr_FRhttps://servicesartisans.fr/blog/tag/syndicTous les articles sur syndic : conseils, prix, réglementation et guides pratiques par les experts ServicesArtisans.syndic — Articles & Guides | ServicesArtisans",0,true,0
20,https://servicesartisans.fr/questions/locataire-ou-proprietaire-qui-paye,Locataire ou propriétaire : qui paye les réparations ? | ServicesArtisans | ServicesArtisans,text/html; charset=utf-8,false,200,0,false,og:typeog:urlog:descriptionog:title,"articlehttps://servicesartisans.fr/questions/locataire-ou-proprietaire-qui-payeLe locataire paye l'entretien courant et les menues réparations (joints, interrupteurs, entretien chaudière). Le propriétaire assume les grosses réparations (toiture, chaudière, plomberie vétuste). Le décret n°87-712 du 26 août 1987 fixe la liste des réparations locatives.Locataire ou propriétaire : qui paye les réparations ? | ServicesArtisans",0,true,0
20,https://servicesartisans.fr/blog/tag/vente,Vente — Articles & Guides | ServicesArtisans | ServicesArtisans,text/html; charset=utf-8,false,200,0,false,og:typeog:localeog:urlog:descriptionog:title,"websitefr_FRhttps://servicesartisans.fr/blog/tag/venteTous les articles sur vente : conseils, prix, réglementation et guides pratiques par les experts ServicesArtisans.Vente — Articles & Guides | ServicesArtisans",0,true,0
20,https://servicesartisans.fr/blog/tag/poseur-de-parquet,Poseur de parquet — Articles & Guides | ServicesArtisans | ServicesArtisans,text/html; charset=utf-8,false,200,0,false,og:typeog:localeog:urlog:descriptionog:title,"websitefr_FRhttps://servicesartisans.fr/blog/tag/poseur-de-parquetTous les articles sur poseur de parquet : conseils, prix, réglementation et guides pratiques par les experts ServicesArtisans.Poseur de parquet — Articles & Guides | ServicesArtisans",0,true,0
20,https://servicesartisans.fr/blog/tag/serrurier,Serrurier — Articles & Guides | ServicesArtisans | ServicesArtisans,text/html; charset=utf-8,false,200,0,false,og:typeog:localeog:urlog:descriptionog:title,"websitefr_FRhttps://servicesartisans.fr/blog/tag/serrurierTous les articles sur serrurier : conseils, prix, réglementation et guides pratiques par les experts ServicesArtisans.Serrurier — Articles & Guides | ServicesArtisans",0,true,0
20,https://servicesartisans.fr/blog/tag/ascensoriste,Ascensoriste — Articles & Guides | ServicesArtisans | ServicesArtisans,text/html; charset=utf-8,false,200,0,false,og:typeog:localeog:urlog:descriptionog:title,"websitefr_FRhttps://servicesartisans.fr/blog/tag/ascensoristeTous les articles sur ascensoriste : conseils, prix, réglementation et guides pratiques par les experts ServicesArtisans.Ascensoriste — Articles & Guides | ServicesArtisans",0,true,0
20,https://servicesartisans.fr/guides,Guides Pratiques pour vos Travaux | ServicesArtisans | ServicesArtisans,text/html; charset=utf-8,false,200,0,false,og:typeog:urlog:descriptionog:title,"websitehttps://servicesartisans.fr/guidesGuides complets pour vos travaux : aides financières, rénovation énergétique, MaPrimeRénov 2026, conseils artisans.Guides Pratiques pour vos Travaux",0,true,0
20,https://servicesartisans.fr/blog/tag/grand-est,Grand Est — Articles & Guides | ServicesArtisans | ServicesArtisans,text/html; charset=utf-8,false,200,0,false,og:typeog:localeog:urlog:descriptionog:title,"websitefr_FRhttps://servicesartisans.fr/blog/tag/grand-estTous les articles sur grand est : conseils, prix, réglementation et guides pratiques par les experts ServicesArtisans.Grand Est — Articles & Guides | ServicesArtisans",0,true,0
20,https://servicesartisans.fr/blog/tag/amenagement,aménagement — Articles & Guides | ServicesArtisans | ServicesArtisans,text/html; charset=utf-8,false,200,0,false,og:typeog:localeog:urlog:descriptionog:title,"websitefr_FRhttps://servicesartisans.fr/blog/tag/amenagementTous les articles sur aménagement : conseils, prix, réglementation et guides pratiques par les experts ServicesArtisans.aménagement — Articles & Guides | ServicesArtisans",0,true,0
20,https://servicesartisans.fr/blog/tag/fiscalite-2026,Fiscalité 2026 — Articles & Guides | ServicesArtisans | ServicesArtisans,text/html; charset=utf-8,false,200,0,false,og:typeog:localeog:urlog:descriptionog:title,"websitefr_FRhttps://servicesartisans.fr/blog/tag/fiscalite-2026Tous les articles sur fiscalité 2026 : conseils, prix, réglementation et guides pratiques par les experts ServicesArtisans.Fiscalité 2026 — Articles & Guides | ServicesArtisans",0,true,0
20,https://servicesartisans.fr/blog/tag/demenagement,Déménagement — Articles & Guides | ServicesArtisans | ServicesArtisans,text/html; charset=utf-8,false,200,0,false,og:typeog:localeog:urlog:descriptionog:title,"websitefr_FRhttps://servicesartisans.fr/blog/tag/demenagementTous les articles sur déménagement : conseils, prix, réglementation et guides pratiques par les experts ServicesArtisans.Déménagement — Articles & Guides | ServicesArtisans",0,true,0
20,https://servicesartisans.fr/blog/tag/placo,placo — Articles & Guides | ServicesArtisans | ServicesArtisans,text/html; charset=utf-8,false,200,0,false,og:typeog:localeog:urlog:descriptionog:title,"websitefr_FRhttps://servicesartisans.fr/blog/tag/placoTous les articles sur placo : conseils, prix, réglementation et guides pratiques par les experts ServicesArtisans.placo — Articles & Guides | ServicesArtisans",0,true,0
20,https://servicesartisans.fr/blog/tag/ossature-bois,Ossature bois — Articles & Guides | ServicesArtisans | ServicesArtisans,text/html; charset=utf-8,false,200,0,false,og:typeog:localeog:urlog:descriptionog:title,"websitefr_FRhttps://servicesartisans.fr/blog/tag/ossature-boisTous les articles sur ossature bois : conseils, prix, réglementation et guides pratiques par les experts ServicesArtisans.Ossature bois — Articles & Guides | ServicesArtisans",0,true,0
20,https://servicesartisans.fr/questions/difference-devis-facture,Quelle différence entre un devis et une facture ? | ServicesArtisans | ServicesArtisans,text/html; charset=utf-8,false,200,0,false,og:typeog:urlog:descriptionog:title,articlehttps://servicesartisans.fr/questions/difference-devis-factureLe devis est un document précontractuel décrivant les travaux et leur prix avant exécution. La facture est le document comptable émis après réalisation des travaux. Le devis signé vaut contrat et engage les deux parties sur le prix et les prestations.Quelle différence entre un devis et une facture ? | ServicesArtisans,0,true,0
20,https://servicesartisans.fr/blog/tag/hauts-de-france,Hauts-de-France — Articles & Guides | ServicesArtisans | ServicesArtisans,text/html; charset=utf-8,false,200,0,false,og:typeog:localeog:urlog:descriptionog:title,"websitefr_FRhttps://servicesartisans.fr/blog/tag/hauts-de-franceTous les articles sur hauts-de-france : conseils, prix, réglementation et guides pratiques par les experts ServicesArtisans.Hauts-de-France — Articles & Guides | ServicesArtisans",0,true,0
20,https://servicesartisans.fr/blog/tag/fenetres,fenêtres — Articles & Guides | ServicesArtisans | ServicesArtisans,text/html; charset=utf-8,false,200,0,false,og:typeog:localeog:urlog:descriptionog:title,"websitefr_FRhttps://servicesartisans.fr/blog/tag/fenetresTous les articles sur fenêtres : conseils, prix, réglementation et guides pratiques par les experts ServicesArtisans.fenêtres — Articles & Guides | ServicesArtisans",0,true,0
20,https://servicesartisans.fr/blog/tag/mur-porteur,Mur porteur — Articles & Guides | ServicesArtisans | ServicesArtisans,text/html; charset=utf-8,false,200,0,false,og:typeog:localeog:urlog:descriptionog:title,"websitefr_FRhttps://servicesartisans.fr/blog/tag/mur-porteurTous les articles sur mur porteur : conseils, prix, réglementation et guides pratiques par les experts ServicesArtisans.Mur porteur — Articles & Guides | ServicesArtisans",0,true,0
20,https://servicesartisans.fr/questions/fuite-gaz-que-faire,Fuite de gaz : que faire en urgence ? | ServicesArtisans | ServicesArtisans,text/html; charset=utf-8,false,200,0,false,og:typeog:urlog:descriptionog:title,"articlehttps://servicesartisans.fr/questions/fuite-gaz-que-faireEn cas de fuite de gaz : n'actionnez aucun interrupteur, ouvrez les fenêtres, fermez le robinet de gaz, évacuez le logement et appelez le numéro d'urgence GrDF au 0 800 47 33 33 (gratuit, 24h/24) depuis l'extérieur.Fuite de gaz : que faire en urgence ? | ServicesArtisans",0,true,0
20,https://servicesartisans.fr/blog/tag/fer-forge,Fer forgé — Articles & Guides | ServicesArtisans | ServicesArtisans,text/html; charset=utf-8,false,200,0,false,og:typeog:localeog:urlog:descriptionog:title,"websitefr_FRhttps://servicesartisans.fr/blog/tag/fer-forgeTous les articles sur fer forgé : conseils, prix, réglementation et guides pratiques par les experts ServicesArtisans.Fer forgé — Articles & Guides | ServicesArtisans",0,true,0
20,https://servicesartisans.fr/blog/categorie/conseils,Conseils Travaux 2026 : astuces de pros (gratuit) | ServicesArtisans,text/html; charset=utf-8,false,200,0,false,og:typeog:localeog:urlog:descriptionog:title,"websitefr_FRhttps://servicesartisans.fr/blog/categorie/conseilsConseils d'experts pour réussir vos travaux : choix artisan, matériaux, pièges à éviter. Guides pratiques testés par 500+ pros.Conseils Travaux 2026 : astuces de pros (gratuit)",0,true,0
20,https://servicesartisans.fr/artisans,Annuaire Artisans France — SIREN Vérifiés | ServicesArtisans,text/html; charset=utf-8,false,200,0,false,og:typeog:localeog:site_nameog:urlog:descriptionog:title,websitefr_FRServicesArtisanshttps://servicesartisans.fr/artisansTrouvez un artisan qualifié parmi les professionnels référencés en France. Données SIREN officielles.Annuaire Artisans France — SIREN Vérifiés,0,true,0
20,https://servicesartisans.fr/blog/tag/domotique,domotique — Articles & Guides | ServicesArtisans | ServicesArtisans,text/html; charset=utf-8,false,200,0,false,og:typeog:localeog:urlog:descriptionog:title,"websitefr_FRhttps://servicesartisans.fr/blog/tag/domotiqueTous les articles sur domotique : conseils, prix, réglementation et guides pratiques par les experts ServicesArtisans.domotique — Articles & Guides | ServicesArtisans",0,true,0
20,https://servicesartisans.fr/blog/tag/atlantic,Atlantic — Articles & Guides | ServicesArtisans | ServicesArtisans,text/html; charset=utf-8,false,200,0,false,og:typeog:localeog:urlog:descriptionog:title,"websitefr_FRhttps://servicesartisans.fr/blog/tag/atlanticTous les articles sur atlantic : conseils, prix, réglementation et guides pratiques par les experts ServicesArtisans.Atlantic — Articles & Guides | ServicesArtisans",0,true,0
20,https://servicesartisans.fr/blog/tag/zinc,zinc — Articles & Guides | ServicesArtisans | ServicesArtisans,text/html; charset=utf-8,false,200,0,false,og:typeog:localeog:urlog:descriptionog:title,"websitefr_FRhttps://servicesartisans.fr/blog/tag/zincTous les articles sur zinc : conseils, prix, réglementation et guides pratiques par les experts ServicesArtisans.zinc — Articles & Guides | ServicesArtisans",0,true,0
20,https://servicesartisans.fr/blog/tag/etancheiste,Étanchéiste — Articles & Guides | ServicesArtisans | ServicesArtisans,text/html; charset=utf-8,false,200,0,false,og:typeog:localeog:urlog:descriptionog:title,"websitefr_FRhttps://servicesartisans.fr/blog/tag/etancheisteTous les articles sur étanchéiste : conseils, prix, réglementation et guides pratiques par les experts ServicesArtisans.Étanchéiste — Articles & Guides | ServicesArtisans",0,true,0
20,https://servicesartisans.fr/blog/tag/maison-ancienne,Maison ancienne — Articles & Guides | ServicesArtisans | ServicesArtisans,text/html; charset=utf-8,false,200,0,false,og:typeog:localeog:urlog:descriptionog:title,"websitefr_FRhttps://servicesartisans.fr/blog/tag/maison-ancienneTous les articles sur maison ancienne : conseils, prix, réglementation et guides pratiques par les experts ServicesArtisans.Maison ancienne — Articles & Guides | ServicesArtisans",0,true,0
20,https://servicesartisans.fr/blog/tag/fenetre,fenêtre — Articles & Guides | ServicesArtisans | ServicesArtisans,text/html; charset=utf-8,false,200,0,false,og:typeog:localeog:urlog:descriptionog:title,"websitefr_FRhttps://servicesartisans.fr/blog/tag/fenetreTous les articles sur fenêtre : conseils, prix, réglementation et guides pratiques par les experts ServicesArtisans.fenêtre — Articles & Guides | ServicesArtisans",0,true,0
20,https://servicesartisans.fr/blog/tag/budget,Budget — Articles & Guides | ServicesArtisans | ServicesArtisans,text/html; charset=utf-8,false,200,0,false,og:typeog:localeog:urlog:descriptionog:title,"websitefr_FRhttps://servicesartisans.fr/blog/tag/budgetTous les articles sur budget : conseils, prix, réglementation et guides pratiques par les experts ServicesArtisans.Budget — Articles & Guides | ServicesArtisans",0,true,0
20,https://servicesartisans.fr/blog/tag/borne-de-recharge,borne de recharge — Articles & Guides | ServicesArtisans | ServicesArtisans,text/html; charset=utf-8,false,200,0,false,og:typeog:localeog:urlog:descriptionog:title,"websitefr_FRhttps://servicesartisans.fr/blog/tag/borne-de-rechargeTous les articles sur borne de recharge : conseils, prix, réglementation et guides pratiques par les experts ServicesArtisans.borne de recharge — Articles & Guides | ServicesArtisans",0,true,0
20,https://servicesartisans.fr/blog/tag/nettoyage,nettoyage — Articles & Guides | ServicesArtisans | ServicesArtisans,text/html; charset=utf-8,false,200,0,false,og:typeog:localeog:urlog:descriptionog:title,"websitefr_FRhttps://servicesartisans.fr/blog/tag/nettoyageTous les articles sur nettoyage : conseils, prix, réglementation et guides pratiques par les experts ServicesArtisans.nettoyage — Articles & Guides | ServicesArtisans",0,true,0
20,https://servicesartisans.fr/blog/tag/tarifs,Tarifs — Articles & Guides | ServicesArtisans | ServicesArtisans,text/html; charset=utf-8,false,200,0,false,og:typeog:localeog:urlog:descriptionog:title,"websitefr_FRhttps://servicesartisans.fr/blog/tag/tarifsTous les articles sur tarifs : conseils, prix, réglementation et guides pratiques par les experts ServicesArtisans.Tarifs — Articles & Guides | ServicesArtisans",0,true,0
20,https://servicesartisans.fr/blog/tag/prise,prise — Articles & Guides | ServicesArtisans | ServicesArtisans,text/html; charset=utf-8,false,200,0,false,og:typeog:localeog:urlog:descriptionog:title,"websitefr_FRhttps://servicesartisans.fr/blog/tag/priseTous les articles sur prise : conseils, prix, réglementation et guides pratiques par les experts ServicesArtisans.prise — Articles & Guides | ServicesArtisans",0,true,0
20,https://servicesartisans.fr/blog/tag/diy,DIY — Articles & Guides | ServicesArtisans | ServicesArtisans,text/html; charset=utf-8,false,200,0,false,og:typeog:localeog:urlog:descriptionog:title,"websitefr_FRhttps://servicesartisans.fr/blog/tag/diyTous les articles sur diy : conseils, prix, réglementation et guides pratiques par les experts ServicesArtisans.DIY — Articles & Guides | ServicesArtisans",0,true,0
20,https://servicesartisans.fr/questions/artisan-en-retard-que-faire,Artisan en retard sur le chantier : que faire ? | ServicesArtisans | ServicesArtisans,text/html; charset=utf-8,false,200,0,false,og:typeog:urlog:descriptionog:title,"articlehttps://servicesartisans.fr/questions/artisan-en-retard-que-faireEnvoyez une mise en demeure par LRAR fixant un délai raisonnable pour achever les travaux. Si le devis prévoit des pénalités de retard, appliquez-les. En dernier recours, vous pouvez résilier le contrat et faire terminer par un autre artisan, aux frais du premier.Artisan en retard sur le chantier : que faire ? | ServicesArtisans",0,true,0
20,https://servicesartisans.fr/guides/diagnostics-immobiliers,Diagnostics Immobiliers Obligatoires : Le Guide Complet | ServicesArtisans,text/html; charset=utf-8,false,200,0,false,og:typeog:site_nameog:urlog:descriptionog:title,"articleServicesArtisanshttps://servicesartisans.fr/guides/diagnostics-immobiliersTous les diagnostics immobiliers obligatoires pour la vente ou la location : DPE, amiante, plomb, termites, gaz, électricité.Diagnostics Immobiliers Obligatoires : Le Guide Complet",0,true,0
20,https://servicesartisans.fr/blog/tag/storiste,Storiste — Articles & Guides | ServicesArtisans | ServicesArtisans,text/html; charset=utf-8,false,200,0,false,og:typeog:localeog:urlog:descriptionog:title,"websitefr_FRhttps://servicesartisans.fr/blog/tag/storisteTous les articles sur storiste : conseils, prix, réglementation et guides pratiques par les experts ServicesArtisans.Storiste — Articles & Guides | ServicesArtisans",0,true,0
20,https://servicesartisans.fr/blog/tag/verre,Verre — Articles & Guides | ServicesArtisans | ServicesArtisans,text/html; charset=utf-8,false,200,0,false,og:typeog:localeog:urlog:descriptionog:title,"websitefr_FRhttps://servicesartisans.fr/blog/tag/verreTous les articles sur verre : conseils, prix, réglementation et guides pratiques par les experts ServicesArtisans.Verre — Articles & Guides | ServicesArtisans",0,true,0
20,https://servicesartisans.fr/blog/tag/qualibat,Qualibat — Articles & Guides | ServicesArtisans | ServicesArtisans,text/html; charset=utf-8,false,200,0,false,og:typeog:localeog:urlog:descriptionog:title,"websitefr_FRhttps://servicesartisans.fr/blog/tag/qualibatTous les articles sur qualibat : conseils, prix, réglementation et guides pratiques par les experts ServicesArtisans.Qualibat — Articles & Guides | ServicesArtisans",0,true,0
20,https://servicesartisans.fr/blog/tag/lyon,Lyon — Articles & Guides | ServicesArtisans | ServicesArtisans,text/html; charset=utf-8,false,200,0,false,og:typeog:localeog:urlog:descriptionog:title,"websitefr_FRhttps://servicesartisans.fr/blog/tag/lyonTous les articles sur lyon : conseils, prix, réglementation et guides pratiques par les experts ServicesArtisans.Lyon — Articles & Guides | ServicesArtisans",0,true,0
20,https://servicesartisans.fr/questions/quel-isolant-combles,Quel isolant choisir pour les combles ? | ServicesArtisans | ServicesArtisans,text/html; charset=utf-8,false,200,0,false,og:typeog:urlog:descriptionog:title,"articlehttps://servicesartisans.fr/questions/quel-isolant-comblesPour les combles perdus, la laine de verre soufflée offre le meilleur rapport qualité-prix (15-25 €/m²). Pour les combles aménagés, les panneaux de laine de bois ou de polyuréthane sont préférables. Visez une résistance thermique R ≥ 7 m².K/W pour bénéficier des aides.Quel isolant choisir pour les combles ? | ServicesArtisans",0,true,0
20,https://servicesartisans.fr/blog/tag/domoticien,Domoticien — Articles & Guides | ServicesArtisans | ServicesArtisans,text/html; charset=utf-8,false,200,0,false,og:typeog:localeog:urlog:descriptionog:title,"websitefr_FRhttps://servicesartisans.fr/blog/tag/domoticienTous les articles sur domoticien : conseils, prix, réglementation et guides pratiques par les experts ServicesArtisans.Domoticien — Articles & Guides | ServicesArtisans",0,true,0
20,https://servicesartisans.fr/blog/tag/peintre-en-batiment,Peintre en bâtiment — Articles & Guides | ServicesArtisans | ServicesArtisans,text/html; charset=utf-8,false,200,0,false,og:typeog:localeog:urlog:descriptionog:title,"websitefr_FRhttps://servicesartisans.fr/blog/tag/peintre-en-batimentTous les articles sur peintre en bâtiment : conseils, prix, réglementation et guides pratiques par les experts ServicesArtisans.Peintre en bâtiment — Articles & Guides | ServicesArtisans",0,true,0
20,https://servicesartisans.fr/questions/travaux-sans-autorisation-risques,Travaux sans autorisation : quels risques ? | ServicesArtisans | ServicesArtisans,text/html; charset=utf-8,false,200,0,false,og:typeog:urlog:descriptionog:title,"articlehttps://servicesartisans.fr/questions/travaux-sans-autorisation-risquesRéaliser des travaux sans autorisation d'urbanisme expose à une amende de 1 200 à 6 000 € par m² construit, une obligation de mise en conformité ou de démolition, et l'impossibilité de vendre le bien en l'état. Le délai de prescription est de 6 ans pour l'action pénale et 10 ans pour l'action civile.Travaux sans autorisation : quels risques ? | ServicesArtisans",0,true,0
20,https://servicesartisans.fr/blog/tag/droit,Droit — Articles & Guides | ServicesArtisans | ServicesArtisans,text/html; charset=utf-8,false,200,0,false,og:typeog:localeog:urlog:descriptionog:title,"websitefr_FRhttps://servicesartisans.fr/blog/tag/droitTous les articles sur droit : conseils, prix, réglementation et guides pratiques par les experts ServicesArtisans.Droit — Articles & Guides | ServicesArtisans",0,true,0
20,https://servicesartisans.fr/blog/tag/pergola-bioclimatique,Pergola bioclimatique — Articles & Guides | ServicesArtisans | ServicesArtisans,text/html; charset=utf-8,false,200,0,false,og:typeog:localeog:urlog:descriptionog:title,"websitefr_FRhttps://servicesartisans.fr/blog/tag/pergola-bioclimatiqueTous les articles sur pergola bioclimatique : conseils, prix, réglementation et guides pratiques par les experts ServicesArtisans.Pergola bioclimatique — Articles & Guides | ServicesArtisans",0,true,0
20,https://servicesartisans.fr/blog/tag/amiante,Amiante — Articles & Guides | ServicesArtisans | ServicesArtisans,text/html; charset=utf-8,false,200,0,false,og:typeog:localeog:urlog:descriptionog:title,"websitefr_FRhttps://servicesartisans.fr/blog/tag/amianteTous les articles sur amiante : conseils, prix, réglementation et guides pratiques par les experts ServicesArtisans.Amiante — Articles & Guides | ServicesArtisans",0,true,0
20,https://servicesartisans.fr/blog/tag/satellite,Satellite — Articles & Guides | ServicesArtisans | ServicesArtisans,text/html; charset=utf-8,false,200,0,false,og:typeog:localeog:urlog:descriptionog:title,"websitefr_FRhttps://servicesartisans.fr/blog/tag/satelliteTous les articles sur satellite : conseils, prix, réglementation et guides pratiques par les experts ServicesArtisans.Satellite — Articles & Guides | ServicesArtisans",0,true,0
20,https://servicesartisans.fr/blog/tag/terrassement,Terrassement — Articles & Guides | ServicesArtisans | ServicesArtisans,text/html; charset=utf-8,false,200,0,false,og:typeog:localeog:urlog:descriptionog:title,"websitefr_FRhttps://servicesartisans.fr/blog/tag/terrassementTous les articles sur terrassement : conseils, prix, réglementation et guides pratiques par les experts ServicesArtisans.Terrassement — Articles & Guides | ServicesArtisans",0,true,0
20,https://servicesartisans.fr/blog/tag/fiscalite,Fiscalité — Articles & Guides | ServicesArtisans | ServicesArtisans,text/html; charset=utf-8,false,200,0,false,og:typeog:localeog:urlog:descriptionog:title,"websitefr_FRhttps://servicesartisans.fr/blog/tag/fiscaliteTous les articles sur fiscalité : conseils, prix, réglementation et guides pratiques par les experts ServicesArtisans.Fiscalité — Articles & Guides | ServicesArtisans",0,true,0
20,https://servicesartisans.fr/rge/fraude-rge-comment-verifier,Fraude RGE : comment vérifier qu’un artisan est vraiment certifié ? | ServicesArtisans,text/html; charset=utf-8,false,200,0,false,og:typeog:localeog:site_nameog:urlog:descriptionog:title,"articlefr_FRServicesArtisanshttps://servicesartisans.fr/rge/fraude-rge-comment-verifierAnnuaire France Rénov’, attestation RGE, SIREN, organismes certificateurs : toutes les vérifications à faire avant de signer un devis de rénovation énergétique.Fraude RGE : comment vérifier qu’un artisan est vraiment certifié ?",0,true,0
20,https://servicesartisans.fr/guides/renovation-fenetres,"Changer ses Fenêtres : Matériaux, Prix et Aides 2026 | ServicesArtisans",text/html; charset=utf-8,false,200,0,false,og:typeog:site_nameog:urlog:descriptionog:title,"articleServicesArtisanshttps://servicesartisans.fr/guides/renovation-fenetresTout savoir pour changer vos fenêtres : matériaux, types d'ouverture, vitrage, prix et aides financières disponibles en 2026.Changer ses Fenêtres : Matériaux, Prix et Aides 2026",0,true,0
20,https://servicesartisans.fr/blog/tag/securite-maison,sécurité maison — Articles & Guides | ServicesArtisans | ServicesArtisans,text/html; charset=utf-8,false,200,0,false,og:typeog:localeog:urlog:descriptionog:title,"websitefr_FRhttps://servicesartisans.fr/blog/tag/securite-maisonTous les articles sur sécurité maison : conseils, prix, réglementation et guides pratiques par les experts ServicesArtisans.sécurité maison — Articles & Guides | ServicesArtisans",0,true,0
20,https://servicesartisans.fr/questions/delai-retractation-travaux,Quel délai de rétractation pour des travaux ? | ServicesArtisans | ServicesArtisans,text/html; charset=utf-8,false,200,0,false,og:typeog:urlog:descriptionog:title,"articlehttps://servicesartisans.fr/questions/delai-retractation-travauxLe délai de rétractation est de 14 jours pour tout contrat signé hors établissement (à domicile, en foire, par Internet). Il n'existe aucun délai de rétractation pour un devis signé dans les locaux de l'artisan, sauf clause contractuelle.Quel délai de rétractation pour des travaux ? | ServicesArtisans",0,true,0
20,https://servicesartisans.fr/blog/tag/home-staging,home staging — Articles & Guides | ServicesArtisans | ServicesArtisans,text/html; charset=utf-8,false,200,0,false,og:typeog:localeog:urlog:descriptionog:title,"websitefr_FRhttps://servicesartisans.fr/blog/tag/home-stagingTous les articles sur home staging : conseils, prix, réglementation et guides pratiques par les experts ServicesArtisans.home staging — Articles & Guides | ServicesArtisans",0,true,0
20,https://servicesartisans.fr/rge/tarifs-audit-energetique,"Tarifs audit énergétique 2026 : prix, aides et retour sur investissement | ServicesArtisans",text/html; charset=utf-8,false,200,0,false,og:typeog:localeog:site_nameog:urlog:descriptionog:title,"articlefr_FRServicesArtisanshttps://servicesartisans.fr/rge/tarifs-audit-energetiquePrix moyens d'un audit énergétique, forfait MaPrimeRénov' audit, rentabilité et critères de choix d'un auditeur qualifié RGE.Tarifs audit énergétique 2026 : prix, aides et retour sur investissement",0,true,0
20,https://servicesartisans.fr/blog/tag/resine,résine — Articles & Guides | ServicesArtisans | ServicesArtisans,text/html; charset=utf-8,false,200,0,false,og:typeog:localeog:urlog:descriptionog:title,"websitefr_FRhttps://servicesartisans.fr/blog/tag/resineTous les articles sur résine : conseils, prix, réglementation et guides pratiques par les experts ServicesArtisans.résine — Articles & Guides | ServicesArtisans",0,true,0
20,https://servicesartisans.fr/blog/tag/pompe-a-chaleur,pompe à chaleur — Articles & Guides | ServicesArtisans | ServicesArtisans,text/html; charset=utf-8,false,200,0,false,og:typeog:localeog:urlog:descriptionog:title,"websitefr_FRhttps://servicesartisans.fr/blog/tag/pompe-a-chaleurTous les articles sur pompe à chaleur : conseils, prix, réglementation et guides pratiques par les experts ServicesArtisans.pompe à chaleur — Articles & Guides | ServicesArtisans",0,true,0
20,https://servicesartisans.fr/blog/tag/renovation-energetique,Rénovation énergétique — Articles & Guides | ServicesArtisans | ServicesArtisans,text/html; charset=utf-8,false,200,0,false,og:typeog:localeog:urlog:descriptionog:title,"websitefr_FRhttps://servicesartisans.fr/blog/tag/renovation-energetiqueTous les articles sur rénovation énergétique : conseils, prix, réglementation et guides pratiques par les experts ServicesArtisans.Rénovation énergétique — Articles & Guides | ServicesArtisans",0,true,0
20,https://servicesartisans.fr/questions/devis-combien-demander,Combien de devis faut-il demander pour des travaux ? | ServicesArtisans | ServicesArtisans,text/html; charset=utf-8,false,200,0,false,og:typeog:urlog:descriptionog:title,"articlehttps://servicesartisans.fr/questions/devis-combien-demanderIl est recommandé de demander au minimum 3 devis pour tout projet de travaux. Cela permet de comparer les prix, les prestations et le professionnalisme des artisans. Pour les gros chantiers (plus de 10 000 €), visez 5 devis.Combien de devis faut-il demander pour des travaux ? | ServicesArtisans",0,true,0
20,https://servicesartisans.fr/blog/tag/diagnostic,Diagnostic — Articles & Guides | ServicesArtisans | ServicesArtisans,text/html; charset=utf-8,false,200,0,false,og:typeog:localeog:urlog:descriptionog:title,"websitefr_FRhttps://servicesartisans.fr/blog/tag/diagnosticTous les articles sur diagnostic : conseils, prix, réglementation et guides pratiques par les experts ServicesArtisans.Diagnostic — Articles & Guides | ServicesArtisans",0,true,0
20,https://servicesartisans.fr/blog/tag/vitrier,Vitrier — Articles & Guides | ServicesArtisans | ServicesArtisans,text/html; charset=utf-8,false,200,0,false,og:typeog:localeog:urlog:descriptionog:title,"websitefr_FRhttps://servicesartisans.fr/blog/tag/vitrierTous les articles sur vitrier : conseils, prix, réglementation et guides pratiques par les experts ServicesArtisans.Vitrier — Articles & Guides | ServicesArtisans",0,true,0
20,https://servicesartisans.fr/blog/tag/alpes-maritimes,Alpes-Maritimes — Articles & Guides | ServicesArtisans | ServicesArtisans,text/html; charset=utf-8,false,200,0,false,og:typeog:localeog:urlog:descriptionog:title,"websitefr_FRhttps://servicesartisans.fr/blog/tag/alpes-maritimesTous les articles sur alpes-maritimes : conseils, prix, réglementation et guides pratiques par les experts ServicesArtisans.Alpes-Maritimes — Articles & Guides | ServicesArtisans",0,true,0
20,https://servicesartisans.fr/questions/degat-des-eaux-premiers-gestes,Dégât des eaux : quels sont les premiers gestes ? | ServicesArtisans | ServicesArtisans,text/html; charset=utf-8,false,200,0,false,og:typeog:urlog:descriptionog:title,"articlehttps://servicesartisans.fr/questions/degat-des-eaux-premiers-gestesCoupez l'eau et l'électricité, épongez l'eau stagnante et mettez vos objets de valeur à l'abri. Prenez des photos des dégâts. Déclarez le sinistre à votre assurance sous 5 jours ouvrés et remplissez le constat amiable.Dégât des eaux : quels sont les premiers gestes ? | ServicesArtisans",0,true,0
20,https://servicesartisans.fr/comparaison/terrasse-bois-vs-composite-vs-carrelage,Terrasse bois vs composite vs carrelage : quel revêtement choisir ? | ServicesArtisans,text/html; charset=utf-8,false,200,0,false,og:typeog:site_nameog:urlog:descriptionog:title,"articleServicesArtisanshttps://servicesartisans.fr/comparaison/terrasse-bois-vs-composite-vs-carrelageComparatif terrasse bois naturel, composite et carrelage extérieur en 2026 : prix au m², entretien, durabilité, esthétique. Guide pour choisir votre terrasse.Terrasse bois vs composite vs carrelage : quel revêtement choisir ?",0,true,0
20,https://servicesartisans.fr/blog/tag/normes,Normes — Articles & Guides | ServicesArtisans | ServicesArtisans,text/html; charset=utf-8,false,200,0,false,og:typeog:localeog:urlog:descriptionog:title,"websitefr_FRhttps://servicesartisans.fr/blog/tag/normesTous les articles sur normes : conseils, prix, réglementation et guides pratiques par les experts ServicesArtisans.Normes — Articles & Guides | ServicesArtisans",0,true,0
20,https://servicesartisans.fr/questions/devis-obligatoire-a-partir-de-combien,Un devis est-il obligatoire ? À partir de quel montant ? | ServicesArtisans | ServicesArtisans,text/html; charset=utf-8,false,200,0,false,og:typeog:urlog:descriptionog:title,"articlehttps://servicesartisans.fr/questions/devis-obligatoire-a-partir-de-combienOui, un devis écrit est obligatoire pour tout travail de dépannage, réparation ou entretien dans le bâtiment dès que le montant estimé dépasse 150 € TTC (arrêté du 24 janvier 2017). Le devis doit être signé par le client avant le début des travaux.Un devis est-il obligatoire ? À partir de quel montant ? | ServicesArtisans",0,true,0
20,https://servicesartisans.fr/blog/tag/revente-maison,revente maison — Articles & Guides | ServicesArtisans | ServicesArtisans,text/html; charset=utf-8,false,200,0,false,og:typeog:localeog:urlog:descriptionog:title,"websitefr_FRhttps://servicesartisans.fr/blog/tag/revente-maisonTous les articles sur revente maison : conseils, prix, réglementation et guides pratiques par les experts ServicesArtisans.revente maison — Articles & Guides | ServicesArtisans",0,true,0
20,https://servicesartisans.fr/blog/tag/chaudiere,chaudière — Articles & Guides | ServicesArtisans | ServicesArtisans,text/html; charset=utf-8,false,200,0,false,og:typeog:localeog:urlog:descriptionog:title,"websitefr_FRhttps://servicesartisans.fr/blog/tag/chaudiereTous les articles sur chaudière : conseils, prix, réglementation et guides pratiques par les experts ServicesArtisans.chaudière — Articles & Guides | ServicesArtisans",0,true,0
20,https://servicesartisans.fr/blog/tag/professionnel,Professionnel — Articles & Guides | ServicesArtisans | ServicesArtisans,text/html; charset=utf-8,false,200,0,false,og:typeog:localeog:urlog:descriptionog:title,"websitefr_FRhttps://servicesartisans.fr/blog/tag/professionnelTous les articles sur professionnel : conseils, prix, réglementation et guides pratiques par les experts ServicesArtisans.Professionnel — Articles & Guides | ServicesArtisans",0,true,0
20,https://servicesartisans.fr/blog/tag/isolation-exterieure,Isolation extérieure — Articles & Guides | ServicesArtisans | ServicesArtisans,text/html; charset=utf-8,false,200,0,false,og:typeog:localeog:urlog:descriptionog:title,"websitefr_FRhttps://servicesartisans.fr/blog/tag/isolation-exterieureTous les articles sur isolation extérieure : conseils, prix, réglementation et guides pratiques par les experts ServicesArtisans.Isolation extérieure — Articles & Guides | ServicesArtisans",0,true,0
20,https://servicesartisans.fr/blog/tag/reglementation-2026,réglementation 2026 — Articles & Guides | ServicesArtisans | ServicesArtisans,text/html; charset=utf-8,false,200,0,false,og:typeog:localeog:urlog:descriptionog:title,"websitefr_FRhttps://servicesartisans.fr/blog/tag/reglementation-2026Tous les articles sur réglementation 2026 : conseils, prix, réglementation et guides pratiques par les experts ServicesArtisans.réglementation 2026 — Articles & Guides | ServicesArtisans",0,true,0
20,https://servicesartisans.fr/blog/tag/prevention,prévention — Articles & Guides | ServicesArtisans | ServicesArtisans,text/html; charset=utf-8,false,200,0,false,og:typeog:localeog:urlog:descriptionog:title,"websitefr_FRhttps://servicesartisans.fr/blog/tag/preventionTous les articles sur prévention : conseils, prix, réglementation et guides pratiques par les experts ServicesArtisans.prévention — Articles & Guides | ServicesArtisans",0,true,0
20,https://servicesartisans.fr/questions/porte-claquee-que-faire,Porte claquée : que faire quand on est enfermé dehors ? | ServicesArtisans | ServicesArtisans,text/html; charset=utf-8,false,200,0,false,og:typeog:urlog:descriptionog:title,"articlehttps://servicesartisans.fr/questions/porte-claquee-que-faireSi votre porte est claquée (non verrouillée à clé), un serrurier peut l'ouvrir sans casse pour 80 à 150 €. N'essayez pas de forcer la porte. Appelez un serrurier local recommandé, pas un numéro trouvé sur un prospectus.Porte claquée : que faire quand on est enfermé dehors ? | ServicesArtisans",0,true,0
20,https://servicesartisans.fr/blog/tag/decorateur,Décorateur — Articles & Guides | ServicesArtisans | ServicesArtisans,text/html; charset=utf-8,false,200,0,false,og:typeog:localeog:urlog:descriptionog:title,"websitefr_FRhttps://servicesartisans.fr/blog/tag/decorateurTous les articles sur décorateur : conseils, prix, réglementation et guides pratiques par les experts ServicesArtisans.Décorateur — Articles & Guides | ServicesArtisans",0,true,0
20,https://servicesartisans.fr/blog/tag/preparation-hiver,préparation hiver — Articles & Guides | ServicesArtisans | ServicesArtisans,text/html; charset=utf-8,false,200,0,false,og:typeog:localeog:urlog:descriptionog:title,"websitefr_FRhttps://servicesartisans.fr/blog/tag/preparation-hiverTous les articles sur préparation hiver : conseils, prix, réglementation et guides pratiques par les experts ServicesArtisans.préparation hiver — Articles & Guides | ServicesArtisans",0,true,0
20,https://servicesartisans.fr/questions/ventilation-vmc-simple-ou-double-flux,VMC simple flux ou double flux ? | ServicesArtisans | ServicesArtisans,text/html; charset=utf-8,false,200,0,false,og:typeog:urlog:descriptionog:title,articlehttps://servicesartisans.fr/questions/ventilation-vmc-simple-ou-double-fluxLa VMC simple flux est économique (500 à 1 500 € posée) et adaptée à la plupart des logements. La VMC double flux récupère 70 à 90 % de la chaleur de l'air extrait mais coûte 3 000 à 7 000 € et nécessite un réseau de gaines. Elle est surtout pertinente dans les maisons neuves ou très bien isolées.VMC simple flux ou double flux ? | ServicesArtisans,0,true,0
20,https://servicesartisans.fr/blog/tag/gouttieres,gouttières — Articles & Guides | ServicesArtisans | ServicesArtisans,text/html; charset=utf-8,false,200,0,false,og:typeog:localeog:urlog:descriptionog:title,"websitefr_FRhttps://servicesartisans.fr/blog/tag/gouttieresTous les articles sur gouttières : conseils, prix, réglementation et guides pratiques par les experts ServicesArtisans.gouttières — Articles & Guides | ServicesArtisans",0,true,0
20,https://servicesartisans.fr/blog/tag/tuile,tuile — Articles & Guides | ServicesArtisans | ServicesArtisans,text/html; charset=utf-8,false,200,0,false,og:typeog:localeog:urlog:descriptionog:title,"websitefr_FRhttps://servicesartisans.fr/blog/tag/tuileTous les articles sur tuile : conseils, prix, réglementation et guides pratiques par les experts ServicesArtisans.tuile — Articles & Guides | ServicesArtisans",0,true,0
20,https://servicesartisans.fr/questions/comment-choisir-electricien,Comment choisir un électricien qualifié ? | ServicesArtisans | ServicesArtisans,text/html; charset=utf-8,false,200,0,false,og:typeog:urlog:descriptionog:title,"articlehttps://servicesartisans.fr/questions/comment-choisir-electricienChoisissez un électricien certifié Qualifelec ou titulaire d'une habilitation électrique valide. Vérifiez son assurance décennale, demandez 3 devis et exigez une attestation de conformité Consuel pour les gros travaux.Comment choisir un électricien qualifié ? | ServicesArtisans",0,true,0
20,https://servicesartisans.fr/blog/tag/calfeutrage,calfeutrage — Articles & Guides | ServicesArtisans | ServicesArtisans,text/html; charset=utf-8,false,200,0,false,og:typeog:localeog:urlog:descriptionog:title,"websitefr_FRhttps://servicesartisans.fr/blog/tag/calfeutrageTous les articles sur calfeutrage : conseils, prix, réglementation et guides pratiques par les experts ServicesArtisans.calfeutrage — Articles & Guides | ServicesArtisans",0,true,0
20,https://servicesartisans.fr/blog/tag/maitre-d-ouvrage,Maître d'ouvrage — Articles & Guides | ServicesArtisans | ServicesArtisans,text/html; charset=utf-8,false,200,0,false,og:typeog:localeog:urlog:descriptionog:title,"websitefr_FRhttps://servicesartisans.fr/blog/tag/maitre-d-ouvrageTous les articles sur maître d'ouvrage : conseils, prix, réglementation et guides pratiques par les experts ServicesArtisans.Maître d'ouvrage — Articles & Guides | ServicesArtisans",0,true,0
20,https://servicesartisans.fr/blog/tag/prix-domotique,prix domotique — Articles & Guides | ServicesArtisans | ServicesArtisans,text/html; charset=utf-8,false,200,0,false,og:typeog:localeog:urlog:descriptionog:title,"websitefr_FRhttps://servicesartisans.fr/blog/tag/prix-domotiqueTous les articles sur prix domotique : conseils, prix, réglementation et guides pratiques par les experts ServicesArtisans.prix domotique — Articles & Guides | ServicesArtisans",0,true,0
20,https://servicesartisans.fr/blog/tag/reparation,réparation — Articles & Guides | ServicesArtisans | ServicesArtisans,text/html; charset=utf-8,false,200,0,false,og:typeog:localeog:urlog:descriptionog:title,"websitefr_FRhttps://servicesartisans.fr/blog/tag/reparationTous les articles sur réparation : conseils, prix, réglementation et guides pratiques par les experts ServicesArtisans.réparation — Articles & Guides | ServicesArtisans",0,true,0
20,https://servicesartisans.fr/questions/passoire-thermique-que-faire,"Mon logement est une passoire thermique, que faire ? | ServicesArtisans | ServicesArtisans",text/html; charset=utf-8,false,200,0,false,og:typeog:urlog:descriptionog:title,"articlehttps://servicesartisans.fr/questions/passoire-thermique-que-faireUn logement classé F ou G au DPE est une passoire thermique. Commencez par un audit énergétique (obligatoire pour la vente), puis priorisez l'isolation et le chauffage. Les aides couvrent jusqu'à 90 % des travaux pour les ménages modestes.Mon logement est une passoire thermique, que faire ? | ServicesArtisans",0,true,0
20,https://servicesartisans.fr/blog/tag/artisan,Artisan — Articles & Guides | ServicesArtisans | ServicesArtisans,text/html; charset=utf-8,false,200,0,false,og:typeog:localeog:urlog:descriptionog:title,"websitefr_FRhttps://servicesartisans.fr/blog/tag/artisanTous les articles sur artisan : conseils, prix, réglementation et guides pratiques par les experts ServicesArtisans.Artisan — Articles & Guides | ServicesArtisans",0,true,0
20,https://servicesartisans.fr/questions/chaudiere-gaz-interdite-2026,La chaudière gaz est-elle interdite en 2026 ? | ServicesArtisans | ServicesArtisans,text/html; charset=utf-8,false,200,0,false,og:typeog:urlog:descriptionog:title,"articlehttps://servicesartisans.fr/questions/chaudiere-gaz-interdite-2026En 2026, la chaudière gaz n'est pas totalement interdite mais fortement découragée. Depuis 2022, elle est interdite dans les constructions neuves (RE2020). En rénovation, elle reste autorisée mais n'est plus éligible aux aides MaPrimeRénov'. Son remplacement par une PAC est encouragé.La chaudière gaz est-elle interdite en 2026 ? | ServicesArtisans",0,true,0
20,https://servicesartisans.fr/blog/tag/ventilation,Ventilation — Articles & Guides | ServicesArtisans | ServicesArtisans,text/html; charset=utf-8,false,200,0,false,og:typeog:localeog:urlog:descriptionog:title,"websitefr_FRhttps://servicesartisans.fr/blog/tag/ventilationTous les articles sur ventilation : conseils, prix, réglementation et guides pratiques par les experts ServicesArtisans.Ventilation — Articles & Guides | ServicesArtisans",0,true,0
20,https://servicesartisans.fr/services,Tous les Métiers Artisans 2026 — Devis Gratuit 24h | ServicesArtisans,text/html; charset=utf-8,false,200,0,false,og:image:altog:image:heightog:image:widthog:imageog:urlog:descriptionog:title,"ServicesArtisans — Tous les services artisans6301200https://servicesartisans.fr/opengraph-imagehttps://servicesartisans.fr/services46 métiers du bâtiment. Artisans référencés dans 101 départements. Trouvez un professionnel qualifié, devis gratuit.Tous les Métiers Artisans 2026 — Devis Gratuit 24h",0,true,0
20,https://servicesartisans.fr/blog/tag/traitement,Traitement — Articles & Guides | ServicesArtisans | ServicesArtisans,text/html; charset=utf-8,false,200,0,false,og:typeog:localeog:urlog:descriptionog:title,"websitefr_FRhttps://servicesartisans.fr/blog/tag/traitementTous les articles sur traitement : conseils, prix, réglementation et guides pratiques par les experts ServicesArtisans.Traitement — Articles & Guides | ServicesArtisans",0,true,0
20,https://servicesartisans.fr/blog/tag/artisans,artisans — Articles & Guides | ServicesArtisans | ServicesArtisans,text/html; charset=utf-8,false,200,0,false,og:typeog:localeog:urlog:descriptionog:title,"websitefr_FRhttps://servicesartisans.fr/blog/tag/artisansTous les articles sur artisans : conseils, prix, réglementation et guides pratiques par les experts ServicesArtisans.artisans — Articles & Guides | ServicesArtisans",0,true,0
20,https://servicesartisans.fr/blog/tag/lille,Lille — Articles & Guides | ServicesArtisans | ServicesArtisans,text/html; charset=utf-8,false,200,0,false,og:typeog:localeog:urlog:descriptionog:title,"websitefr_FRhttps://servicesartisans.fr/blog/tag/lilleTous les articles sur lille : conseils, prix, réglementation et guides pratiques par les experts ServicesArtisans.Lille — Articles & Guides | ServicesArtisans",0,true,0
20,https://servicesartisans.fr/blog/tag/protection,Protection — Articles & Guides | ServicesArtisans | ServicesArtisans,text/html; charset=utf-8,false,200,0,false,og:typeog:localeog:urlog:descriptionog:title,"websitefr_FRhttps://servicesartisans.fr/blog/tag/protectionTous les articles sur protection : conseils, prix, réglementation et guides pratiques par les experts ServicesArtisans.Protection — Articles & Guides | ServicesArtisans",0,true,0
20,https://servicesartisans.fr/blog/tag/serrure,serrure — Articles & Guides | ServicesArtisans | ServicesArtisans,text/html; charset=utf-8,false,200,0,false,og:typeog:localeog:urlog:descriptionog:title,"websitefr_FRhttps://servicesartisans.fr/blog/tag/serrureTous les articles sur serrure : conseils, prix, réglementation et guides pratiques par les experts ServicesArtisans.serrure — Articles & Guides | ServicesArtisans",0,true,0
20,https://servicesartisans.fr/blog/tag/erp,ERP — Articles & Guides | ServicesArtisans | ServicesArtisans,text/html; charset=utf-8,false,200,0,false,og:typeog:localeog:urlog:descriptionog:title,"websitefr_FRhttps://servicesartisans.fr/blog/tag/erpTous les articles sur erp : conseils, prix, réglementation et guides pratiques par les experts ServicesArtisans.ERP — Articles & Guides | ServicesArtisans",0,true,0
20,https://servicesartisans.fr/blog/tag/france,France — Articles & Guides | ServicesArtisans | ServicesArtisans,text/html; charset=utf-8,false,200,0,false,og:typeog:localeog:urlog:descriptionog:title,"websitefr_FRhttps://servicesartisans.fr/blog/tag/franceTous les articles sur france : conseils, prix, réglementation et guides pratiques par les experts ServicesArtisans.France — Articles & Guides | ServicesArtisans",0,true,0
20,https://servicesartisans.fr/blog/tag/eco-ptz,Éco-PTZ — Articles & Guides | ServicesArtisans | ServicesArtisans,text/html; charset=utf-8,false,200,0,false,og:typeog:localeog:urlog:descriptionog:title,"websitefr_FRhttps://servicesartisans.fr/blog/tag/eco-ptzTous les articles sur éco-ptz : conseils, prix, réglementation et guides pratiques par les experts ServicesArtisans.Éco-PTZ — Articles & Guides | ServicesArtisans",0,true,0
20,https://servicesartisans.fr/blog/tag/rebouchage,rebouchage — Articles & Guides | ServicesArtisans | ServicesArtisans,text/html; charset=utf-8,false,200,0,false,og:typeog:localeog:urlog:descriptionog:title,"websitefr_FRhttps://servicesartisans.fr/blog/tag/rebouchageTous les articles sur rebouchage : conseils, prix, réglementation et guides pratiques par les experts ServicesArtisans.rebouchage — Articles & Guides | ServicesArtisans",0,true,0
20,https://servicesartisans.fr/blog/tag/metallier,Métallier — Articles & Guides | ServicesArtisans | ServicesArtisans,text/html; charset=utf-8,false,200,0,false,og:typeog:localeog:urlog:descriptionog:title,"websitefr_FRhttps://servicesartisans.fr/blog/tag/metallierTous les articles sur métallier : conseils, prix, réglementation et guides pratiques par les experts ServicesArtisans.Métallier — Articles & Guides | ServicesArtisans",0,true,0
20,https://servicesartisans.fr/questions/electricien-urgent-disjoncteur,Que faire quand le disjoncteur saute en permanence ? | ServicesArtisans | ServicesArtisans,text/html; charset=utf-8,false,200,0,false,og:typeog:urlog:descriptionog:title,"articlehttps://servicesartisans.fr/questions/electricien-urgent-disjoncteurSi le disjoncteur saute en permanence, commencez par identifier le circuit en cause en réarmant un par un. Débranchez les appareils suspects. Si le problème persiste, appelez un électricien (diagnostic : 80-150 €). Ne réarmez jamais plus de 3 fois un disjoncteur sans trouver la cause.Que faire quand le disjoncteur saute en permanence ? | ServicesArtisans",0,true,0
20,https://servicesartisans.fr/questions/monter-meuble-cuisine-soi-meme,Comment monter un meuble de cuisine soi-même ? | ServicesArtisans | ServicesArtisans,text/html; charset=utf-8,false,200,0,false,og:typeog:urlog:descriptionog:title,"articlehttps://servicesartisans.fr/questions/monter-meuble-cuisine-soi-memeCommencez par fixer les meubles hauts sur un rail de suspension vissé au mur (hauteur standard : 140 cm). Assemblez les caissons, fixez-les au rail, puis installez les meubles bas et le plan de travail. Prévoyez 2 à 3 jours.Comment monter un meuble de cuisine soi-même ? | ServicesArtisans",0,true,0
20,https://servicesartisans.fr/blog/tag/ba13,BA13 — Articles & Guides | ServicesArtisans | ServicesArtisans,text/html; charset=utf-8,false,200,0,false,og:typeog:localeog:urlog:descriptionog:title,"websitefr_FRhttps://servicesartisans.fr/blog/tag/ba13Tous les articles sur ba13 : conseils, prix, réglementation et guides pratiques par les experts ServicesArtisans.BA13 — Articles & Guides | ServicesArtisans",0,true,0
20,https://servicesartisans.fr/blog/tag/somfy,Somfy — Articles & Guides | ServicesArtisans | ServicesArtisans,text/html; charset=utf-8,false,200,0,false,og:typeog:localeog:urlog:descriptionog:title,"websitefr_FRhttps://servicesartisans.fr/blog/tag/somfyTous les articles sur somfy : conseils, prix, réglementation et guides pratiques par les experts ServicesArtisans.Somfy — Articles & Guides | ServicesArtisans",0,true,0
20,https://servicesartisans.fr/questions/quest-ce-que-la-garantie-decennale,Qu'est-ce que la garantie décennale ? | ServicesArtisans | ServicesArtisans,text/html; charset=utf-8,false,200,0,false,og:typeog:urlog:descriptionog:title,articlehttps://servicesartisans.fr/questions/quest-ce-que-la-garantie-decennaleLa garantie décennale est une assurance obligatoire couvrant pendant 10 ans les dommages compromettant la solidité d'un ouvrage ou le rendant inhabitable. Elle est imposée par les articles 1792 et suivants du Code civil à tout professionnel du bâtiment.Qu'est-ce que la garantie décennale ? | ServicesArtisans,0,true,0
20,https://servicesartisans.fr/blog/tag/justice,Justice — Articles & Guides | ServicesArtisans | ServicesArtisans,text/html; charset=utf-8,false,200,0,false,og:typeog:localeog:urlog:descriptionog:title,"websitefr_FRhttps://servicesartisans.fr/blog/tag/justiceTous les articles sur justice : conseils, prix, réglementation et guides pratiques par les experts ServicesArtisans.Justice — Articles & Guides | ServicesArtisans",0,true,0
20,https://servicesartisans.fr/blog/tag/pare-douche,Pare-douche — Articles & Guides | ServicesArtisans | ServicesArtisans,text/html; charset=utf-8,false,200,0,false,og:typeog:localeog:urlog:descriptionog:title,"websitefr_FRhttps://servicesartisans.fr/blog/tag/pare-doucheTous les articles sur pare-douche : conseils, prix, réglementation et guides pratiques par les experts ServicesArtisans.Pare-douche — Articles & Guides | ServicesArtisans",0,true,0
20,https://servicesartisans.fr/blog/categorie/saisonnier,Travaux Saisonniers — Entretien Maison | ServicesArtisans | ServicesArtisans,text/html; charset=utf-8,false,200,0,false,og:typeog:localeog:urlog:descriptionog:title,"websitefr_FRhttps://servicesartisans.fr/blog/categorie/saisonnierQuels travaux faire à chaque saison ? Check-lists saisonnières, entretien préventif et conseils pour protéger votre maison toute l'année.Travaux Saisonniers — Entretien Maison | ServicesArtisans",0,true,0
20,https://servicesartisans.fr/blog/tag/proprietaire,propriétaire — Articles & Guides | ServicesArtisans | ServicesArtisans,text/html; charset=utf-8,false,200,0,false,og:typeog:localeog:urlog:descriptionog:title,"websitefr_FRhttps://servicesartisans.fr/blog/tag/proprietaireTous les articles sur propriétaire : conseils, prix, réglementation et guides pratiques par les experts ServicesArtisans.propriétaire — Articles & Guides | ServicesArtisans",0,true,0
20,https://servicesartisans.fr/barometre/tarifs,Statistiques par métier — Baromètre Artisans | ServicesArtisans,text/html; charset=utf-8,false,200,0,false,og:typeog:localeog:urlog:descriptionog:title,websitefr_FRhttps://servicesartisans.fr/barometre/tarifsStats détaillées par corps de métier du bâtiment en France.Statistiques par métier — Baromètre Artisans,0,true,0
20,https://servicesartisans.fr/blog/tag/automne,automne — Articles & Guides | ServicesArtisans | ServicesArtisans,text/html; charset=utf-8,false,200,0,false,og:typeog:localeog:urlog:descriptionog:title,"websitefr_FRhttps://servicesartisans.fr/blog/tag/automneTous les articles sur automne : conseils, prix, réglementation et guides pratiques par les experts ServicesArtisans.automne — Articles & Guides | ServicesArtisans",0,true,0
20,https://servicesartisans.fr/blog/tag/parquet-massif,Parquet massif — Articles & Guides | ServicesArtisans | ServicesArtisans,text/html; charset=utf-8,false,200,0,false,og:typeog:localeog:urlog:descriptionog:title,"websitefr_FRhttps://servicesartisans.fr/blog/tag/parquet-massifTous les articles sur parquet massif : conseils, prix, réglementation et guides pratiques par les experts ServicesArtisans.Parquet massif — Articles & Guides | ServicesArtisans",0,true,0
20,https://servicesartisans.fr/questions/artisan-sans-decennale-que-faire,Artisan sans décennale : quels risques ? | ServicesArtisans | ServicesArtisans,text/html; charset=utf-8,false,200,0,false,og:typeog:urlog:descriptionog:title,"articlehttps://servicesartisans.fr/questions/artisan-sans-decennale-que-faireUn artisan sans garantie décennale exerce illégalement et s'expose à 75 000 € d'amende et 6 mois de prison. Pour le client, en cas de malfaçon, il n'y a aucun assureur à solliciter : il faudra poursuivre l'artisan personnellement, souvent insolvable.Artisan sans décennale : quels risques ? | ServicesArtisans",0,true,0
20,https://servicesartisans.fr/blog/tag/reversible,réversible — Articles & Guides | ServicesArtisans | ServicesArtisans,text/html; charset=utf-8,false,200,0,false,og:typeog:localeog:urlog:descriptionog:title,"websitefr_FRhttps://servicesartisans.fr/blog/tag/reversibleTous les articles sur réversible : conseils, prix, réglementation et guides pratiques par les experts ServicesArtisans.réversible — Articles & Guides | ServicesArtisans",0,true,0
20,https://servicesartisans.fr/questions/peut-on-negocier-devis-artisan,Peut-on négocier un devis d'artisan ? | ServicesArtisans | ServicesArtisans,text/html; charset=utf-8,false,200,0,false,og:typeog:urlog:descriptionog:title,"articlehttps://servicesartisans.fr/questions/peut-on-negocier-devis-artisanOui, la négociation est courante et acceptée par les artisans. Vous pouvez obtenir 5 à 15 % de remise en mentionnant des devis concurrents, en groupant plusieurs travaux, en choisissant des périodes creuses (novembre-février) ou en proposant un paiement rapide.Peut-on négocier un devis d'artisan ? | ServicesArtisans",0,true,0
20,https://servicesartisans.fr/questions/refaire-carrelage-soi-meme,Peut-on refaire son carrelage soi-même ? | ServicesArtisans | ServicesArtisans,text/html; charset=utf-8,false,200,0,false,og:typeog:urlog:descriptionog:title,"articlehttps://servicesartisans.fr/questions/refaire-carrelage-soi-memeOui, refaire son carrelage soi-même est possible pour un bricoleur intermédiaire. Prévoyez 15 à 40 €/m² de matériaux (carreaux + colle + joints) et 2 à 4 jours pour une pièce de 10-15 m². Les économies sont de 30 à 50 €/m² par rapport à un carreleur professionnel.Peut-on refaire son carrelage soi-même ? | ServicesArtisans",0,true,0
20,https://servicesartisans.fr/blog/tag/mediation,Médiation — Articles & Guides | ServicesArtisans | ServicesArtisans,text/html; charset=utf-8,false,200,0,false,og:typeog:localeog:urlog:descriptionog:title,"websitefr_FRhttps://servicesartisans.fr/blog/tag/mediationTous les articles sur médiation : conseils, prix, réglementation et guides pratiques par les experts ServicesArtisans.Médiation — Articles & Guides | ServicesArtisans",0,true,0
20,https://servicesartisans.fr/blog/tag/metropole-de-lyon,Métropole de Lyon — Articles & Guides | ServicesArtisans | ServicesArtisans,text/html; charset=utf-8,false,200,0,false,og:typeog:localeog:urlog:descriptionog:title,"websitefr_FRhttps://servicesartisans.fr/blog/tag/metropole-de-lyonTous les articles sur métropole de lyon : conseils, prix, réglementation et guides pratiques par les experts ServicesArtisans.Métropole de Lyon — Articles & Guides | ServicesArtisans",0,true,0
20,https://servicesartisans.fr/questions/toiture-plate-ou-en-pente,Toiture plate ou en pente : avantages et inconvénients ? | ServicesArtisans | ServicesArtisans,text/html; charset=utf-8,false,200,0,false,og:typeog:urlog:descriptionog:title,"articlehttps://servicesartisans.fr/questions/toiture-plate-ou-en-penteLa toiture en pente est plus traditionnelle, nécessite moins d'entretien et assure un meilleur écoulement des eaux pluviales. La toiture plate offre un espace exploitable (terrasse, végétalisation), un design contemporain, mais exige une étanchéité irréprochable et un entretien régulier.Toiture plate ou en pente : avantages et inconvénients ? | ServicesArtisans",0,true,0
20,https://servicesartisans.fr/blog/tag/terrain,Terrain — Articles & Guides | ServicesArtisans | ServicesArtisans,text/html; charset=utf-8,false,200,0,false,og:typeog:localeog:urlog:descriptionog:title,"websitefr_FRhttps://servicesartisans.fr/blog/tag/terrainTous les articles sur terrain : conseils, prix, réglementation et guides pratiques par les experts ServicesArtisans.Terrain — Articles & Guides | ServicesArtisans",0,true,0
20,https://servicesartisans.fr/comparaison/carrelage-vs-parquet-vs-vinyle,Carrelage vs Parquet vs Vinyle : quel revêtement de sol choisir ? | ServicesArtisans,text/html; charset=utf-8,false,200,0,false,og:typeog:site_nameog:urlog:descriptionog:title,"articleServicesArtisanshttps://servicesartisans.fr/comparaison/carrelage-vs-parquet-vs-vinyleComparatif carrelage, parquet et sol vinyle en 2026 : prix, durabilité, entretien, pièces adaptées. Guide pour choisir votre revêtement de sol.Carrelage vs Parquet vs Vinyle : quel revêtement de sol choisir ?",0,true,0
20,https://servicesartisans.fr/guides/trouver-artisan,Comment Trouver un Artisan de Confiance en 2026 | ServicesArtisans,text/html; charset=utf-8,false,200,0,false,og:typeog:site_nameog:urlog:descriptionog:title,"articleServicesArtisanshttps://servicesartisans.fr/guides/trouver-artisanGuide complet pour trouver un artisan fiable en France : vérifications, devis, labels et recours.Comment Trouver un Artisan de Confiance en 2026",0,true,0
20,https://servicesartisans.fr/blog/tag/demenageur,Déménageur — Articles & Guides | ServicesArtisans | ServicesArtisans,text/html; charset=utf-8,false,200,0,false,og:typeog:localeog:urlog:descriptionog:title,"websitefr_FRhttps://servicesartisans.fr/blog/tag/demenageurTous les articles sur déménageur : conseils, prix, réglementation et guides pratiques par les experts ServicesArtisans.Déménageur — Articles & Guides | ServicesArtisans",0,true,0
20,https://servicesartisans.fr/questions/prix-salle-de-bain-complete,Combien coûte une rénovation complète de salle de bain ? | ServicesArtisans | ServicesArtisans,text/html; charset=utf-8,false,200,0,false,og:typeog:urlog:descriptionog:title,articlehttps://servicesartisans.fr/questions/prix-salle-de-bain-completeUne rénovation complète de salle de bain coûte entre 5 000 et 15 000 € pour une salle de bain standard (4-6 m²). Le budget monte à 15 000-25 000 € pour une salle de bain haut de gamme avec douche à l'italienne et meuble sur mesure.Combien coûte une rénovation complète de salle de bain ? | ServicesArtisans,0,true,0
20,https://servicesartisans.fr/blog/tag/nice,Nice — Articles & Guides | ServicesArtisans | ServicesArtisans,text/html; charset=utf-8,false,200,0,false,og:typeog:localeog:urlog:descriptionog:title,"websitefr_FRhttps://servicesartisans.fr/blog/tag/niceTous les articles sur nice : conseils, prix, réglementation et guides pratiques par les experts ServicesArtisans.Nice — Articles & Guides | ServicesArtisans",0,true,0
20,https://servicesartisans.fr/comparaison/plafond-tendu-vs-faux-plafond,Plafond tendu vs faux plafond : lequel choisir ? | ServicesArtisans,text/html; charset=utf-8,false,200,0,false,og:typeog:site_nameog:urlog:descriptionog:title,"articleServicesArtisanshttps://servicesartisans.fr/comparaison/plafond-tendu-vs-faux-plafondComparatif plafond tendu vs faux plafond en plaques de plâtre en 2026 : prix au m², pose, isolation, esthétique. Guide complet pour rénover votre plafond.Plafond tendu vs faux plafond : lequel choisir ?",0,true,0
20,https://servicesartisans.fr/blog/tag/zingueur,Zingueur — Articles & Guides | ServicesArtisans | ServicesArtisans,text/html; charset=utf-8,false,200,0,false,og:typeog:localeog:urlog:descriptionog:title,"websitefr_FRhttps://servicesartisans.fr/blog/tag/zingueurTous les articles sur zingueur : conseils, prix, réglementation et guides pratiques par les experts ServicesArtisans.Zingueur — Articles & Guides | ServicesArtisans",0,true,0
20,https://servicesartisans.fr/blog/tag/permis,Permis — Articles & Guides | ServicesArtisans | ServicesArtisans,text/html; charset=utf-8,false,200,0,false,og:typeog:localeog:urlog:descriptionog:title,"websitefr_FRhttps://servicesartisans.fr/blog/tag/permisTous les articles sur permis : conseils, prix, réglementation et guides pratiques par les experts ServicesArtisans.Permis — Articles & Guides | ServicesArtisans",0,true,0
20,https://servicesartisans.fr/questions/comment-deboucher-wc-sans-ventouse,Comment déboucher un WC sans ventouse ? | ServicesArtisans | ServicesArtisans,text/html; charset=utf-8,false,200,0,false,og:typeog:urlog:descriptionog:title,"articlehttps://servicesartisans.fr/questions/comment-deboucher-wc-sans-ventouseSans ventouse, versez un mélange d’eau bouillante et de liquide vaisselle dans la cuvette, laissez agir 15 min puis tirez la chasse. Alternatives : bicarbonate + vinaigre blanc, cintre métallique déplié, ou bouteille en plastique découpée comme piston.Comment déboucher un WC sans ventouse ? | ServicesArtisans",0,true,0
20,https://servicesartisans.fr/blog/tag/adaptation,adaptation — Articles & Guides | ServicesArtisans | ServicesArtisans,text/html; charset=utf-8,false,200,0,false,og:typeog:localeog:urlog:descriptionog:title,"websitefr_FRhttps://servicesartisans.fr/blog/tag/adaptationTous les articles sur adaptation : conseils, prix, réglementation et guides pratiques par les experts ServicesArtisans.adaptation — Articles & Guides | ServicesArtisans",0,true,0
20,https://servicesartisans.fr/blog/tag/micro-station,Micro-station — Articles & Guides | ServicesArtisans | ServicesArtisans,text/html; charset=utf-8,false,200,0,false,og:typeog:localeog:urlog:descriptionog:title,"websitefr_FRhttps://servicesartisans.fr/blog/tag/micro-stationTous les articles sur micro-station : conseils, prix, réglementation et guides pratiques par les experts ServicesArtisans.Micro-station — Articles & Guides | ServicesArtisans",0,true,0
20,https://servicesartisans.fr/questions/comment-lire-devis-artisan,Comment lire et comprendre un devis d'artisan ? | ServicesArtisans | ServicesArtisans,text/html; charset=utf-8,false,200,0,false,og:typeog:urlog:descriptionog:title,"articlehttps://servicesartisans.fr/questions/comment-lire-devis-artisanUn devis doit comporter les mentions légales (SIRET, assurance), le descriptif détaillé de chaque prestation avec quantités et prix unitaires, le montant TTC, la TVA applicable, les délais et les conditions de paiement. Comparez poste par poste, pas uniquement le total.Comment lire et comprendre un devis d'artisan ? | ServicesArtisans",0,true,0
20,https://servicesartisans.fr/blog/tag/litige,litige — Articles & Guides | ServicesArtisans | ServicesArtisans,text/html; charset=utf-8,false,200,0,false,og:typeog:localeog:urlog:descriptionog:title,"websitefr_FRhttps://servicesartisans.fr/blog/tag/litigeTous les articles sur litige : conseils, prix, réglementation et guides pratiques par les experts ServicesArtisans.litige — Articles & Guides | ServicesArtisans",0,true,0
20,https://servicesartisans.fr/questions/travaux-en-copropriete-qui-decide,Travaux en copropriété : qui décide et qui paye ? | ServicesArtisans | ServicesArtisans,text/html; charset=utf-8,false,200,0,false,og:typeog:urlog:descriptionog:title,"articlehttps://servicesartisans.fr/questions/travaux-en-copropriete-qui-decideEn copropriété, les travaux sur les parties communes sont votés en assemblée générale à la majorité requise (simple, absolue ou double selon leur nature). Chaque copropriétaire paye selon ses tantièmes. Les travaux dans les parties privatives sont libres sauf s'ils affectent l'aspect extérieur.Travaux en copropriété : qui décide et qui paye ? | ServicesArtisans",0,true,0
20,https://servicesartisans.fr/blog/tag/exterieur,extérieur — Articles & Guides | ServicesArtisans | ServicesArtisans,text/html; charset=utf-8,false,200,0,false,og:typeog:localeog:urlog:descriptionog:title,"websitefr_FRhttps://servicesartisans.fr/blog/tag/exterieurTous les articles sur extérieur : conseils, prix, réglementation et guides pratiques par les experts ServicesArtisans.extérieur — Articles & Guides | ServicesArtisans",0,true,0
20,https://servicesartisans.fr/blog/tag/arnaque,arnaque — Articles & Guides | ServicesArtisans | ServicesArtisans,text/html; charset=utf-8,false,200,0,false,og:typeog:localeog:urlog:descriptionog:title,"websitefr_FRhttps://servicesartisans.fr/blog/tag/arnaqueTous les articles sur arnaque : conseils, prix, réglementation et guides pratiques par les experts ServicesArtisans.arnaque — Articles & Guides | ServicesArtisans",0,true,0
20,https://servicesartisans.fr/blog/tag/depannage,Dépannage — Articles & Guides | ServicesArtisans | ServicesArtisans,text/html; charset=utf-8,false,200,0,false,og:typeog:localeog:urlog:descriptionog:title,"websitefr_FRhttps://servicesartisans.fr/blog/tag/depannageTous les articles sur dépannage : conseils, prix, réglementation et guides pratiques par les experts ServicesArtisans.Dépannage — Articles & Guides | ServicesArtisans",0,true,0
20,https://servicesartisans.fr/blog/tag/aides-financieres,Aides financières — Articles & Guides | ServicesArtisans | ServicesArtisans,text/html; charset=utf-8,false,200,0,false,og:typeog:localeog:urlog:descriptionog:title,"websitefr_FRhttps://servicesartisans.fr/blog/tag/aides-financieresTous les articles sur aides financières : conseils, prix, réglementation et guides pratiques par les experts ServicesArtisans.Aides financières — Articles & Guides | ServicesArtisans",0,true,0
20,https://servicesartisans.fr/cee/coup-de-pouce-2026,Coup de pouce CEE 2026 : chartes actives et bonifications | ServicesArtisans,text/html; charset=utf-8,false,200,0,false,og:typeog:localeog:site_nameog:urlog:descriptionog:title,"articlefr_FRServicesArtisanshttps://servicesartisans.fr/cee/coup-de-pouce-2026Chartes Coup de pouce CEE en vigueur en 2026 : chauffage, rénovation d'ampleur, rénovation collectif, chauffage collectif/tertiaire. Définitions, opérations, parcours et cumul avec MaPrimeRénov'.Coup de pouce CEE 2026 : chartes actives et bonifications",0,true,0
20,https://servicesartisans.fr/questions/renovation-cuisine-combien-temps,Combien de temps dure une rénovation de cuisine ? | ServicesArtisans | ServicesArtisans,text/html; charset=utf-8,false,200,0,false,og:typeog:urlog:descriptionog:title,articlehttps://servicesartisans.fr/questions/renovation-cuisine-combien-tempsUne rénovation de cuisine complète dure 3 à 6 semaines en moyenne. Un simple remplacement de meubles prend 1 à 2 semaines. Les délais les plus longs concernent la commande des meubles sur mesure (4 à 8 semaines) et les travaux de plomberie/électricité.Combien de temps dure une rénovation de cuisine ? | ServicesArtisans,0,true,0
20,https://servicesartisans.fr/blog/tag/telesurveillance,télésurveillance — Articles & Guides | ServicesArtisans | ServicesArtisans,text/html; charset=utf-8,false,200,0,false,og:typeog:localeog:urlog:descriptionog:title,"websitefr_FRhttps://servicesartisans.fr/blog/tag/telesurveillanceTous les articles sur télésurveillance : conseils, prix, réglementation et guides pratiques par les experts ServicesArtisans.télésurveillance — Articles & Guides | ServicesArtisans",0,true,0
20,https://servicesartisans.fr/blog/tag/valeur-immobiliere,Valeur immobilière — Articles & Guides | ServicesArtisans | ServicesArtisans,text/html; charset=utf-8,false,200,0,false,og:typeog:localeog:urlog:descriptionog:title,"websitefr_FRhttps://servicesartisans.fr/blog/tag/valeur-immobiliereTous les articles sur valeur immobilière : conseils, prix, réglementation et guides pratiques par les experts ServicesArtisans.Valeur immobilière — Articles & Guides | ServicesArtisans",0,true,0
20,https://servicesartisans.fr/blog/tag/rats,Rats — Articles & Guides | ServicesArtisans | ServicesArtisans,text/html; charset=utf-8,false,200,0,false,og:typeog:localeog:urlog:descriptionog:title,"websitefr_FRhttps://servicesartisans.fr/blog/tag/ratsTous les articles sur rats : conseils, prix, réglementation et guides pratiques par les experts ServicesArtisans.Rats — Articles & Guides | ServicesArtisans",0,true,0
20,https://servicesartisans.fr/questions/eco-ptz-comment-en-beneficier,Éco-PTZ : comment en bénéficier ? | ServicesArtisans | ServicesArtisans,text/html; charset=utf-8,false,200,0,false,og:typeog:urlog:descriptionog:title,"articlehttps://servicesartisans.fr/questions/eco-ptz-comment-en-beneficierL'éco-PTZ est un prêt à taux zéro de 7 000 à 50 000 € pour financer des travaux de rénovation énergétique. Il est accessible sans condition de revenus, dans un logement de plus de 2 ans, avec des travaux réalisés par un artisan RGE. Demandez-le à votre banque avant de commencer les travaux.Éco-PTZ : comment en bénéficier ? | ServicesArtisans",0,true,0
20,https://servicesartisans.fr/blog/tag/amenagement-exterieur,Aménagement extérieur — Articles & Guides | ServicesArtisans | ServicesArtisans,text/html; charset=utf-8,false,200,0,false,og:typeog:localeog:urlog:descriptionog:title,"websitefr_FRhttps://servicesartisans.fr/blog/tag/amenagement-exterieurTous les articles sur aménagement extérieur : conseils, prix, réglementation et guides pratiques par les experts ServicesArtisans.Aménagement extérieur — Articles & Guides | ServicesArtisans",0,true,0
20,https://servicesartisans.fr/blog/tag/demoussage,démoussage — Articles & Guides | ServicesArtisans | ServicesArtisans,text/html; charset=utf-8,false,200,0,false,og:typeog:localeog:urlog:descriptionog:title,"websitefr_FRhttps://servicesartisans.fr/blog/tag/demoussageTous les articles sur démoussage : conseils, prix, réglementation et guides pratiques par les experts ServicesArtisans.démoussage — Articles & Guides | ServicesArtisans",0,true,0
20,https://servicesartisans.fr/blog/tag/piscine,Piscine — Articles & Guides | ServicesArtisans | ServicesArtisans,text/html; charset=utf-8,false,200,0,false,og:typeog:localeog:urlog:descriptionog:title,"websitefr_FRhttps://servicesartisans.fr/blog/tag/piscineTous les articles sur piscine : conseils, prix, réglementation et guides pratiques par les experts ServicesArtisans.Piscine — Articles & Guides | ServicesArtisans",0,true,0
20,https://servicesartisans.fr/blog/tag/terrasse,terrasse — Articles & Guides | ServicesArtisans | ServicesArtisans,text/html; charset=utf-8,false,200,0,false,og:typeog:localeog:urlog:descriptionog:title,"websitefr_FRhttps://servicesartisans.fr/blog/tag/terrasseTous les articles sur terrasse : conseils, prix, réglementation et guides pratiques par les experts ServicesArtisans.terrasse — Articles & Guides | ServicesArtisans",0,true,0
20,https://servicesartisans.fr/blog/tag/edf-oa,EDF OA — Articles & Guides | ServicesArtisans | ServicesArtisans,text/html; charset=utf-8,false,200,0,false,og:typeog:localeog:urlog:descriptionog:title,"websitefr_FRhttps://servicesartisans.fr/blog/tag/edf-oaTous les articles sur edf oa : conseils, prix, réglementation et guides pratiques par les experts ServicesArtisans.EDF OA — Articles & Guides | ServicesArtisans",0,true,0
20,https://servicesartisans.fr/questions/quels-travaux-maprimerenov,Quels travaux sont éligibles à MaPrimeRénov' ? | ServicesArtisans | ServicesArtisans,text/html; charset=utf-8,false,200,0,false,og:typeog:urlog:descriptionog:title,"articlehttps://servicesartisans.fr/questions/quels-travaux-maprimerenovMaPrimeRénov' finance l'isolation (murs, toiture, fenêtres), le chauffage (PAC, chaudière biomasse, solaire), la ventilation (VMC double flux) et l'audit énergétique. Les travaux doivent être réalisés par un artisan RGE dans un logement de plus de 15 ans.Quels travaux sont éligibles à MaPrimeRénov' ? | ServicesArtisans",0,true,0
20,https://servicesartisans.fr/questions/comment-choisir-artisan-rge,Comment choisir un artisan RGE fiable ? | ServicesArtisans | ServicesArtisans,text/html; charset=utf-8,false,200,0,false,og:typeog:urlog:descriptionog:title,"articlehttps://servicesartisans.fr/questions/comment-choisir-artisan-rgeVérifiez la certification RGE sur france-renov.gouv.fr, contrôlez l'assurance décennale et les avis clients, puis comparez au moins 3 devis détaillés. Privilégiez les artisans locaux avec des chantiers de référence visitables.Comment choisir un artisan RGE fiable ? | ServicesArtisans",0,true,0
20,https://servicesartisans.fr/blog/tag/peinture,peinture — Articles & Guides | ServicesArtisans | ServicesArtisans,text/html; charset=utf-8,false,200,0,false,og:typeog:localeog:urlog:descriptionog:title,"websitefr_FRhttps://servicesartisans.fr/blog/tag/peintureTous les articles sur peinture : conseils, prix, réglementation et guides pratiques par les experts ServicesArtisans.peinture — Articles & Guides | ServicesArtisans",0,true,0
20,https://servicesartisans.fr/questions/garantie-decennale-definition,Qu'est-ce que la garantie décennale ? | ServicesArtisans | ServicesArtisans,text/html; charset=utf-8,false,200,0,false,og:typeog:urlog:descriptionog:title,articlehttps://servicesartisans.fr/questions/garantie-decennale-definitionLa garantie décennale est une assurance obligatoire qui couvre pendant 10 ans les dommages compromettant la solidité d'un ouvrage ou le rendant impropre à sa destination. Elle s'applique à tous les travaux de construction et de rénovation lourde.Qu'est-ce que la garantie décennale ? | ServicesArtisans,0,true,0
20,https://servicesartisans.fr/blog/tag/antenne,Antenne — Articles & Guides | ServicesArtisans | ServicesArtisans,text/html; charset=utf-8,false,200,0,false,og:typeog:localeog:urlog:descriptionog:title,"websitefr_FRhttps://servicesartisans.fr/blog/tag/antenneTous les articles sur antenne : conseils, prix, réglementation et guides pratiques par les experts ServicesArtisans.Antenne — Articles & Guides | ServicesArtisans",0,true,0
20,https://servicesartisans.fr/blog/tag/ordre-travaux,Ordre travaux — Articles & Guides | ServicesArtisans | ServicesArtisans,text/html; charset=utf-8,false,200,0,false,og:typeog:localeog:urlog:descriptionog:title,"websitefr_FRhttps://servicesartisans.fr/blog/tag/ordre-travauxTous les articles sur ordre travaux : conseils, prix, réglementation et guides pratiques par les experts ServicesArtisans.Ordre travaux — Articles & Guides | ServicesArtisans",0,true,0
20,https://servicesartisans.fr/comparaison/chauffe-eau-electrique-vs-thermodynamique-vs-solaire,Chauffe-eau électrique vs thermodynamique vs solaire : lequel choisir ? | ServicesArtisans,text/html; charset=utf-8,false,200,0,false,og:typeog:site_nameog:urlog:descriptionog:title,"articleServicesArtisanshttps://servicesartisans.fr/comparaison/chauffe-eau-electrique-vs-thermodynamique-vs-solaireComparatif chauffe-eau électrique, thermodynamique et solaire en 2026 : prix, économies, aides, installation. Guide pour choisir votre production d'eau chaude.Chauffe-eau électrique vs thermodynamique vs solaire : lequel choisir ?",0,true,0
20,https://servicesartisans.fr/questions/tva-reduite-travaux-renovation,"TVA réduite sur les travaux : 5,5 % ou 10 % ? | ServicesArtisans | ServicesArtisans",text/html; charset=utf-8,false,200,0,false,og:typeog:urlog:descriptionog:title,"articlehttps://servicesartisans.fr/questions/tva-reduite-travaux-renovationLa TVA est de 10 % pour les travaux d'entretien et de rénovation classiques, et de 5,5 % pour les travaux de rénovation énergétique (isolation, chauffage performant, fenêtres). Le logement doit avoir plus de 2 ans et être une résidence (principale ou secondaire).TVA réduite sur les travaux : 5,5 % ou 10 % ? | ServicesArtisans",0,true,0
20,https://servicesartisans.fr/blog/tag/sur-mesure,Sur mesure — Articles & Guides | ServicesArtisans | ServicesArtisans,text/html; charset=utf-8,false,200,0,false,og:typeog:localeog:urlog:descriptionog:title,"websitefr_FRhttps://servicesartisans.fr/blog/tag/sur-mesureTous les articles sur sur mesure : conseils, prix, réglementation et guides pratiques par les experts ServicesArtisans.Sur mesure — Articles & Guides | ServicesArtisans",0,true,0
20,https://servicesartisans.fr/blog/tag/tva-10,TVA 10% — Articles & Guides | ServicesArtisans | ServicesArtisans,text/html; charset=utf-8,false,200,0,false,og:typeog:localeog:urlog:descriptionog:title,"websitefr_FRhttps://servicesartisans.fr/blog/tag/tva-10Tous les articles sur tva 10% : conseils, prix, réglementation et guides pratiques par les experts ServicesArtisans.TVA 10% — Articles & Guides | ServicesArtisans",0,true,0
20,https://servicesartisans.fr/questions/diagnostic-electrique-obligatoire,Quand le diagnostic électrique est-il obligatoire ? | ServicesArtisans | ServicesArtisans,text/html; charset=utf-8,false,200,0,false,og:typeog:urlog:descriptionog:title,"articlehttps://servicesartisans.fr/questions/diagnostic-electrique-obligatoireLe diagnostic électrique est obligatoire pour la vente d'un logement dont l'installation a plus de 15 ans, et pour la mise en location de tout logement. Il est valable 3 ans (vente) ou 6 ans (location). Coût : 100 à 180 €.Quand le diagnostic électrique est-il obligatoire ? | ServicesArtisans",0,true,0
20,https://servicesartisans.fr/blog/tag/strasbourg,Strasbourg — Articles & Guides | ServicesArtisans | ServicesArtisans,text/html; charset=utf-8,false,200,0,false,og:typeog:localeog:urlog:descriptionog:title,"websitefr_FRhttps://servicesartisans.fr/blog/tag/strasbourgTous les articles sur strasbourg : conseils, prix, réglementation et guides pratiques par les experts ServicesArtisans.Strasbourg — Articles & Guides | ServicesArtisans",0,true,0
20,https://servicesartisans.fr/blog/tag/daikin,Daikin — Articles & Guides | ServicesArtisans | ServicesArtisans,text/html; charset=utf-8,false,200,0,false,og:typeog:localeog:urlog:descriptionog:title,"websitefr_FRhttps://servicesartisans.fr/blog/tag/daikinTous les articles sur daikin : conseils, prix, réglementation et guides pratiques par les experts ServicesArtisans.Daikin — Articles & Guides | ServicesArtisans",0,true,0
20,https://servicesartisans.fr/blog/tag/appartement,appartement — Articles & Guides | ServicesArtisans | ServicesArtisans,text/html; charset=utf-8,false,200,0,false,og:typeog:localeog:urlog:descriptionog:title,"websitefr_FRhttps://servicesartisans.fr/blog/tag/appartementTous les articles sur appartement : conseils, prix, réglementation et guides pratiques par les experts ServicesArtisans.appartement — Articles & Guides | ServicesArtisans",0,true,0
20,https://servicesartisans.fr/blog/tag/interieur,Intérieur — Articles & Guides | ServicesArtisans | ServicesArtisans,text/html; charset=utf-8,false,200,0,false,og:typeog:localeog:urlog:descriptionog:title,"websitefr_FRhttps://servicesartisans.fr/blog/tag/interieurTous les articles sur intérieur : conseils, prix, réglementation et guides pratiques par les experts ServicesArtisans.Intérieur — Articles & Guides | ServicesArtisans",0,true,0
20,https://servicesartisans.fr/blog/tag/echoppe,Échoppe — Articles & Guides | ServicesArtisans | ServicesArtisans,text/html; charset=utf-8,false,200,0,false,og:typeog:localeog:urlog:descriptionog:title,"websitefr_FRhttps://servicesartisans.fr/blog/tag/echoppeTous les articles sur échoppe : conseils, prix, réglementation et guides pratiques par les experts ServicesArtisans.Échoppe — Articles & Guides | ServicesArtisans",0,true,0
20,https://servicesartisans.fr/blog/tag/precarite-energetique,Précarité énergétique — Articles & Guides | ServicesArtisans | ServicesArtisans,text/html; charset=utf-8,false,200,0,false,og:typeog:localeog:urlog:descriptionog:title,"websitefr_FRhttps://servicesartisans.fr/blog/tag/precarite-energetiqueTous les articles sur précarité énergétique : conseils, prix, réglementation et guides pratiques par les experts ServicesArtisans.Précarité énergétique — Articles & Guides | ServicesArtisans",0,true,0
20,https://servicesartisans.fr/blog/tag/index-prix,Index prix — Articles & Guides | ServicesArtisans | ServicesArtisans,text/html; charset=utf-8,false,200,0,false,og:typeog:localeog:urlog:descriptionog:title,"websitefr_FRhttps://servicesartisans.fr/blog/tag/index-prixTous les articles sur index prix : conseils, prix, réglementation et guides pratiques par les experts ServicesArtisans.Index prix — Articles & Guides | ServicesArtisans",0,true,0
20,https://servicesartisans.fr/blog/tag/parcours-accompagne,Parcours accompagné — Articles & Guides | ServicesArtisans | ServicesArtisans,text/html; charset=utf-8,false,200,0,false,og:typeog:localeog:urlog:descriptionog:title,"websitefr_FRhttps://servicesartisans.fr/blog/tag/parcours-accompagneTous les articles sur parcours accompagné : conseils, prix, réglementation et guides pratiques par les experts ServicesArtisans.Parcours accompagné — Articles & Guides | ServicesArtisans",0,true,0
20,https://servicesartisans.fr/blog/tag/autoconsommation,Autoconsommation — Articles & Guides | ServicesArtisans | ServicesArtisans,text/html; charset=utf-8,false,200,0,false,og:typeog:localeog:urlog:descriptionog:title,"websitefr_FRhttps://servicesartisans.fr/blog/tag/autoconsommationTous les articles sur autoconsommation : conseils, prix, réglementation et guides pratiques par les experts ServicesArtisans.Autoconsommation — Articles & Guides | ServicesArtisans",0,true,0
20,https://servicesartisans.fr/questions/norme-electrique-nfc-15-100,Qu'est-ce que la norme électrique NF C 15-100 ? | ServicesArtisans | ServicesArtisans,text/html; charset=utf-8,false,200,0,false,og:typeog:urlog:descriptionog:title,"articlehttps://servicesartisans.fr/questions/norme-electrique-nfc-15-100La norme NF C 15-100 régit les installations électriques dans les logements. Elle impose un nombre minimum de prises, de circuits et de protections. Elle est obligatoire pour les constructions neuves et les rénovations totales.Qu'est-ce que la norme électrique NF C 15-100 ? | ServicesArtisans",0,true,0
20,https://servicesartisans.fr/blog/tag/escalier-metal,Escalier métal — Articles & Guides | ServicesArtisans | ServicesArtisans,text/html; charset=utf-8,false,200,0,false,og:typeog:localeog:urlog:descriptionog:title,"websitefr_FRhttps://servicesartisans.fr/blog/tag/escalier-metalTous les articles sur escalier métal : conseils, prix, réglementation et guides pratiques par les experts ServicesArtisans.Escalier métal — Articles & Guides | ServicesArtisans",0,true,0
20,https://servicesartisans.fr/cee,Primes CEE 2026 : certificats d’économies d’énergie | ServicesArtisans,text/html; charset=utf-8,false,200,0,false,og:typeog:localeog:site_nameog:urlog:descriptionog:title,"websitefr_FRServicesArtisanshttps://servicesartisans.fr/ceeToutes les primes CEE résidentielles 2026 : isolation, chauffage, ventilation, régulation. Cumul MaPrimeRénov’ possible.Primes CEE 2026 — Catalogue complet des opérations",0,true,0
20,https://servicesartisans.fr/blog/tag/pose,Pose — Articles & Guides | ServicesArtisans | ServicesArtisans,text/html; charset=utf-8,false,200,0,false,og:typeog:localeog:urlog:descriptionog:title,"websitefr_FRhttps://servicesartisans.fr/blog/tag/poseTous les articles sur pose : conseils, prix, réglementation et guides pratiques par les experts ServicesArtisans.Pose — Articles & Guides | ServicesArtisans",0,true,0
20,https://servicesartisans.fr/blog/tag/terrassier,Terrassier — Articles & Guides | ServicesArtisans | ServicesArtisans,text/html; charset=utf-8,false,200,0,false,og:typeog:localeog:urlog:descriptionog:title,"websitefr_FRhttps://servicesartisans.fr/blog/tag/terrassierTous les articles sur terrassier : conseils, prix, réglementation et guides pratiques par les experts ServicesArtisans.Terrassier — Articles & Guides | ServicesArtisans",0,true,0
20,https://servicesartisans.fr/questions/chauffe-eau-thermodynamique-ou-electrique,Chauffe-eau thermodynamique ou électrique : lequel choisir ? | ServicesArtisans | ServicesArtisans,text/html; charset=utf-8,false,200,0,false,og:typeog:urlog:descriptionog:title,"articlehttps://servicesartisans.fr/questions/chauffe-eau-thermodynamique-ou-electriqueLe chauffe-eau thermodynamique consomme 3 fois moins d’énergie qu’un cumulus électrique classique, mais coûte 2 500 à 4 500 € contre 500 à 1 500 €. Il est rentabilisé en 4 à 6 ans grâce aux économies sur la facture et aux aides MaPrimeRénov"".Chauffe-eau thermodynamique ou électrique : lequel choisir ? | ServicesArtisans",0,true,0
20,https://servicesartisans.fr/blog/tag/batiment,Batiment — Articles & Guides | ServicesArtisans | ServicesArtisans,text/html; charset=utf-8,false,200,0,false,og:typeog:localeog:urlog:descriptionog:title,"websitefr_FRhttps://servicesartisans.fr/blog/tag/batimentTous les articles sur batiment : conseils, prix, réglementation et guides pratiques par les experts ServicesArtisans.Batiment — Articles & Guides | ServicesArtisans",0,true,0
20,https://servicesartisans.fr/blog/tag/construction-durable,construction durable — Articles & Guides | ServicesArtisans | ServicesArtisans,text/html; charset=utf-8,false,200,0,false,og:typeog:localeog:urlog:descriptionog:title,"websitefr_FRhttps://servicesartisans.fr/blog/tag/construction-durableTous les articles sur construction durable : conseils, prix, réglementation et guides pratiques par les experts ServicesArtisans.construction durable — Articles & Guides | ServicesArtisans",0,true,0
20,https://servicesartisans.fr/blog/tag/toilettes,toilettes — Articles & Guides | ServicesArtisans | ServicesArtisans,text/html; charset=utf-8,false,200,0,false,og:typeog:localeog:urlog:descriptionog:title,"websitefr_FRhttps://servicesartisans.fr/blog/tag/toilettesTous les articles sur toilettes : conseils, prix, réglementation et guides pratiques par les experts ServicesArtisans.toilettes — Articles & Guides | ServicesArtisans",0,true,0
20,https://servicesartisans.fr/blog/tag/robinetterie,robinetterie — Articles & Guides | ServicesArtisans | ServicesArtisans,text/html; charset=utf-8,false,200,0,false,og:typeog:localeog:urlog:descriptionog:title,"websitefr_FRhttps://servicesartisans.fr/blog/tag/robinetterieTous les articles sur robinetterie : conseils, prix, réglementation et guides pratiques par les experts ServicesArtisans.robinetterie — Articles & Guides | ServicesArtisans",0,true,0
20,https://servicesartisans.fr/blog/tag/logement,Logement — Articles & Guides | ServicesArtisans | ServicesArtisans,text/html; charset=utf-8,false,200,0,false,og:typeog:localeog:urlog:descriptionog:title,"websitefr_FRhttps://servicesartisans.fr/blog/tag/logementTous les articles sur logement : conseils, prix, réglementation et guides pratiques par les experts ServicesArtisans.Logement — Articles & Guides | ServicesArtisans",0,true,0
20,https://servicesartisans.fr/blog/tag/prix-serrurier,Prix serrurier — Articles & Guides | ServicesArtisans | ServicesArtisans,text/html; charset=utf-8,false,200,0,false,og:typeog:localeog:urlog:descriptionog:title,"websitefr_FRhttps://servicesartisans.fr/blog/tag/prix-serrurierTous les articles sur prix serrurier : conseils, prix, réglementation et guides pratiques par les experts ServicesArtisans.Prix serrurier — Articles & Guides | ServicesArtisans",0,true,0
20,https://servicesartisans.fr/blog/categorie/inspiration,Inspiration Déco & Aménagement 2026 | ServicesArtisans | ServicesArtisans,text/html; charset=utf-8,false,200,0,false,og:typeog:localeog:urlog:descriptionog:title,"websitefr_FRhttps://servicesartisans.fr/blog/categorie/inspirationTendances déco 2026, idées d'aménagement et inspiration rénovation. Salle de bain, cuisine, extérieur : les styles qui marquent.Inspiration Déco & Aménagement 2026 | ServicesArtisans",0,true,0
20,https://servicesartisans.fr/questions/artisan-assurance-obligatoire,Quelles assurances sont obligatoires pour un artisan ? | ServicesArtisans | ServicesArtisans,text/html; charset=utf-8,false,200,0,false,og:typeog:urlog:descriptionog:title,articlehttps://servicesartisans.fr/questions/artisan-assurance-obligatoireUn artisan du bâtiment doit obligatoirement avoir une assurance responsabilité civile professionnelle (RC Pro) et une garantie décennale pour les travaux de construction. L'assurance dommages-ouvrage est à la charge du maître d'ouvrage.Quelles assurances sont obligatoires pour un artisan ? | ServicesArtisans,0,true,0
20,https://servicesartisans.fr/blog/tag/travaux-maison,travaux maison — Articles & Guides | ServicesArtisans | ServicesArtisans,text/html; charset=utf-8,false,200,0,false,og:typeog:localeog:urlog:descriptionog:title,"websitefr_FRhttps://servicesartisans.fr/blog/tag/travaux-maisonTous les articles sur travaux maison : conseils, prix, réglementation et guides pratiques par les experts ServicesArtisans.travaux maison — Articles & Guides | ServicesArtisans",0,true,0
20,https://servicesartisans.fr/blog/tag/foncier,Foncier — Articles & Guides | ServicesArtisans | ServicesArtisans,text/html; charset=utf-8,false,200,0,false,og:typeog:localeog:urlog:descriptionog:title,"websitefr_FRhttps://servicesartisans.fr/blog/tag/foncierTous les articles sur foncier : conseils, prix, réglementation et guides pratiques par les experts ServicesArtisans.Foncier — Articles & Guides | ServicesArtisans",0,true,0
20,https://servicesartisans.fr/blog/tag/etagere,étagère — Articles & Guides | ServicesArtisans | ServicesArtisans,text/html; charset=utf-8,false,200,0,false,og:typeog:localeog:urlog:descriptionog:title,"websitefr_FRhttps://servicesartisans.fr/blog/tag/etagereTous les articles sur étagère : conseils, prix, réglementation et guides pratiques par les experts ServicesArtisans.étagère — Articles & Guides | ServicesArtisans",0,true,0
20,https://servicesartisans.fr/blog/tag/radiateurs,radiateurs — Articles & Guides | ServicesArtisans | ServicesArtisans,text/html; charset=utf-8,false,200,0,false,og:typeog:localeog:urlog:descriptionog:title,"websitefr_FRhttps://servicesartisans.fr/blog/tag/radiateursTous les articles sur radiateurs : conseils, prix, réglementation et guides pratiques par les experts ServicesArtisans.radiateurs — Articles & Guides | ServicesArtisans",0,true,0
20,https://servicesartisans.fr/blog/tag/irve,IRVE — Articles & Guides | ServicesArtisans | ServicesArtisans,text/html; charset=utf-8,false,200,0,false,og:typeog:localeog:urlog:descriptionog:title,"websitefr_FRhttps://servicesartisans.fr/blog/tag/irveTous les articles sur irve : conseils, prix, réglementation et guides pratiques par les experts ServicesArtisans.IRVE — Articles & Guides | ServicesArtisans",0,true,0
20,https://servicesartisans.fr/blog/tag/couvreur,couvreur — Articles & Guides | ServicesArtisans | ServicesArtisans,text/html; charset=utf-8,false,200,0,false,og:typeog:localeog:urlog:descriptionog:title,"websitefr_FRhttps://servicesartisans.fr/blog/tag/couvreurTous les articles sur couvreur : conseils, prix, réglementation et guides pratiques par les experts ServicesArtisans.couvreur — Articles & Guides | ServicesArtisans",0,true,0
20,https://servicesartisans.fr/guides/renovation-toiture,Rénovation Toiture : Travaux et Prix 2026 | ServicesArtisans,text/html; charset=utf-8,false,200,0,false,og:typeog:site_nameog:urlog:descriptionog:title,"articleServicesArtisanshttps://servicesartisans.fr/guides/renovation-toitureTout savoir sur la rénovation de toiture : types de couverture, étapes des travaux, prix au m² et aides MaPrimeRénov.Rénovation Toiture : Travaux et Prix 2026",0,true,0
20,https://servicesartisans.fr/barometre/regions,Baromètre par région — Artisans en France | ServicesArtisans,text/html; charset=utf-8,false,200,0,false,og:typeog:localeog:urlog:descriptionog:title,websitefr_FRhttps://servicesartisans.fr/barometre/regionsStatistiques des artisans par région en France.Baromètre par région | ServicesArtisans,0,true,0
20,https://servicesartisans.fr/blog/tag/renovation,Rénovation — Articles & Guides | ServicesArtisans | ServicesArtisans,text/html; charset=utf-8,false,200,0,false,og:typeog:localeog:urlog:descriptionog:title,"websitefr_FRhttps://servicesartisans.fr/blog/tag/renovationTous les articles sur rénovation : conseils, prix, réglementation et guides pratiques par les experts ServicesArtisans.Rénovation — Articles & Guides | ServicesArtisans",0,true,0
20,https://servicesartisans.fr/guides/assurance-dommage-ouvrage,Assurance Dommage-Ouvrage : Est-ce Obligatoire ? (2026) | ServicesArtisans,text/html; charset=utf-8,false,200,0,false,og:typeog:site_nameog:urlog:descriptionog:title,"articleServicesArtisanshttps://servicesartisans.fr/guides/assurance-dommage-ouvrageGuide complet de l'assurance dommage-ouvrage : obligation, coût, souscription et sinistre.Assurance Dommage-Ouvrage : Est-ce Obligatoire ?",0,true,0
20,https://servicesartisans.fr/blog/tag/entretien-maison,entretien maison — Articles & Guides | ServicesArtisans | ServicesArtisans,text/html; charset=utf-8,false,200,0,false,og:typeog:localeog:urlog:descriptionog:title,"websitefr_FRhttps://servicesartisans.fr/blog/tag/entretien-maisonTous les articles sur entretien maison : conseils, prix, réglementation et guides pratiques par les experts ServicesArtisans.entretien maison — Articles & Guides | ServicesArtisans",0,true,0
20,https://servicesartisans.fr/cee/mandataire-vs-direct,"Obligé, délégataire, mandataire CEE : comprendre les 3 rôles du circuit | ServicesArtisans",text/html; charset=utf-8,false,200,0,false,og:typeog:localeog:site_nameog:urlog:descriptionog:title,"articlefr_FRServicesArtisanshttps://servicesartisans.fr/cee/mandataire-vs-directComprendre qui achète, qui dépose et qui monte un dossier de prime CEE. Un guide neutre appuyé sur le code de l'énergie et le registre PNCEE.Obligé, délégataire, mandataire CEE : les 3 rôles expliqués",0,true,0
20,https://servicesartisans.fr/questions/changer-robinet-soi-meme,Comment changer un robinet soi-même ? | ServicesArtisans | ServicesArtisans,text/html; charset=utf-8,false,200,0,false,og:typeog:urlog:descriptionog:title,"articlehttps://servicesartisans.fr/questions/changer-robinet-soi-memeCoupez l'eau, purgez la pression, dévissez les flexibles et le robinet. Posez le nouveau robinet avec un joint d'étanchéité, revissez les flexibles, rétablissez l'eau et vérifiez l'absence de fuite. Durée : 30 à 60 minutes.Comment changer un robinet soi-même ? | ServicesArtisans",0,true,0
20,https://servicesartisans.fr/blog/tag/double-vitrage,Double vitrage — Articles & Guides | ServicesArtisans | ServicesArtisans,text/html; charset=utf-8,false,200,0,false,og:typeog:localeog:urlog:descriptionog:title,"websitefr_FRhttps://servicesartisans.fr/blog/tag/double-vitrageTous les articles sur double vitrage : conseils, prix, réglementation et guides pratiques par les experts ServicesArtisans.Double vitrage — Articles & Guides | ServicesArtisans",0,true,0
20,https://servicesartisans.fr/blog/tag/tarifs-regionaux,Tarifs régionaux — Articles & Guides | ServicesArtisans | ServicesArtisans,text/html; charset=utf-8,false,200,0,false,og:typeog:localeog:urlog:descriptionog:title,"websitefr_FRhttps://servicesartisans.fr/blog/tag/tarifs-regionauxTous les articles sur tarifs régionaux : conseils, prix, réglementation et guides pratiques par les experts ServicesArtisans.Tarifs régionaux — Articles & Guides | ServicesArtisans",0,true,0
20,https://servicesartisans.fr/blog/tag/zigbee,Zigbee — Articles & Guides | ServicesArtisans | ServicesArtisans,text/html; charset=utf-8,false,200,0,false,og:typeog:localeog:urlog:descriptionog:title,"websitefr_FRhttps://servicesartisans.fr/blog/tag/zigbeeTous les articles sur zigbee : conseils, prix, réglementation et guides pratiques par les experts ServicesArtisans.Zigbee — Articles & Guides | ServicesArtisans",0,true,0
20,https://servicesartisans.fr/blog/tag/ascenseur,Ascenseur — Articles & Guides | ServicesArtisans | ServicesArtisans,text/html; charset=utf-8,false,200,0,false,og:typeog:localeog:urlog:descriptionog:title,"websitefr_FRhttps://servicesartisans.fr/blog/tag/ascenseurTous les articles sur ascenseur : conseils, prix, réglementation et guides pratiques par les experts ServicesArtisans.Ascenseur — Articles & Guides | ServicesArtisans",0,true,0
20,https://servicesartisans.fr/blog/tag/installation,installation — Articles & Guides | ServicesArtisans | ServicesArtisans,text/html; charset=utf-8,false,200,0,false,og:typeog:localeog:urlog:descriptionog:title,"websitefr_FRhttps://servicesartisans.fr/blog/tag/installationTous les articles sur installation : conseils, prix, réglementation et guides pratiques par les experts ServicesArtisans.installation — Articles & Guides | ServicesArtisans",0,true,0
20,https://servicesartisans.fr/blog/tag/alarme-maison,alarme maison — Articles & Guides | ServicesArtisans | ServicesArtisans,text/html; charset=utf-8,false,200,0,false,og:typeog:localeog:urlog:descriptionog:title,"websitefr_FRhttps://servicesartisans.fr/blog/tag/alarme-maisonTous les articles sur alarme maison : conseils, prix, réglementation et guides pratiques par les experts ServicesArtisans.alarme maison — Articles & Guides | ServicesArtisans",0,true,0
20,https://servicesartisans.fr/blog/tag/saisonnier,saisonnier — Articles & Guides | ServicesArtisans | ServicesArtisans,text/html; charset=utf-8,false,200,0,false,og:typeog:localeog:urlog:descriptionog:title,"websitefr_FRhttps://servicesartisans.fr/blog/tag/saisonnierTous les articles sur saisonnier : conseils, prix, réglementation et guides pratiques par les experts ServicesArtisans.saisonnier — Articles & Guides | ServicesArtisans",0,true,0
20,https://servicesartisans.fr/blog/tag/couverture,couverture — Articles & Guides | ServicesArtisans | ServicesArtisans,text/html; charset=utf-8,false,200,0,false,og:typeog:localeog:urlog:descriptionog:title,"websitefr_FRhttps://servicesartisans.fr/blog/tag/couvertureTous les articles sur couverture : conseils, prix, réglementation et guides pratiques par les experts ServicesArtisans.couverture — Articles & Guides | ServicesArtisans",0,true,0
20,https://servicesartisans.fr/blog/tag/tuto-diy,tuto DIY — Articles & Guides | ServicesArtisans | ServicesArtisans,text/html; charset=utf-8,false,200,0,false,og:typeog:localeog:urlog:descriptionog:title,"websitefr_FRhttps://servicesartisans.fr/blog/tag/tuto-diyTous les articles sur tuto diy : conseils, prix, réglementation et guides pratiques par les experts ServicesArtisans.tuto DIY — Articles & Guides | ServicesArtisans",0,true,0
20,https://servicesartisans.fr/questions/panne-electricite-qui-appeler,Panne d'électricité : qui appeler ? | ServicesArtisans | ServicesArtisans,text/html; charset=utf-8,false,200,0,false,og:typeog:urlog:descriptionog:title,"articlehttps://servicesartisans.fr/questions/panne-electricite-qui-appelerSi la panne est générale (tout le quartier), appelez Enedis au 09 72 67 50 + votre numéro de département. Si elle est limitée à votre logement, vérifiez le disjoncteur et le tableau électrique, puis appelez un électricien.Panne d'électricité : qui appeler ? | ServicesArtisans",0,true,0
20,https://servicesartisans.fr/blog/tag/chauffe-eau,chauffe-eau — Articles & Guides | ServicesArtisans | ServicesArtisans,text/html; charset=utf-8,false,200,0,false,og:typeog:localeog:urlog:descriptionog:title,"websitefr_FRhttps://servicesartisans.fr/blog/tag/chauffe-eauTous les articles sur chauffe-eau : conseils, prix, réglementation et guides pratiques par les experts ServicesArtisans.chauffe-eau — Articles & Guides | ServicesArtisans",0,true,0
20,https://servicesartisans.fr/blog/tag/plaque-de-platre,plaque de plâtre — Articles & Guides | ServicesArtisans | ServicesArtisans,text/html; charset=utf-8,false,200,0,false,og:typeog:localeog:urlog:descriptionog:title,"websitefr_FRhttps://servicesartisans.fr/blog/tag/plaque-de-platreTous les articles sur plaque de plâtre : conseils, prix, réglementation et guides pratiques par les experts ServicesArtisans.plaque de plâtre — Articles & Guides | ServicesArtisans",0,true,0
20,https://servicesartisans.fr/blog/tag/radiateur,Radiateur — Articles & Guides | ServicesArtisans | ServicesArtisans,text/html; charset=utf-8,false,200,0,false,og:typeog:localeog:urlog:descriptionog:title,"websitefr_FRhttps://servicesartisans.fr/blog/tag/radiateurTous les articles sur radiateur : conseils, prix, réglementation et guides pratiques par les experts ServicesArtisans.Radiateur — Articles & Guides | ServicesArtisans",0,true,0
20,https://servicesartisans.fr/blog/tag/anti-arnaque,Anti-arnaque — Articles & Guides | ServicesArtisans | ServicesArtisans,text/html; charset=utf-8,false,200,0,false,og:typeog:localeog:urlog:descriptionog:title,"websitefr_FRhttps://servicesartisans.fr/blog/tag/anti-arnaqueTous les articles sur anti-arnaque : conseils, prix, réglementation et guides pratiques par les experts ServicesArtisans.Anti-arnaque — Articles & Guides | ServicesArtisans",0,true,0
20,https://servicesartisans.fr/blog/tag/mitigeur,mitigeur — Articles & Guides | ServicesArtisans | ServicesArtisans,text/html; charset=utf-8,false,200,0,false,og:typeog:localeog:urlog:descriptionog:title,"websitefr_FRhttps://servicesartisans.fr/blog/tag/mitigeurTous les articles sur mitigeur : conseils, prix, réglementation et guides pratiques par les experts ServicesArtisans.mitigeur — Articles & Guides | ServicesArtisans",0,true,0
20,https://servicesartisans.fr/blog/categorie/materiaux,Matériaux de Construction & Rénovation — Comparatifs 2026 | ServicesArtisans | ServicesArtisans,text/html; charset=utf-8,false,200,0,false,og:typeog:localeog:urlog:descriptionog:title,"websitefr_FRhttps://servicesartisans.fr/blog/categorie/materiauxComparatifs matériaux 2026 : carrelage, parquet, isolation, plomberie. Guides de choix, prix et conseils pour bien sélectionner vos matériaux.Matériaux de Construction & Rénovation — Comparatifs 2026 | ServicesArtisans",0,true,0
20,https://servicesartisans.fr/blog/tag/bois,bois — Articles & Guides | ServicesArtisans | ServicesArtisans,text/html; charset=utf-8,false,200,0,false,og:typeog:localeog:urlog:descriptionog:title,"websitefr_FRhttps://servicesartisans.fr/blog/tag/boisTous les articles sur bois : conseils, prix, réglementation et guides pratiques par les experts ServicesArtisans.bois — Articles & Guides | ServicesArtisans",0,true,0
20,https://servicesartisans.fr/blog/tag/electricite,Électricité — Articles & Guides | ServicesArtisans | ServicesArtisans,text/html; charset=utf-8,false,200,0,false,og:typeog:localeog:urlog:descriptionog:title,"websitefr_FRhttps://servicesartisans.fr/blog/tag/electriciteTous les articles sur électricité : conseils, prix, réglementation et guides pratiques par les experts ServicesArtisans.Électricité — Articles & Guides | ServicesArtisans",0,true,0
20,https://servicesartisans.fr/comparaison/veranda-alu-vs-bois-vs-pvc,"Véranda : aluminium, bois ou PVC ? | ServicesArtisans",text/html; charset=utf-8,false,200,0,false,og:typeog:site_nameog:urlog:descriptionog:title,"articleServicesArtisanshttps://servicesartisans.fr/comparaison/veranda-alu-vs-bois-vs-pvcComparatif véranda aluminium vs bois vs PVC en 2026 : prix au m², isolation, entretien, esthétique. Guide complet pour choisir le matériau de votre véranda.Véranda : aluminium, bois ou PVC ?",0,true,0
20,https://servicesartisans.fr/blog/tag/toiture-terrasse,Toiture-terrasse — Articles & Guides | ServicesArtisans | ServicesArtisans,text/html; charset=utf-8,false,200,0,false,og:typeog:localeog:urlog:descriptionog:title,"websitefr_FRhttps://servicesartisans.fr/blog/tag/toiture-terrasseTous les articles sur toiture-terrasse : conseils, prix, réglementation et guides pratiques par les experts ServicesArtisans.Toiture-terrasse — Articles & Guides | ServicesArtisans",0,true,0
20,https://servicesartisans.fr/blog/tag/credit-d-impot,Crédit d'impôt — Articles & Guides | ServicesArtisans | ServicesArtisans,text/html; charset=utf-8,false,200,0,false,og:typeog:localeog:urlog:descriptionog:title,"websitefr_FRhttps://servicesartisans.fr/blog/tag/credit-d-impotTous les articles sur crédit d'impôt : conseils, prix, réglementation et guides pratiques par les experts ServicesArtisans.Crédit d'impôt — Articles & Guides | ServicesArtisans",0,true,0
20,https://servicesartisans.fr/blog/tag/structure,Structure — Articles & Guides | ServicesArtisans | ServicesArtisans,text/html; charset=utf-8,false,200,0,false,og:typeog:localeog:urlog:descriptionog:title,"websitefr_FRhttps://servicesartisans.fr/blog/tag/structureTous les articles sur structure : conseils, prix, réglementation et guides pratiques par les experts ServicesArtisans.Structure — Articles & Guides | ServicesArtisans",0,true,0
20,https://servicesartisans.fr/ademe,Données ADEME & sources officielles — Méthodologie RGE | ServicesArtisans,text/html; charset=utf-8,false,200,0,false,og:typeog:localeog:site_nameog:urlog:descriptionog:title,"websitefr_FRServicesArtisanshttps://servicesartisans.fr/ademeNos données RGE proviennent directement du référentiel officiel ADEME / France Rénov'. Synchronisation hebdomadaire, vérification gratuite, source open data.Données ADEME — Sources officielles RGE & méthodologie",0,true,0
20,https://servicesartisans.fr/questions/poser-parquet-flottant-soi-meme,Comment poser du parquet flottant soi-même ? | ServicesArtisans | ServicesArtisans,text/html; charset=utf-8,false,200,0,false,og:typeog:urlog:descriptionog:title,"articlehttps://servicesartisans.fr/questions/poser-parquet-flottant-soi-memePoser du parquet flottant soi-même est l'un des projets DIY les plus accessibles. Le matériel coûte 15 à 50 €/m² (parquet + sous-couche), et la pose prend 1 à 2 jours pour une pièce de 20 m². L'économie est d'environ 20 à 35 €/m² par rapport à un professionnel.Comment poser du parquet flottant soi-même ? | ServicesArtisans",0,true,0
20,https://servicesartisans.fr/blog/tag/grandes-villes,Grandes villes — Articles & Guides | ServicesArtisans | ServicesArtisans,text/html; charset=utf-8,false,200,0,false,og:typeog:localeog:urlog:descriptionog:title,"websitefr_FRhttps://servicesartisans.fr/blog/tag/grandes-villesTous les articles sur grandes villes : conseils, prix, réglementation et guides pratiques par les experts ServicesArtisans.Grandes villes — Articles & Guides | ServicesArtisans",0,true,0
20,https://servicesartisans.fr/blog/tag/renovation-rentable,rénovation rentable — Articles & Guides | ServicesArtisans | ServicesArtisans,text/html; charset=utf-8,false,200,0,false,og:typeog:localeog:urlog:descriptionog:title,"websitefr_FRhttps://servicesartisans.fr/blog/tag/renovation-rentableTous les articles sur rénovation rentable : conseils, prix, réglementation et guides pratiques par les experts ServicesArtisans.rénovation rentable — Articles & Guides | ServicesArtisans",0,true,0
20,https://servicesartisans.fr/blog/tag/confort,Confort — Articles & Guides | ServicesArtisans | ServicesArtisans,text/html; charset=utf-8,false,200,0,false,og:typeog:localeog:urlog:descriptionog:title,"websitefr_FRhttps://servicesartisans.fr/blog/tag/confortTous les articles sur confort : conseils, prix, réglementation et guides pratiques par les experts ServicesArtisans.Confort — Articles & Guides | ServicesArtisans",0,true,0
20,https://servicesartisans.fr/questions/comment-verifier-rge-artisan,Comment vérifier la certification RGE d'un artisan ? | ServicesArtisans | ServicesArtisans,text/html; charset=utf-8,false,200,0,false,og:typeog:urlog:descriptionog:title,"articlehttps://servicesartisans.fr/questions/comment-verifier-rge-artisanPour vérifier la certification RGE d'un artisan, consultez l'annuaire officiel france-renov.gouv.fr ou le site de Qualibat. Entrez le nom ou le SIRET de l'entreprise. La certification RGE est indispensable pour bénéficier de MaPrimeRénov' et des CEE.Comment vérifier la certification RGE d'un artisan ? | ServicesArtisans",0,true,0
20,https://servicesartisans.fr/blog/tag/revetement-sol,Revêtement sol — Articles & Guides | ServicesArtisans | ServicesArtisans,text/html; charset=utf-8,false,200,0,false,og:typeog:localeog:urlog:descriptionog:title,"websitefr_FRhttps://servicesartisans.fr/blog/tag/revetement-solTous les articles sur revêtement sol : conseils, prix, réglementation et guides pratiques par les experts ServicesArtisans.Revêtement sol — Articles & Guides | ServicesArtisans",0,true,0
20,https://servicesartisans.fr/blog/tag/label,Label — Articles & Guides | ServicesArtisans | ServicesArtisans,text/html; charset=utf-8,false,200,0,false,og:typeog:localeog:urlog:descriptionog:title,"websitefr_FRhttps://servicesartisans.fr/blog/tag/labelTous les articles sur label : conseils, prix, réglementation et guides pratiques par les experts ServicesArtisans.Label — Articles & Guides | ServicesArtisans",0,true,0
20,https://servicesartisans.fr/comparatif-primes-cee-2026,"Comparatif primes CEE 2026 : Effy, Hellio, Sonergia, PrimesEnergie | ServicesArtisans",text/html; charset=utf-8,false,200,0,false,og:typeog:localeog:site_nameog:urlog:descriptionog:title,"articlefr_FRServicesArtisanshttps://servicesartisans.fr/comparatif-primes-cee-2026Effy, Hellio, Sonergia, PrimesEnergie : montants, délais, avis clients. Le comparatif que personne ne publie.Comparatif primes CEE 2026 : qui offre la meilleure prime ?",0,true,0
20,https://servicesartisans.fr/blog/tag/ferronnier,Ferronnier — Articles & Guides | ServicesArtisans | ServicesArtisans,text/html; charset=utf-8,false,200,0,false,og:typeog:localeog:urlog:descriptionog:title,"websitefr_FRhttps://servicesartisans.fr/blog/tag/ferronnierTous les articles sur ferronnier : conseils, prix, réglementation et guides pratiques par les experts ServicesArtisans.Ferronnier — Articles & Guides | ServicesArtisans",0,true,0
20,https://servicesartisans.fr/blog/tag/bouches-du-rhone,Bouches-du-Rhône — Articles & Guides | ServicesArtisans | ServicesArtisans,text/html; charset=utf-8,false,200,0,false,og:typeog:localeog:urlog:descriptionog:title,"websitefr_FRhttps://servicesartisans.fr/blog/tag/bouches-du-rhoneTous les articles sur bouches-du-rhône : conseils, prix, réglementation et guides pratiques par les experts ServicesArtisans.Bouches-du-Rhône — Articles & Guides | ServicesArtisans",0,true,0
20,https://servicesartisans.fr/blog/tag/machine-a-laver,machine à laver — Articles & Guides | ServicesArtisans | ServicesArtisans,text/html; charset=utf-8,false,200,0,false,og:typeog:localeog:urlog:descriptionog:title,"websitefr_FRhttps://servicesartisans.fr/blog/tag/machine-a-laverTous les articles sur machine à laver : conseils, prix, réglementation et guides pratiques par les experts ServicesArtisans.machine à laver — Articles & Guides | ServicesArtisans",0,true,0
20,https://servicesartisans.fr/blog/tag/anti-intrusion,Anti-intrusion — Articles & Guides | ServicesArtisans | ServicesArtisans,text/html; charset=utf-8,false,200,0,false,og:typeog:localeog:urlog:descriptionog:title,"websitefr_FRhttps://servicesartisans.fr/blog/tag/anti-intrusionTous les articles sur anti-intrusion : conseils, prix, réglementation et guides pratiques par les experts ServicesArtisans.Anti-intrusion — Articles & Guides | ServicesArtisans",0,true,0
20,https://servicesartisans.fr/questions/combien-coute-plombier,Combien coûte un plombier ? | ServicesArtisans | ServicesArtisans,text/html; charset=utf-8,false,200,0,false,og:typeog:urlog:descriptionog:title,"articlehttps://servicesartisans.fr/questions/combien-coute-plombierUn plombier coûte en moyenne 40 à 70 € de l'heure. Une intervention simple (robinet, joint) revient à 80-200 €, une urgence (fuite, dégât des eaux) coûte 150 à 400 € avec majorations le soir et le week-end.Combien coûte un plombier ? | ServicesArtisans",0,true,0
20,https://servicesartisans.fr/blog/tag/cuisiniste,Cuisiniste — Articles & Guides | ServicesArtisans | ServicesArtisans,text/html; charset=utf-8,false,200,0,false,og:typeog:localeog:urlog:descriptionog:title,"websitefr_FRhttps://servicesartisans.fr/blog/tag/cuisinisteTous les articles sur cuisiniste : conseils, prix, réglementation et guides pratiques par les experts ServicesArtisans.Cuisiniste — Articles & Guides | ServicesArtisans",0,true,0
20,https://servicesartisans.fr/blog/tag/assemblee-generale,assemblée générale — Articles & Guides | ServicesArtisans | ServicesArtisans,text/html; charset=utf-8,false,200,0,false,og:typeog:localeog:urlog:descriptionog:title,"websitefr_FRhttps://servicesartisans.fr/blog/tag/assemblee-generaleTous les articles sur assemblée générale : conseils, prix, réglementation et guides pratiques par les experts ServicesArtisans.assemblée générale — Articles & Guides | ServicesArtisans",0,true,0
20,https://servicesartisans.fr/blog/tag/toulouse,Toulouse — Articles & Guides | ServicesArtisans | ServicesArtisans,text/html; charset=utf-8,false,200,0,false,og:typeog:localeog:urlog:descriptionog:title,"websitefr_FRhttps://servicesartisans.fr/blog/tag/toulouseTous les articles sur toulouse : conseils, prix, réglementation et guides pratiques par les experts ServicesArtisans.Toulouse — Articles & Guides | ServicesArtisans",0,true,0
20,https://servicesartisans.fr/guides/isolation-thermique,"Isolation Thermique : Prix, Matériaux et Aides 2026 | ServicesArtisans",text/html; charset=utf-8,false,200,0,false,og:typeog:site_nameog:urlog:descriptionog:title,"articleServicesArtisanshttps://servicesartisans.fr/guides/isolation-thermiqueTout savoir sur l'isolation thermique : ITE, ITI, combles, matériaux isolants, prix au m² et aides financières MaPrimeRénov' 2026.Isolation Thermique : Prix, Matériaux et Aides 2026",0,true,0
20,https://servicesartisans.fr/blog/tag/diagnostics-immobiliers,diagnostics immobiliers — Articles & Guides | ServicesArtisans | ServicesArtisans,text/html; charset=utf-8,false,200,0,false,og:typeog:localeog:urlog:descriptionog:title,"websitefr_FRhttps://servicesartisans.fr/blog/tag/diagnostics-immobiliersTous les articles sur diagnostics immobiliers : conseils, prix, réglementation et guides pratiques par les experts ServicesArtisans.diagnostics immobiliers — Articles & Guides | ServicesArtisans",0,true,0
20,https://servicesartisans.fr/blog/tag/metallerie,Métallerie — Articles & Guides | ServicesArtisans | ServicesArtisans,text/html; charset=utf-8,false,200,0,false,og:typeog:localeog:urlog:descriptionog:title,"websitefr_FRhttps://servicesartisans.fr/blog/tag/metallerieTous les articles sur métallerie : conseils, prix, réglementation et guides pratiques par les experts ServicesArtisans.Métallerie — Articles & Guides | ServicesArtisans",0,true,0
20,https://servicesartisans.fr/blog/tag/canicule,Canicule — Articles & Guides | ServicesArtisans | ServicesArtisans,text/html; charset=utf-8,false,200,0,false,og:typeog:localeog:urlog:descriptionog:title,"websitefr_FRhttps://servicesartisans.fr/blog/tag/caniculeTous les articles sur canicule : conseils, prix, réglementation et guides pratiques par les experts ServicesArtisans.Canicule — Articles & Guides | ServicesArtisans",0,true,0
20,https://servicesartisans.fr/blog/tag/poele,poêle — Articles & Guides | ServicesArtisans | ServicesArtisans,text/html; charset=utf-8,false,200,0,false,og:typeog:localeog:urlog:descriptionog:title,"websitefr_FRhttps://servicesartisans.fr/blog/tag/poeleTous les articles sur poêle : conseils, prix, réglementation et guides pratiques par les experts ServicesArtisans.poêle — Articles & Guides | ServicesArtisans",0,true,0
20,https://servicesartisans.fr/blog/tag/alarme,Alarme — Articles & Guides | ServicesArtisans | ServicesArtisans,text/html; charset=utf-8,false,200,0,false,og:typeog:localeog:urlog:descriptionog:title,"websitefr_FRhttps://servicesartisans.fr/blog/tag/alarmeTous les articles sur alarme : conseils, prix, réglementation et guides pratiques par les experts ServicesArtisans.Alarme — Articles & Guides | ServicesArtisans",0,true,0
20,https://servicesartisans.fr/blog/tag/cambriolage,cambriolage — Articles & Guides | ServicesArtisans | ServicesArtisans,text/html; charset=utf-8,false,200,0,false,og:typeog:localeog:urlog:descriptionog:title,"websitefr_FRhttps://servicesartisans.fr/blog/tag/cambriolageTous les articles sur cambriolage : conseils, prix, réglementation et guides pratiques par les experts ServicesArtisans.cambriolage — Articles & Guides | ServicesArtisans",0,true,0
20,https://servicesartisans.fr/blog/tag/chronologie,Chronologie — Articles & Guides | ServicesArtisans | ServicesArtisans,text/html; charset=utf-8,false,200,0,false,og:typeog:localeog:urlog:descriptionog:title,"websitefr_FRhttps://servicesartisans.fr/blog/tag/chronologieTous les articles sur chronologie : conseils, prix, réglementation et guides pratiques par les experts ServicesArtisans.Chronologie — Articles & Guides | ServicesArtisans",0,true,0
20,https://servicesartisans.fr/blog/tag/pret-a-taux-zero,Prêt à taux zéro — Articles & Guides | ServicesArtisans | ServicesArtisans,text/html; charset=utf-8,false,200,0,false,og:typeog:localeog:urlog:descriptionog:title,"websitefr_FRhttps://servicesartisans.fr/blog/tag/pret-a-taux-zeroTous les articles sur prêt à taux zéro : conseils, prix, réglementation et guides pratiques par les experts ServicesArtisans.Prêt à taux zéro — Articles & Guides | ServicesArtisans",0,true,0
20,https://servicesartisans.fr/questions/cout-ravalement-facade,Combien coûte un ravalement de façade ? | ServicesArtisans | ServicesArtisans,text/html; charset=utf-8,false,200,0,false,og:typeog:urlog:descriptionog:title,"articlehttps://servicesartisans.fr/questions/cout-ravalement-facadeUn ravalement de façade coûte entre 30 et 100 € par m² selon la technique (nettoyage simple, enduit, peinture, ITE). Pour une maison de 100 m² de façade, prévoyez 3 000 à 10 000 €. L'ITE coûte 100 à 200 €/m².Combien coûte un ravalement de façade ? | ServicesArtisans",0,true,0
20,https://servicesartisans.fr/blog/tag/volet-roulant,volet roulant — Articles & Guides | ServicesArtisans | ServicesArtisans,text/html; charset=utf-8,false,200,0,false,og:typeog:localeog:urlog:descriptionog:title,"websitefr_FRhttps://servicesartisans.fr/blog/tag/volet-roulantTous les articles sur volet roulant : conseils, prix, réglementation et guides pratiques par les experts ServicesArtisans.volet roulant — Articles & Guides | ServicesArtisans",0,true,0
20,https://servicesartisans.fr/questions/cumul-aides-renovation,Peut-on cumuler les aides à la rénovation ? | ServicesArtisans | ServicesArtisans,text/html; charset=utf-8,false,200,0,false,og:typeog:urlog:descriptionog:title,"articlehttps://servicesartisans.fr/questions/cumul-aides-renovationOui, MaPrimeRénov', les CEE, l'éco-PTZ et la TVA à 5,5 % sont cumulables. Seule restriction : le cumul des aides ne peut pas dépasser 90 % du coût des travaux (100 % pour les ménages très modestes dans certains cas). Les aides locales viennent souvent en complément.Peut-on cumuler les aides à la rénovation ? | ServicesArtisans",0,true,0
20,https://servicesartisans.fr/blog/tag/performance-energetique,Performance énergétique — Articles & Guides | ServicesArtisans | ServicesArtisans,text/html; charset=utf-8,false,200,0,false,og:typeog:localeog:urlog:descriptionog:title,"websitefr_FRhttps://servicesartisans.fr/blog/tag/performance-energetiqueTous les articles sur performance énergétique : conseils, prix, réglementation et guides pratiques par les experts ServicesArtisans.Performance énergétique — Articles & Guides | ServicesArtisans",0,true,0
20,https://servicesartisans.fr/blog/tag/ile-de-france,Île-de-France — Articles & Guides | ServicesArtisans | ServicesArtisans,text/html; charset=utf-8,false,200,0,false,og:typeog:localeog:urlog:descriptionog:title,"websitefr_FRhttps://servicesartisans.fr/blog/tag/ile-de-franceTous les articles sur île-de-france : conseils, prix, réglementation et guides pratiques par les experts ServicesArtisans.Île-de-France — Articles & Guides | ServicesArtisans",0,true,0
20,https://servicesartisans.fr/blog/tag/occitanie,Occitanie — Articles & Guides | ServicesArtisans | ServicesArtisans,text/html; charset=utf-8,false,200,0,false,og:typeog:localeog:urlog:descriptionog:title,"websitefr_FRhttps://servicesartisans.fr/blog/tag/occitanieTous les articles sur occitanie : conseils, prix, réglementation et guides pratiques par les experts ServicesArtisans.Occitanie — Articles & Guides | ServicesArtisans",0,true,0
20,https://servicesartisans.fr/blog/tag/guepes,Guêpes — Articles & Guides | ServicesArtisans | ServicesArtisans,text/html; charset=utf-8,false,200,0,false,og:typeog:localeog:urlog:descriptionog:title,"websitefr_FRhttps://servicesartisans.fr/blog/tag/guepesTous les articles sur guêpes : conseils, prix, réglementation et guides pratiques par les experts ServicesArtisans.Guêpes — Articles & Guides | ServicesArtisans",0,true,0
20,https://servicesartisans.fr/blog/tag/extension,extension — Articles & Guides | ServicesArtisans | ServicesArtisans,text/html; charset=utf-8,false,200,0,false,og:typeog:localeog:urlog:descriptionog:title,"websitefr_FRhttps://servicesartisans.fr/blog/tag/extensionTous les articles sur extension : conseils, prix, réglementation et guides pratiques par les experts ServicesArtisans.extension — Articles & Guides | ServicesArtisans",0,true,0
20,https://servicesartisans.fr/questions/quel-chauffage-maison-ancienne,Quel chauffage pour une maison ancienne ? | ServicesArtisans | ServicesArtisans,text/html; charset=utf-8,false,200,0,false,og:typeog:urlog:descriptionog:title,"articlehttps://servicesartisans.fr/questions/quel-chauffage-maison-anciennePour une maison ancienne, la PAC air-eau est le meilleur choix si vous avez des radiateurs à eau. La chaudière à granulés est idéale en zone rurale. Le poêle à bois ou à granulés complète efficacement un chauffage existant. Isolez d'abord avant de changer de chauffage.Quel chauffage pour une maison ancienne ? | ServicesArtisans",0,true,0
20,https://servicesartisans.fr/blog/tag/chauffagiste,Chauffagiste — Articles & Guides | ServicesArtisans | ServicesArtisans,text/html; charset=utf-8,false,200,0,false,og:typeog:localeog:urlog:descriptionog:title,"websitefr_FRhttps://servicesartisans.fr/blog/tag/chauffagisteTous les articles sur chauffagiste : conseils, prix, réglementation et guides pratiques par les experts ServicesArtisans.Chauffagiste — Articles & Guides | ServicesArtisans",0,true,0
20,https://servicesartisans.fr/blog/tag/chaleur,chaleur — Articles & Guides | ServicesArtisans | ServicesArtisans,text/html; charset=utf-8,false,200,0,false,og:typeog:localeog:urlog:descriptionog:title,"websitefr_FRhttps://servicesartisans.fr/blog/tag/chaleurTous les articles sur chaleur : conseils, prix, réglementation et guides pratiques par les experts ServicesArtisans.chaleur — Articles & Guides | ServicesArtisans",0,true,0
20,https://servicesartisans.fr/blog/tag/brique-foraine,Brique foraine — Articles & Guides | ServicesArtisans | ServicesArtisans,text/html; charset=utf-8,false,200,0,false,og:typeog:localeog:urlog:descriptionog:title,"websitefr_FRhttps://servicesartisans.fr/blog/tag/brique-foraineTous les articles sur brique foraine : conseils, prix, réglementation et guides pratiques par les experts ServicesArtisans.Brique foraine — Articles & Guides | ServicesArtisans",0,true,0
20,https://servicesartisans.fr/blog/tag/iti,ITI — Articles & Guides | ServicesArtisans | ServicesArtisans,text/html; charset=utf-8,false,200,0,false,og:typeog:localeog:urlog:descriptionog:title,"websitefr_FRhttps://servicesartisans.fr/blog/tag/itiTous les articles sur iti : conseils, prix, réglementation et guides pratiques par les experts ServicesArtisans.ITI — Articles & Guides | ServicesArtisans",0,true,0
20,https://servicesartisans.fr/questions,Questions Travaux et Artisanat — FAQ | ServicesArtisans,text/html; charset=utf-8,false,200,0,false,og:typeog:urlog:descriptionog:title,"websitehttps://servicesartisans.fr/questionsTrouvez les réponses à toutes vos questions sur les travaux, les tarifs des artisans, la réglementation et les urgences.Questions Travaux et Artisanat — FAQ",0,true,0
20,https://servicesartisans.fr/questions/devis-travaux-que-verifier,Que vérifier sur un devis de travaux avant de signer ? | ServicesArtisans | ServicesArtisans,text/html; charset=utf-8,false,200,0,false,og:typeog:urlog:descriptionog:title,"articlehttps://servicesartisans.fr/questions/devis-travaux-que-verifierVérifiez les mentions légales obligatoires (SIRET, assurance), le détail des prestations, les matériaux avec références précises, le prix TTC, les délais et les conditions de paiement. Un devis flou est un signal d'alerte.Que vérifier sur un devis de travaux avant de signer ? | ServicesArtisans",0,true,0
20,https://servicesartisans.fr/blog/tag/renovation-sol,Rénovation sol — Articles & Guides | ServicesArtisans | ServicesArtisans,text/html; charset=utf-8,false,200,0,false,og:typeog:localeog:urlog:descriptionog:title,"websitefr_FRhttps://servicesartisans.fr/blog/tag/renovation-solTous les articles sur rénovation sol : conseils, prix, réglementation et guides pratiques par les experts ServicesArtisans.Rénovation sol — Articles & Guides | ServicesArtisans",0,true,0
20,https://servicesartisans.fr/blog/tag/bati-ancien,bâti ancien — Articles & Guides | ServicesArtisans | ServicesArtisans,text/html; charset=utf-8,false,200,0,false,og:typeog:localeog:urlog:descriptionog:title,"websitefr_FRhttps://servicesartisans.fr/blog/tag/bati-ancienTous les articles sur bâti ancien : conseils, prix, réglementation et guides pratiques par les experts ServicesArtisans.bâti ancien — Articles & Guides | ServicesArtisans",0,true,0
20,https://servicesartisans.fr/comparaison/chaudiere-gaz-vs-bois-granules,Chaudière gaz vs bois/granulés : quel combustible choisir ? | ServicesArtisans,text/html; charset=utf-8,false,200,0,false,og:typeog:site_nameog:urlog:descriptionog:title,"articleServicesArtisanshttps://servicesartisans.fr/comparaison/chaudiere-gaz-vs-bois-granulesComparatif chaudière gaz condensation vs chaudière bois à granulés en 2026 : prix, rendement, écologie, aides. Guide complet pour choisir votre système de chauffage.Chaudière gaz vs bois/granulés : quel combustible choisir ?",0,true,0
20,https://servicesartisans.fr/blog/tag/hydrofuge,hydrofuge — Articles & Guides | ServicesArtisans | ServicesArtisans,text/html; charset=utf-8,false,200,0,false,og:typeog:localeog:urlog:descriptionog:title,"websitefr_FRhttps://servicesartisans.fr/blog/tag/hydrofugeTous les articles sur hydrofuge : conseils, prix, réglementation et guides pratiques par les experts ServicesArtisans.hydrofuge — Articles & Guides | ServicesArtisans",0,true,0
20,https://servicesartisans.fr/blog/tag/reparations,réparations — Articles & Guides | ServicesArtisans | ServicesArtisans,text/html; charset=utf-8,false,200,0,false,og:typeog:localeog:urlog:descriptionog:title,"websitefr_FRhttps://servicesartisans.fr/blog/tag/reparationsTous les articles sur réparations : conseils, prix, réglementation et guides pratiques par les experts ServicesArtisans.réparations — Articles & Guides | ServicesArtisans",0,true,0
20,https://servicesartisans.fr/blog/tag/enduit,enduit — Articles & Guides | ServicesArtisans | ServicesArtisans,text/html; charset=utf-8,false,200,0,false,og:typeog:localeog:urlog:descriptionog:title,"websitefr_FRhttps://servicesartisans.fr/blog/tag/enduitTous les articles sur enduit : conseils, prix, réglementation et guides pratiques par les experts ServicesArtisans.enduit — Articles & Guides | ServicesArtisans",0,true,0
20,https://servicesartisans.fr/blog/tag/immobilier,Immobilier — Articles & Guides | ServicesArtisans | ServicesArtisans,text/html; charset=utf-8,false,200,0,false,og:typeog:localeog:urlog:descriptionog:title,"websitefr_FRhttps://servicesartisans.fr/blog/tag/immobilierTous les articles sur immobilier : conseils, prix, réglementation et guides pratiques par les experts ServicesArtisans.Immobilier — Articles & Guides | ServicesArtisans",0,true,0
20,https://servicesartisans.fr/blog/tag/installation-electrique,Installation électrique — Articles & Guides | ServicesArtisans | ServicesArtisans,text/html; charset=utf-8,false,200,0,false,og:typeog:localeog:urlog:descriptionog:title,"websitefr_FRhttps://servicesartisans.fr/blog/tag/installation-electriqueTous les articles sur installation électrique : conseils, prix, réglementation et guides pratiques par les experts ServicesArtisans.Installation électrique — Articles & Guides | ServicesArtisans",0,true,0
20,https://servicesartisans.fr/blog/tag/refection,réfection — Articles & Guides | ServicesArtisans | ServicesArtisans,text/html; charset=utf-8,false,200,0,false,og:typeog:localeog:urlog:descriptionog:title,"websitefr_FRhttps://servicesartisans.fr/blog/tag/refectionTous les articles sur réfection : conseils, prix, réglementation et guides pratiques par les experts ServicesArtisans.réfection — Articles & Guides | ServicesArtisans",0,true,0
20,https://servicesartisans.fr/blog/tag/ecologie,écologie — Articles & Guides | ServicesArtisans | ServicesArtisans,text/html; charset=utf-8,false,200,0,false,og:typeog:localeog:urlog:descriptionog:title,"websitefr_FRhttps://servicesartisans.fr/blog/tag/ecologieTous les articles sur écologie : conseils, prix, réglementation et guides pratiques par les experts ServicesArtisans.écologie — Articles & Guides | ServicesArtisans",0,true,0
20,https://servicesartisans.fr/blog/tag/tableau-electrique,Tableau électrique — Articles & Guides | ServicesArtisans | ServicesArtisans,text/html; charset=utf-8,false,200,0,false,og:typeog:localeog:urlog:descriptionog:title,"websitefr_FRhttps://servicesartisans.fr/blog/tag/tableau-electriqueTous les articles sur tableau électrique : conseils, prix, réglementation et guides pratiques par les experts ServicesArtisans.Tableau électrique — Articles & Guides | ServicesArtisans",0,true,0
20,https://servicesartisans.fr/blog/tag/plus-value,plus-value — Articles & Guides | ServicesArtisans | ServicesArtisans,text/html; charset=utf-8,false,200,0,false,og:typeog:localeog:urlog:descriptionog:title,"websitefr_FRhttps://servicesartisans.fr/blog/tag/plus-valueTous les articles sur plus-value : conseils, prix, réglementation et guides pratiques par les experts ServicesArtisans.plus-value — Articles & Guides | ServicesArtisans",0,true,0
20,https://servicesartisans.fr/questions/artisan-rge-obligatoire,Est-il obligatoire de choisir un artisan RGE ? | ServicesArtisans | ServicesArtisans,text/html; charset=utf-8,false,200,0,false,og:typeog:urlog:descriptionog:title,"articlehttps://servicesartisans.fr/questions/artisan-rge-obligatoireUn artisan RGE (Reconnu Garant de l'Environnement) est obligatoire pour bénéficier des aides publiques comme MaPrimeRénov, les CEE ou l'éco-PTZ. Sans certification RGE, vous ne percevrez aucune aide financière.Est-il obligatoire de choisir un artisan RGE ? | ServicesArtisans",0,true,0
20,https://servicesartisans.fr/blog/tag/eco-gestes,éco-gestes — Articles & Guides | ServicesArtisans | ServicesArtisans,text/html; charset=utf-8,false,200,0,false,og:typeog:localeog:urlog:descriptionog:title,"websitefr_FRhttps://servicesartisans.fr/blog/tag/eco-gestesTous les articles sur éco-gestes : conseils, prix, réglementation et guides pratiques par les experts ServicesArtisans.éco-gestes — Articles & Guides | ServicesArtisans",0,true,0
20,https://servicesartisans.fr/blog/tag/norme-nf-c-15-100,norme NF C 15-100 — Articles & Guides | ServicesArtisans | ServicesArtisans,text/html; charset=utf-8,false,200,0,false,og:typeog:localeog:urlog:descriptionog:title,"websitefr_FRhttps://servicesartisans.fr/blog/tag/norme-nf-c-15-100Tous les articles sur norme nf c 15-100 : conseils, prix, réglementation et guides pratiques par les experts ServicesArtisans.norme NF C 15-100 — Articles & Guides | ServicesArtisans",0,true,0
20,https://servicesartisans.fr/blog/tag/deratisation,Dératisation — Articles & Guides | ServicesArtisans | ServicesArtisans,text/html; charset=utf-8,false,200,0,false,og:typeog:localeog:urlog:descriptionog:title,"websitefr_FRhttps://servicesartisans.fr/blog/tag/deratisationTous les articles sur dératisation : conseils, prix, réglementation et guides pratiques par les experts ServicesArtisans.Dératisation — Articles & Guides | ServicesArtisans",0,true,0
20,https://servicesartisans.fr/blog/tag/materiaux,matériaux — Articles & Guides | ServicesArtisans | ServicesArtisans,text/html; charset=utf-8,false,200,0,false,og:typeog:localeog:urlog:descriptionog:title,"websitefr_FRhttps://servicesartisans.fr/blog/tag/materiauxTous les articles sur matériaux : conseils, prix, réglementation et guides pratiques par les experts ServicesArtisans.matériaux — Articles & Guides | ServicesArtisans",0,true,0
20,https://servicesartisans.fr/questions/serrurier-urgence-24h-prix,Quel est le tarif d'un serrurier en urgence 24h/24 ? | ServicesArtisans | ServicesArtisans,text/html; charset=utf-8,false,200,0,false,og:typeog:urlog:descriptionog:title,"articlehttps://servicesartisans.fr/questions/serrurier-urgence-24h-prixUn serrurier en urgence coûte de 100 à 350 € en journée et de 200 à 600 € la nuit ou le week-end. L'ouverture d'une porte claquée revient à 100-200 €, tandis qu'une ouverture avec remplacement de serrure coûte 250 à 500 €.Quel est le tarif d'un serrurier en urgence 24h/24 ? | ServicesArtisans",0,true,0
20,https://servicesartisans.fr/blog/tag/chauffage,Chauffage — Articles & Guides | ServicesArtisans | ServicesArtisans,text/html; charset=utf-8,false,200,0,false,og:typeog:localeog:urlog:descriptionog:title,"websitefr_FRhttps://servicesartisans.fr/blog/tag/chauffageTous les articles sur chauffage : conseils, prix, réglementation et guides pratiques par les experts ServicesArtisans.Chauffage — Articles & Guides | ServicesArtisans",0,true,0
20,https://servicesartisans.fr/blog/tag/installation-alarme,installation alarme — Articles & Guides | ServicesArtisans | ServicesArtisans,text/html; charset=utf-8,false,200,0,false,og:typeog:localeog:urlog:descriptionog:title,"websitefr_FRhttps://servicesartisans.fr/blog/tag/installation-alarmeTous les articles sur installation alarme : conseils, prix, réglementation et guides pratiques par les experts ServicesArtisans.installation alarme — Articles & Guides | ServicesArtisans",0,true,0
20,https://servicesartisans.fr/blog/tag/portail,Portail — Articles & Guides | ServicesArtisans | ServicesArtisans,text/html; charset=utf-8,false,200,0,false,og:typeog:localeog:urlog:descriptionog:title,"websitefr_FRhttps://servicesartisans.fr/blog/tag/portailTous les articles sur portail : conseils, prix, réglementation et guides pratiques par les experts ServicesArtisans.Portail — Articles & Guides | ServicesArtisans",0,true,0
20,https://servicesartisans.fr/blog/tag/cheque-energie,Chèque énergie — Articles & Guides | ServicesArtisans | ServicesArtisans,text/html; charset=utf-8,false,200,0,false,og:typeog:localeog:urlog:descriptionog:title,"websitefr_FRhttps://servicesartisans.fr/blog/tag/cheque-energieTous les articles sur chèque énergie : conseils, prix, réglementation et guides pratiques par les experts ServicesArtisans.Chèque énergie — Articles & Guides | ServicesArtisans",0,true,0
20,https://servicesartisans.fr/blog/tag/obligation-2026,Obligation 2026 — Articles & Guides | ServicesArtisans | ServicesArtisans,text/html; charset=utf-8,false,200,0,false,og:typeog:localeog:urlog:descriptionog:title,"websitefr_FRhttps://servicesartisans.fr/blog/tag/obligation-2026Tous les articles sur obligation 2026 : conseils, prix, réglementation et guides pratiques par les experts ServicesArtisans.Obligation 2026 — Articles & Guides | ServicesArtisans",0,true,0
20,https://servicesartisans.fr/comparaison/parquet-massif-vs-contrecolle-vs-stratifie,"Parquet : massif, contrecollé ou stratifié ? | ServicesArtisans",text/html; charset=utf-8,false,200,0,false,og:typeog:site_nameog:urlog:descriptionog:title,"articleServicesArtisanshttps://servicesartisans.fr/comparaison/parquet-massif-vs-contrecolle-vs-stratifieComparatif parquet massif vs contrecollé vs stratifié en 2026 : prix au m², durabilité, pose, entretien. Guide complet pour choisir votre revêtement de sol.Parquet : massif, contrecollé ou stratifié ?",0,true,0
20,https://servicesartisans.fr/questions/acompte-travaux-combien,Quel acompte verser pour des travaux ? | ServicesArtisans | ServicesArtisans,text/html; charset=utf-8,false,200,0,false,og:typeog:urlog:descriptionog:title,"articlehttps://servicesartisans.fr/questions/acompte-travaux-combienL'acompte habituel est de 20 à 30 % du montant total pour les travaux courants. Au-delà de 30 %, méfiez-vous. Aucune loi ne fixe de plafond, mais un acompte excessif est un signe d'alerte. Le solde ne doit être payé qu'après réception des travaux.Quel acompte verser pour des travaux ? | ServicesArtisans",0,true,0
20,https://servicesartisans.fr/blog/tag/ferronnerie-d-art,Ferronnerie d'art — Articles & Guides | ServicesArtisans | ServicesArtisans,text/html; charset=utf-8,false,200,0,false,og:typeog:localeog:urlog:descriptionog:title,"websitefr_FRhttps://servicesartisans.fr/blog/tag/ferronnerie-d-artTous les articles sur ferronnerie d'art : conseils, prix, réglementation et guides pratiques par les experts ServicesArtisans.Ferronnerie d'art — Articles & Guides | ServicesArtisans",0,true,0
20,https://servicesartisans.fr/questions/que-verifier-avant-payer-artisan,Que vérifier avant de payer un artisan ? | ServicesArtisans | ServicesArtisans,text/html; charset=utf-8,false,200,0,false,og:typeog:urlog:descriptionog:title,"articlehttps://servicesartisans.fr/questions/que-verifier-avant-payer-artisanVérifiez que les travaux sont conformes au devis signé, faites un procès-verbal de réception avec liste des réserves éventuelles, et ne payez le solde qu'après levée des réserves. Conservez la facture pendant 10 ans (durée de la garantie décennale).Que vérifier avant de payer un artisan ? | ServicesArtisans",0,true,0
20,https://servicesartisans.fr/blog/tag/acoustique,acoustique — Articles & Guides | ServicesArtisans | ServicesArtisans,text/html; charset=utf-8,false,200,0,false,og:typeog:localeog:urlog:descriptionog:title,"websitefr_FRhttps://servicesartisans.fr/blog/tag/acoustiqueTous les articles sur acoustique : conseils, prix, réglementation et guides pratiques par les experts ServicesArtisans.acoustique — Articles & Guides | ServicesArtisans",0,true,0
20,https://servicesartisans.fr/questions/tva-travaux-renovation-taux,Quel taux de TVA s'applique aux travaux de rénovation ? | ServicesArtisans | ServicesArtisans,text/html; charset=utf-8,false,200,0,false,og:typeog:urlog:descriptionog:title,"articlehttps://servicesartisans.fr/questions/tva-travaux-renovation-tauxLa TVA est de 10 % pour les travaux de rénovation et d'entretien dans un logement de plus de 2 ans. Elle passe à 5,5 % pour les travaux de rénovation énergétique. La TVA est de 20 % pour les constructions neuves.Quel taux de TVA s'applique aux travaux de rénovation ? | ServicesArtisans",0,true,0
20,https://servicesartisans.fr/blog/tag/economie-d-eau,économie d’eau — Articles & Guides | ServicesArtisans | ServicesArtisans,text/html; charset=utf-8,false,200,0,false,og:typeog:localeog:urlog:descriptionog:title,"websitefr_FRhttps://servicesartisans.fr/blog/tag/economie-d-eauTous les articles sur économie d’eau : conseils, prix, réglementation et guides pratiques par les experts ServicesArtisans.économie d’eau — Articles & Guides | ServicesArtisans",0,true,0
20,https://servicesartisans.fr/blog/tag/urgence,Urgence — Articles & Guides | ServicesArtisans | ServicesArtisans,text/html; charset=utf-8,false,200,0,false,og:typeog:localeog:urlog:descriptionog:title,"websitefr_FRhttps://servicesartisans.fr/blog/tag/urgenceTous les articles sur urgence : conseils, prix, réglementation et guides pratiques par les experts ServicesArtisans.Urgence — Articles & Guides | ServicesArtisans",0,true,0
20,https://servicesartisans.fr/comparaison/isolation-interieure-vs-exterieure,Isolation par l'intérieur vs par l'extérieur : que choisir ? | ServicesArtisans,text/html; charset=utf-8,false,200,0,false,og:typeog:site_nameog:urlog:descriptionog:title,"articleServicesArtisanshttps://servicesartisans.fr/comparaison/isolation-interieure-vs-exterieureITI vs ITE : comparatif complet isolation intérieure et extérieure en 2026. Prix au m², performance thermique, avantages et inconvénients de chaque méthode.Isolation par l'intérieur vs par l'extérieur : que choisir ?",0,true,0
20,https://servicesartisans.fr/blog/tag/cee,CEE — Articles & Guides | ServicesArtisans | ServicesArtisans,text/html; charset=utf-8,false,200,0,false,og:typeog:localeog:urlog:descriptionog:title,"websitefr_FRhttps://servicesartisans.fr/blog/tag/ceeTous les articles sur cee : conseils, prix, réglementation et guides pratiques par les experts ServicesArtisans.CEE — Articles & Guides | ServicesArtisans",0,true,0
20,https://servicesartisans.fr/blog/tag/longue-distance,Longue distance — Articles & Guides | ServicesArtisans | ServicesArtisans,text/html; charset=utf-8,false,200,0,false,og:typeog:localeog:urlog:descriptionog:title,"websitefr_FRhttps://servicesartisans.fr/blog/tag/longue-distanceTous les articles sur longue distance : conseils, prix, réglementation et guides pratiques par les experts ServicesArtisans.Longue distance — Articles & Guides | ServicesArtisans",0,true,0
20,https://servicesartisans.fr/blog/tag/silicone,silicone — Articles & Guides | ServicesArtisans | ServicesArtisans,text/html; charset=utf-8,false,200,0,false,og:typeog:localeog:urlog:descriptionog:title,"websitefr_FRhttps://servicesartisans.fr/blog/tag/siliconeTous les articles sur silicone : conseils, prix, réglementation et guides pratiques par les experts ServicesArtisans.silicone — Articles & Guides | ServicesArtisans",0,true,0
20,https://servicesartisans.fr/questions/pac-air-eau-ou-air-air,PAC air-eau ou air-air : laquelle choisir ? | ServicesArtisans | ServicesArtisans,text/html; charset=utf-8,false,200,0,false,og:typeog:urlog:descriptionog:title,"articlehttps://servicesartisans.fr/questions/pac-air-eau-ou-air-airLa PAC air-eau alimente un circuit d'eau (radiateurs, plancher chauffant) et produit l'eau chaude sanitaire — elle est éligible à MaPrimeRénov'. La PAC air-air souffle de l'air chaud/froid via des splits et sert aussi de climatisation, mais n'ouvre pas droit aux aides.PAC air-eau ou air-air : laquelle choisir ? | ServicesArtisans",0,true,0
20,https://servicesartisans.fr/blog/tag/aides-2026,Aides 2026 — Articles & Guides | ServicesArtisans | ServicesArtisans,text/html; charset=utf-8,false,200,0,false,og:typeog:localeog:urlog:descriptionog:title,"websitefr_FRhttps://servicesartisans.fr/blog/tag/aides-2026Tous les articles sur aides 2026 : conseils, prix, réglementation et guides pratiques par les experts ServicesArtisans.Aides 2026 — Articles & Guides | ServicesArtisans",0,true,0
20,https://servicesartisans.fr/blog/tag/credence-verre,Crédence verre — Articles & Guides | ServicesArtisans | ServicesArtisans,text/html; charset=utf-8,false,200,0,false,og:typeog:localeog:urlog:descriptionog:title,"websitefr_FRhttps://servicesartisans.fr/blog/tag/credence-verreTous les articles sur crédence verre : conseils, prix, réglementation et guides pratiques par les experts ServicesArtisans.Crédence verre — Articles & Guides | ServicesArtisans",0,true,0
20,https://servicesartisans.fr/blog/tag/provence-alpes-cote-d-azur,Provence-Alpes-Côte d'Azur — Articles & Guides | ServicesArtisans | ServicesArtisans,text/html; charset=utf-8,false,200,0,false,og:typeog:localeog:urlog:descriptionog:title,"websitefr_FRhttps://servicesartisans.fr/blog/tag/provence-alpes-cote-d-azurTous les articles sur provence-alpes-côte d'azur : conseils, prix, réglementation et guides pratiques par les experts ServicesArtisans.Provence-Alpes-Côte d'Azur — Articles & Guides | ServicesArtisans",0,true,0
20,https://servicesartisans.fr/questions/poser-parquet-flottant-diy,Comment poser du parquet flottant soi-même ? | ServicesArtisans | ServicesArtisans,text/html; charset=utf-8,false,200,0,false,og:typeog:urlog:descriptionog:title,"articlehttps://servicesartisans.fr/questions/poser-parquet-flottant-diyPosez une sous-couche isolante sur le sol propre et sec, puis clipsez les lames rangée par rangée en partant du mur le plus long. Laissez un jeu de dilatation de 8 mm sur tout le pourtour. Un débutant peut poser 10 à 15 m² par jour.Comment poser du parquet flottant soi-même ? | ServicesArtisans",0,true,0
20,https://servicesartisans.fr/questions/vitre-cassee-securiser,Vitre cassée : comment sécuriser en attendant le vitrier ? | ServicesArtisans | ServicesArtisans,text/html; charset=utf-8,false,200,0,false,og:typeog:urlog:descriptionog:title,articlehttps://servicesartisans.fr/questions/vitre-cassee-securiserPortez des gants épais pour ramasser les éclats. Colmatez la fenêtre avec du carton épais ou une bâche fixée avec du ruban adhésif résistant. Appelez un vitrier pour un remplacement sous 24 à 48 h. Coût : 80 à 300 €.Vitre cassée : comment sécuriser en attendant le vitrier ? | ServicesArtisans,0,true,0
20,https://servicesartisans.fr/blog/tag/pays-de-la-loire,Pays de la Loire — Articles & Guides | ServicesArtisans | ServicesArtisans,text/html; charset=utf-8,false,200,0,false,og:typeog:localeog:urlog:descriptionog:title,"websitefr_FRhttps://servicesartisans.fr/blog/tag/pays-de-la-loireTous les articles sur pays de la loire : conseils, prix, réglementation et guides pratiques par les experts ServicesArtisans.Pays de la Loire — Articles & Guides | ServicesArtisans",0,true,0
20,https://servicesartisans.fr/blog/tag/decoration,décoration — Articles & Guides | ServicesArtisans | ServicesArtisans,text/html; charset=utf-8,false,200,0,false,og:typeog:localeog:urlog:descriptionog:title,"websitefr_FRhttps://servicesartisans.fr/blog/tag/decorationTous les articles sur décoration : conseils, prix, réglementation et guides pratiques par les experts ServicesArtisans.décoration — Articles & Guides | ServicesArtisans",0,true,0
20,https://servicesartisans.fr/questions/aide-anah-conditions,Aides de l'Anah : quelles conditions ? | ServicesArtisans | ServicesArtisans,text/html; charset=utf-8,false,200,0,false,og:typeog:urlog:descriptionog:title,"articlehttps://servicesartisans.fr/questions/aide-anah-conditionsL'Anah (Agence nationale de l'habitat) gère MaPrimeRénov' et d'autres aides pour les propriétaires de logements de plus de 15 ans. Les conditions : revenus sous les plafonds, logement en résidence principale, travaux par un artisan RGE, et ne pas avoir bénéficié d'un PTZ dans les 5 dernières années.Aides de l'Anah : quelles conditions ? | ServicesArtisans",0,true,0
20,https://servicesartisans.fr/blog/tag/tuyauterie,Tuyauterie — Articles & Guides | ServicesArtisans | ServicesArtisans,text/html; charset=utf-8,false,200,0,false,og:typeog:localeog:urlog:descriptionog:title,"websitefr_FRhttps://servicesartisans.fr/blog/tag/tuyauterieTous les articles sur tuyauterie : conseils, prix, réglementation et guides pratiques par les experts ServicesArtisans.Tuyauterie — Articles & Guides | ServicesArtisans",0,true,0
20,https://servicesartisans.fr/blog/tag/vitrerie,Vitrerie — Articles & Guides | ServicesArtisans | ServicesArtisans,text/html; charset=utf-8,false,200,0,false,og:typeog:localeog:urlog:descriptionog:title,"websitefr_FRhttps://servicesartisans.fr/blog/tag/vitrerieTous les articles sur vitrerie : conseils, prix, réglementation et guides pratiques par les experts ServicesArtisans.Vitrerie — Articles & Guides | ServicesArtisans",0,true,0
20,https://servicesartisans.fr/blog/tag/panne-de-courant,Panne de courant — Articles & Guides | ServicesArtisans | ServicesArtisans,text/html; charset=utf-8,false,200,0,false,og:typeog:localeog:urlog:descriptionog:title,"websitefr_FRhttps://servicesartisans.fr/blog/tag/panne-de-courantTous les articles sur panne de courant : conseils, prix, réglementation et guides pratiques par les experts ServicesArtisans.Panne de courant — Articles & Guides | ServicesArtisans",0,true,0
20,https://servicesartisans.fr/blog/tag/pac-air-air,PAC air-air — Articles & Guides | ServicesArtisans | ServicesArtisans,text/html; charset=utf-8,false,200,0,false,og:typeog:localeog:urlog:descriptionog:title,"websitefr_FRhttps://servicesartisans.fr/blog/tag/pac-air-airTous les articles sur pac air-air : conseils, prix, réglementation et guides pratiques par les experts ServicesArtisans.PAC air-air — Articles & Guides | ServicesArtisans",0,true,0
20,https://servicesartisans.fr/blog/tag/taille-haies,taille haies — Articles & Guides | ServicesArtisans | ServicesArtisans,text/html; charset=utf-8,false,200,0,false,og:typeog:localeog:urlog:descriptionog:title,"websitefr_FRhttps://servicesartisans.fr/blog/tag/taille-haiesTous les articles sur taille haies : conseils, prix, réglementation et guides pratiques par les experts ServicesArtisans.taille haies — Articles & Guides | ServicesArtisans",0,true,0
20,https://servicesartisans.fr/questions/declaration-prealable-travaux-quand,Quand faut-il une déclaration préalable de travaux ? | ServicesArtisans | ServicesArtisans,text/html; charset=utf-8,false,200,0,false,og:typeog:urlog:descriptionog:title,"articlehttps://servicesartisans.fr/questions/declaration-prealable-travaux-quandUne déclaration préalable (DP) est requise pour les travaux créant entre 5 et 20 m² de surface (40 m² en zone PLU), les modifications de façade, les changements de fenêtres, les ravalement et les clôtures. Le délai d’instruction est d’un mois.Quand faut-il une déclaration préalable de travaux ? | ServicesArtisans",0,true,0
20,https://servicesartisans.fr/blog/tag/re2020,RE2020 — Articles & Guides | ServicesArtisans | ServicesArtisans,text/html; charset=utf-8,false,200,0,false,og:typeog:localeog:urlog:descriptionog:title,"websitefr_FRhttps://servicesartisans.fr/blog/tag/re2020Tous les articles sur re2020 : conseils, prix, réglementation et guides pratiques par les experts ServicesArtisans.RE2020 — Articles & Guides | ServicesArtisans",0,true,0
20,https://servicesartisans.fr/blog/tag/faience,faïence — Articles & Guides | ServicesArtisans | ServicesArtisans,text/html; charset=utf-8,false,200,0,false,og:typeog:localeog:urlog:descriptionog:title,"websitefr_FRhttps://servicesartisans.fr/blog/tag/faienceTous les articles sur faïence : conseils, prix, réglementation et guides pratiques par les experts ServicesArtisans.faïence — Articles & Guides | ServicesArtisans",0,true,0
20,https://servicesartisans.fr/guides/renovation-energetique-complete,Rénovation Énergétique : Guide Complet pour Votre Maison | ServicesArtisans,text/html; charset=utf-8,false,200,0,false,og:typeog:site_nameog:urlog:descriptionog:title,"articleServicesArtisanshttps://servicesartisans.fr/guides/renovation-energetique-completeLes 4 piliers de la rénovation énergétique, l'ordre des travaux, les aides 2026 et le retour sur investissement détaillé.Rénovation Énergétique : Guide Complet pour Votre Maison",0,true,0
20,https://servicesartisans.fr/blog/tag/plafond,plafond — Articles & Guides | ServicesArtisans | ServicesArtisans,text/html; charset=utf-8,false,200,0,false,og:typeog:localeog:urlog:descriptionog:title,"websitefr_FRhttps://servicesartisans.fr/blog/tag/plafondTous les articles sur plafond : conseils, prix, réglementation et guides pratiques par les experts ServicesArtisans.plafond — Articles & Guides | ServicesArtisans",0,true,0
20,https://servicesartisans.fr/blog/tag/garage,Garage — Articles & Guides | ServicesArtisans | ServicesArtisans,text/html; charset=utf-8,false,200,0,false,og:typeog:localeog:urlog:descriptionog:title,"websitefr_FRhttps://servicesartisans.fr/blog/tag/garageTous les articles sur garage : conseils, prix, réglementation et guides pratiques par les experts ServicesArtisans.Garage — Articles & Guides | ServicesArtisans",0,true,0
20,https://servicesartisans.fr/comparaison/peinture-mate-vs-satinee-vs-brillante,Peinture mate vs satinée vs brillante : quelle finition choisir ? | ServicesArtisans,text/html; charset=utf-8,false,200,0,false,og:typeog:site_nameog:urlog:descriptionog:title,"articleServicesArtisanshttps://servicesartisans.fr/comparaison/peinture-mate-vs-satinee-vs-brillanteComparatif peinture mate, satinée et brillante en 2026 : rendu, entretien, pièces adaptées, prix. Guide pour choisir la bonne finition de peinture.Peinture mate vs satinée vs brillante : quelle finition choisir ?",0,true,0
20,https://servicesartisans.fr/blog/tag/eau-chaude,eau chaude — Articles & Guides | ServicesArtisans | ServicesArtisans,text/html; charset=utf-8,false,200,0,false,og:typeog:localeog:urlog:descriptionog:title,"websitefr_FRhttps://servicesartisans.fr/blog/tag/eau-chaudeTous les articles sur eau chaude : conseils, prix, réglementation et guides pratiques par les experts ServicesArtisans.eau chaude — Articles & Guides | ServicesArtisans",0,true,0
20,https://servicesartisans.fr/questions/dpe-obligatoire-vente-location,Le DPE est-il obligatoire pour vendre ou louer en 2026 ? | ServicesArtisans | ServicesArtisans,text/html; charset=utf-8,false,200,0,false,og:typeog:urlog:descriptionog:title,"articlehttps://servicesartisans.fr/questions/dpe-obligatoire-vente-locationOui, le DPE est obligatoire pour toute vente ou location depuis 2006. En 2026, les logements classés G sont interdits à la location. Le DPE doit être réalisé par un diagnostiqueur certifié et est valable 10 ans.Le DPE est-il obligatoire pour vendre ou louer en 2026 ? | ServicesArtisans",0,true,0
20,https://servicesartisans.fr/blog/tag/economies,économies — Articles & Guides | ServicesArtisans | ServicesArtisans,text/html; charset=utf-8,false,200,0,false,og:typeog:localeog:urlog:descriptionog:title,"websitefr_FRhttps://servicesartisans.fr/blog/tag/economiesTous les articles sur économies : conseils, prix, réglementation et guides pratiques par les experts ServicesArtisans.économies — Articles & Guides | ServicesArtisans",0,true,0
20,https://servicesartisans.fr/blog/tag/aluminium,aluminium — Articles & Guides | ServicesArtisans | ServicesArtisans,text/html; charset=utf-8,false,200,0,false,og:typeog:localeog:urlog:descriptionog:title,"websitefr_FRhttps://servicesartisans.fr/blog/tag/aluminiumTous les articles sur aluminium : conseils, prix, réglementation et guides pratiques par les experts ServicesArtisans.aluminium — Articles & Guides | ServicesArtisans",0,true,0
20,https://servicesartisans.fr/blog/tag/paris,Paris — Articles & Guides | ServicesArtisans | ServicesArtisans,text/html; charset=utf-8,false,200,0,false,og:typeog:localeog:urlog:descriptionog:title,"websitefr_FRhttps://servicesartisans.fr/blog/tag/parisTous les articles sur paris : conseils, prix, réglementation et guides pratiques par les experts ServicesArtisans.Paris — Articles & Guides | ServicesArtisans",0,true,0
20,https://servicesartisans.fr/questions/comment-choisir-chauffagiste,Comment choisir un chauffagiste ? | ServicesArtisans | ServicesArtisans,text/html; charset=utf-8,false,200,0,false,og:typeog:urlog:descriptionog:title,"articlehttps://servicesartisans.fr/questions/comment-choisir-chauffagisteChoisissez un chauffagiste certifié RGE et PG (Professionnel du Gaz). Vérifiez sa décennale, demandez 3 devis et consultez l'annuaire officiel sur faire.gouv.fr. La certification RGE est obligatoire pour les aides MaPrimeRénov'.Comment choisir un chauffagiste ? | ServicesArtisans",0,true,0
20,https://servicesartisans.fr/blog/tag/obligations,Obligations — Articles & Guides | ServicesArtisans | ServicesArtisans,text/html; charset=utf-8,false,200,0,false,og:typeog:localeog:urlog:descriptionog:title,"websitefr_FRhttps://servicesartisans.fr/blog/tag/obligationsTous les articles sur obligations : conseils, prix, réglementation et guides pratiques par les experts ServicesArtisans.Obligations — Articles & Guides | ServicesArtisans",0,true,0
20,https://servicesartisans.fr/blog/tag/vacances,vacances — Articles & Guides | ServicesArtisans | ServicesArtisans,text/html; charset=utf-8,false,200,0,false,og:typeog:localeog:urlog:descriptionog:title,"websitefr_FRhttps://servicesartisans.fr/blog/tag/vacancesTous les articles sur vacances : conseils, prix, réglementation et guides pratiques par les experts ServicesArtisans.vacances — Articles & Guides | ServicesArtisans",0,true,0
20,https://servicesartisans.fr/blog/tag/droits,droits — Articles & Guides | ServicesArtisans | ServicesArtisans,text/html; charset=utf-8,false,200,0,false,og:typeog:localeog:urlog:descriptionog:title,"websitefr_FRhttps://servicesartisans.fr/blog/tag/droitsTous les articles sur droits : conseils, prix, réglementation et guides pratiques par les experts ServicesArtisans.droits — Articles & Guides | ServicesArtisans",0,true,0
20,https://servicesartisans.fr/blog/tag/rge,RGE — Articles & Guides | ServicesArtisans | ServicesArtisans,text/html; charset=utf-8,false,200,0,false,og:typeog:localeog:urlog:descriptionog:title,"websitefr_FRhttps://servicesartisans.fr/blog/tag/rgeTous les articles sur rge : conseils, prix, réglementation et guides pratiques par les experts ServicesArtisans.RGE — Articles & Guides | ServicesArtisans",0,true,0
20,https://servicesartisans.fr/blog/tag/siren,SIREN — Articles & Guides | ServicesArtisans | ServicesArtisans,text/html; charset=utf-8,false,200,0,false,og:typeog:localeog:urlog:descriptionog:title,"websitefr_FRhttps://servicesartisans.fr/blog/tag/sirenTous les articles sur siren : conseils, prix, réglementation et guides pratiques par les experts ServicesArtisans.SIREN — Articles & Guides | ServicesArtisans",0,true,0
20,https://servicesartisans.fr/blog/tag/humidite,Humidité — Articles & Guides | ServicesArtisans | ServicesArtisans,text/html; charset=utf-8,false,200,0,false,og:typeog:localeog:urlog:descriptionog:title,"websitefr_FRhttps://servicesartisans.fr/blog/tag/humiditeTous les articles sur humidité : conseils, prix, réglementation et guides pratiques par les experts ServicesArtisans.Humidité — Articles & Guides | ServicesArtisans",0,true,0
20,https://servicesartisans.fr/blog/tag/cuisine,cuisine — Articles & Guides | ServicesArtisans | ServicesArtisans,text/html; charset=utf-8,false,200,0,false,og:typeog:localeog:urlog:descriptionog:title,"websitefr_FRhttps://servicesartisans.fr/blog/tag/cuisineTous les articles sur cuisine : conseils, prix, réglementation et guides pratiques par les experts ServicesArtisans.cuisine — Articles & Guides | ServicesArtisans",0,true,0
20,https://servicesartisans.fr/blog/tag/solier,Solier — Articles & Guides | ServicesArtisans | ServicesArtisans,text/html; charset=utf-8,false,200,0,false,og:typeog:localeog:urlog:descriptionog:title,"websitefr_FRhttps://servicesartisans.fr/blog/tag/solierTous les articles sur solier : conseils, prix, réglementation et guides pratiques par les experts ServicesArtisans.Solier — Articles & Guides | ServicesArtisans",0,true,0
20,https://servicesartisans.fr/blog/tag/assurance-travaux,assurance travaux — Articles & Guides | ServicesArtisans | ServicesArtisans,text/html; charset=utf-8,false,200,0,false,og:typeog:localeog:urlog:descriptionog:title,"websitefr_FRhttps://servicesartisans.fr/blog/tag/assurance-travauxTous les articles sur assurance travaux : conseils, prix, réglementation et guides pratiques par les experts ServicesArtisans.assurance travaux — Articles & Guides | ServicesArtisans",0,true,0
20,https://servicesartisans.fr/questions/que-faire-fuite-eau,Que faire en cas de fuite d'eau ? | ServicesArtisans | ServicesArtisans,text/html; charset=utf-8,false,200,0,false,og:typeog:urlog:descriptionog:title,"articlehttps://servicesartisans.fr/questions/que-faire-fuite-eauCoupez immédiatement l'arrivée d'eau au compteur général. Placez des récipients sous la fuite, épongez l'eau et coupez l'électricité si l'eau est proche de prises. Prenez des photos pour l'assurance puis appelez un plombier.Que faire en cas de fuite d'eau ? | ServicesArtisans",0,true,0
20,https://servicesartisans.fr/blog/tag/vehicule-electrique,Véhicule électrique — Articles & Guides | ServicesArtisans | ServicesArtisans,text/html; charset=utf-8,false,200,0,false,og:typeog:localeog:urlog:descriptionog:title,"websitefr_FRhttps://servicesartisans.fr/blog/tag/vehicule-electriqueTous les articles sur véhicule électrique : conseils, prix, réglementation et guides pratiques par les experts ServicesArtisans.Véhicule électrique — Articles & Guides | ServicesArtisans",0,true,0
20,https://servicesartisans.fr/blog/tag/moisissures,moisissures — Articles & Guides | ServicesArtisans | ServicesArtisans,text/html; charset=utf-8,false,200,0,false,og:typeog:localeog:urlog:descriptionog:title,"websitefr_FRhttps://servicesartisans.fr/blog/tag/moisissuresTous les articles sur moisissures : conseils, prix, réglementation et guides pratiques par les experts ServicesArtisans.moisissures — Articles & Guides | ServicesArtisans",0,true,0
20,https://servicesartisans.fr/blog/tag/techniques,Techniques — Articles & Guides | ServicesArtisans | ServicesArtisans,text/html; charset=utf-8,false,200,0,false,og:typeog:localeog:urlog:descriptionog:title,"websitefr_FRhttps://servicesartisans.fr/blog/tag/techniquesTous les articles sur techniques : conseils, prix, réglementation et guides pratiques par les experts ServicesArtisans.Techniques — Articles & Guides | ServicesArtisans",0,true,0
20,https://servicesartisans.fr/blog/categorie/urgences,Urgences Maison : réflexes + prix dépannage | ServicesArtisans,text/html; charset=utf-8,false,200,0,false,og:typeog:localeog:urlog:descriptionog:title,"websitefr_FRhttps://servicesartisans.fr/blog/categorie/urgencesUrgences maison : fuite d'eau, panne électrique, serrure bloquée. Les bons réflexes, prix réels du dépannage et pièges à éviter.Urgences Maison : réflexes + prix dépannage",0,true,0
20,https://servicesartisans.fr/blog/tag/prix,prix — Articles & Guides | ServicesArtisans | ServicesArtisans,text/html; charset=utf-8,false,200,0,false,og:typeog:localeog:urlog:descriptionog:title,"websitefr_FRhttps://servicesartisans.fr/blog/tag/prixTous les articles sur prix : conseils, prix, réglementation et guides pratiques par les experts ServicesArtisans.prix — Articles & Guides | ServicesArtisans",0,true,0
20,https://servicesartisans.fr/blog/tag/ouverture,ouverture — Articles & Guides | ServicesArtisans | ServicesArtisans,text/html; charset=utf-8,false,200,0,false,og:typeog:localeog:urlog:descriptionog:title,"websitefr_FRhttps://servicesartisans.fr/blog/tag/ouvertureTous les articles sur ouverture : conseils, prix, réglementation et guides pratiques par les experts ServicesArtisans.ouverture — Articles & Guides | ServicesArtisans",0,true,0
20,https://servicesartisans.fr/blog/tag/garde-corps,Garde-corps — Articles & Guides | ServicesArtisans | ServicesArtisans,text/html; charset=utf-8,false,200,0,false,og:typeog:localeog:urlog:descriptionog:title,"websitefr_FRhttps://servicesartisans.fr/blog/tag/garde-corpsTous les articles sur garde-corps : conseils, prix, réglementation et guides pratiques par les experts ServicesArtisans.Garde-corps — Articles & Guides | ServicesArtisans",0,true,0
20,https://servicesartisans.fr/blog/tag/senior,senior — Articles & Guides | ServicesArtisans | ServicesArtisans,text/html; charset=utf-8,false,200,0,false,og:typeog:localeog:urlog:descriptionog:title,"websitefr_FRhttps://servicesartisans.fr/blog/tag/seniorTous les articles sur senior : conseils, prix, réglementation et guides pratiques par les experts ServicesArtisans.senior — Articles & Guides | ServicesArtisans",0,true,0
20,https://servicesartisans.fr/blog/tag/qualifelec,Qualifelec — Articles & Guides | ServicesArtisans | ServicesArtisans,text/html; charset=utf-8,false,200,0,false,og:typeog:localeog:urlog:descriptionog:title,"websitefr_FRhttps://servicesartisans.fr/blog/tag/qualifelecTous les articles sur qualifelec : conseils, prix, réglementation et guides pratiques par les experts ServicesArtisans.Qualifelec — Articles & Guides | ServicesArtisans",0,true,0
20,https://servicesartisans.fr/blog/tag/inspiration,inspiration — Articles & Guides | ServicesArtisans | ServicesArtisans,text/html; charset=utf-8,false,200,0,false,og:typeog:localeog:urlog:descriptionog:title,"websitefr_FRhttps://servicesartisans.fr/blog/tag/inspirationTous les articles sur inspiration : conseils, prix, réglementation et guides pratiques par les experts ServicesArtisans.inspiration — Articles & Guides | ServicesArtisans",0,true,0
20,https://servicesartisans.fr/blog/tag/qualite-d-air,Qualité d'air — Articles & Guides | ServicesArtisans | ServicesArtisans,text/html; charset=utf-8,false,200,0,false,og:typeog:localeog:urlog:descriptionog:title,"websitefr_FRhttps://servicesartisans.fr/blog/tag/qualite-d-airTous les articles sur qualité d'air : conseils, prix, réglementation et guides pratiques par les experts ServicesArtisans.Qualité d'air — Articles & Guides | ServicesArtisans",0,true,0
20,https://servicesartisans.fr/questions/prime-coup-de-pouce-chauffage,C'est quoi la prime coup de pouce chauffage ? | ServicesArtisans | ServicesArtisans,text/html; charset=utf-8,false,200,0,false,og:typeog:urlog:descriptionog:title,"articlehttps://servicesartisans.fr/questions/prime-coup-de-pouce-chauffageLa prime coup de pouce chauffage est une bonification des CEE pour le remplacement d'une chaudière fioul ou gaz par une PAC, une chaudière biomasse ou un système solaire. Elle varie de 2 500 à 5 000 € selon les revenus, et est cumulable avec MaPrimeRénov'.C'est quoi la prime coup de pouce chauffage ? | ServicesArtisans",0,true,0
20,https://servicesartisans.fr/comparaison/climatisation-split-vs-gainable-vs-monobloc,Climatisation split vs gainable vs monobloc : laquelle choisir ? | ServicesArtisans,text/html; charset=utf-8,false,200,0,false,og:typeog:site_nameog:urlog:descriptionog:title,"articleServicesArtisanshttps://servicesartisans.fr/comparaison/climatisation-split-vs-gainable-vs-monoblocComparatif climatisation split, gainable et monobloc en 2026 : prix, performance, bruit, installation. Guide pour choisir votre système de climatisation.Climatisation split vs gainable vs monobloc : laquelle choisir ?",0,true,0
20,https://servicesartisans.fr/blog/tag/certifications,Certifications — Articles & Guides | ServicesArtisans | ServicesArtisans,text/html; charset=utf-8,false,200,0,false,og:typeog:localeog:urlog:descriptionog:title,"websitefr_FRhttps://servicesartisans.fr/blog/tag/certificationsTous les articles sur certifications : conseils, prix, réglementation et guides pratiques par les experts ServicesArtisans.Certifications — Articles & Guides | ServicesArtisans",0,true,0
20,https://servicesartisans.fr/guides/aides-renovation-2026,Aides Rénovation Énergétique 2026 — Guide Complet | ServicesArtisans,text/html; charset=utf-8,false,200,0,false,og:typeog:site_nameog:urlog:descriptionog:title,"articleServicesArtisanshttps://servicesartisans.fr/guides/aides-renovation-2026Guide exhaustif des aides financières pour rénover votre logement en 2026 : montants, conditions, cumul possible.Toutes les Aides à la Rénovation Énergétique en 2026",0,true,0
20,https://servicesartisans.fr/comparaison/piscine-coque-vs-beton-vs-hors-sol,Piscine coque vs béton vs hors-sol : laquelle choisir ? | ServicesArtisans,text/html; charset=utf-8,false,200,0,false,og:typeog:site_nameog:urlog:descriptionog:title,"articleServicesArtisanshttps://servicesartisans.fr/comparaison/piscine-coque-vs-beton-vs-hors-solComparatif piscine coque, béton et hors-sol en 2026 : prix, durée de vie, délais, entretien. Guide complet pour choisir votre piscine.Piscine coque vs béton vs hors-sol : laquelle choisir ?",0,true,0
20,https://servicesartisans.fr/blog/tag/electricien,Électricien — Articles & Guides | ServicesArtisans | ServicesArtisans,text/html; charset=utf-8,false,200,0,false,og:typeog:localeog:urlog:descriptionog:title,"websitefr_FRhttps://servicesartisans.fr/blog/tag/electricienTous les articles sur électricien : conseils, prix, réglementation et guides pratiques par les experts ServicesArtisans.Électricien — Articles & Guides | ServicesArtisans",0,true,0
20,https://servicesartisans.fr/questions/canalisation-bouchee-urgence,Canalisation bouchée en urgence : que faire ? | ServicesArtisans | ServicesArtisans,text/html; charset=utf-8,false,200,0,false,og:typeog:urlog:descriptionog:title,"articlehttps://servicesartisans.fr/questions/canalisation-bouchee-urgenceEssayez d'abord la ventouse, puis le mélange bicarbonate + vinaigre blanc. Si le bouchon persiste, utilisez un furet manuel. En cas d'échec ou de remontée d'eaux usées, appelez un plombier. Coût du débouchage pro : 100 à 350 €.Canalisation bouchée en urgence : que faire ? | ServicesArtisans",0,true,0
20,https://servicesartisans.fr/blog/tag/vitrage,Vitrage — Articles & Guides | ServicesArtisans | ServicesArtisans,text/html; charset=utf-8,false,200,0,false,og:typeog:localeog:urlog:descriptionog:title,"websitefr_FRhttps://servicesartisans.fr/blog/tag/vitrageTous les articles sur vitrage : conseils, prix, réglementation et guides pratiques par les experts ServicesArtisans.Vitrage — Articles & Guides | ServicesArtisans",0,true,0
20,https://servicesartisans.fr/blog/tag/devis,devis — Articles & Guides | ServicesArtisans | ServicesArtisans,text/html; charset=utf-8,false,200,0,false,og:typeog:localeog:urlog:descriptionog:title,"websitefr_FRhttps://servicesartisans.fr/blog/tag/devisTous les articles sur devis : conseils, prix, réglementation et guides pratiques par les experts ServicesArtisans.devis — Articles & Guides | ServicesArtisans",0,true,0
20,https://servicesartisans.fr/guides/garantie-decennale,Garantie Décennale : Tout Comprendre en 2026 | ServicesArtisans,text/html; charset=utf-8,false,200,0,false,og:typeog:site_nameog:urlog:descriptionog:title,"articleServicesArtisanshttps://servicesartisans.fr/guides/garantie-decennaleGuide complet sur la garantie décennale : définition, durée, travaux couverts, exclusions et démarches en cas de sinistre.Garantie Décennale : Tout Comprendre en 2026",0,true,0
20,https://servicesartisans.fr/blog/tag/saison,saison — Articles & Guides | ServicesArtisans | ServicesArtisans,text/html; charset=utf-8,false,200,0,false,og:typeog:localeog:urlog:descriptionog:title,"websitefr_FRhttps://servicesartisans.fr/blog/tag/saisonTous les articles sur saison : conseils, prix, réglementation et guides pratiques par les experts ServicesArtisans.saison — Articles & Guides | ServicesArtisans",0,true,0
20,https://servicesartisans.fr/blog/tag/lambris,lambris — Articles & Guides | ServicesArtisans | ServicesArtisans,text/html; charset=utf-8,false,200,0,false,og:typeog:localeog:urlog:descriptionog:title,"websitefr_FRhttps://servicesartisans.fr/blog/tag/lambrisTous les articles sur lambris : conseils, prix, réglementation et guides pratiques par les experts ServicesArtisans.lambris — Articles & Guides | ServicesArtisans",0,true,0
20,https://servicesartisans.fr/blog/tag/loire-atlantique,Loire-Atlantique — Articles & Guides | ServicesArtisans | ServicesArtisans,text/html; charset=utf-8,false,200,0,false,og:typeog:localeog:urlog:descriptionog:title,"websitefr_FRhttps://servicesartisans.fr/blog/tag/loire-atlantiqueTous les articles sur loire-atlantique : conseils, prix, réglementation et guides pratiques par les experts ServicesArtisans.Loire-Atlantique — Articles & Guides | ServicesArtisans",0,true,0
20,https://servicesartisans.fr/blog/tag/budget-travaux,Budget travaux — Articles & Guides | ServicesArtisans | ServicesArtisans,text/html; charset=utf-8,false,200,0,false,og:typeog:localeog:urlog:descriptionog:title,"websitefr_FRhttps://servicesartisans.fr/blog/tag/budget-travauxTous les articles sur budget travaux : conseils, prix, réglementation et guides pratiques par les experts ServicesArtisans.Budget travaux — Articles & Guides | ServicesArtisans",0,true,0
20,https://servicesartisans.fr/blog/tag/marseille,Marseille — Articles & Guides | ServicesArtisans | ServicesArtisans,text/html; charset=utf-8,false,200,0,false,og:typeog:localeog:urlog:descriptionog:title,"websitefr_FRhttps://servicesartisans.fr/blog/tag/marseilleTous les articles sur marseille : conseils, prix, réglementation et guides pratiques par les experts ServicesArtisans.Marseille — Articles & Guides | ServicesArtisans",0,true,0
20,https://servicesartisans.fr/blog/tag/souris,Souris — Articles & Guides | ServicesArtisans | ServicesArtisans,text/html; charset=utf-8,false,200,0,false,og:typeog:localeog:urlog:descriptionog:title,"websitefr_FRhttps://servicesartisans.fr/blog/tag/sourisTous les articles sur souris : conseils, prix, réglementation et guides pratiques par les experts ServicesArtisans.Souris — Articles & Guides | ServicesArtisans",0,true,0
20,https://servicesartisans.fr/blog/tag/reserves,Réserves — Articles & Guides | ServicesArtisans | ServicesArtisans,text/html; charset=utf-8,false,200,0,false,og:typeog:localeog:urlog:descriptionog:title,"websitefr_FRhttps://servicesartisans.fr/blog/tag/reservesTous les articles sur réserves : conseils, prix, réglementation et guides pratiques par les experts ServicesArtisans.Réserves — Articles & Guides | ServicesArtisans",0,true,0
20,https://servicesartisans.fr/comparaison/gouttiere-zinc-vs-alu-vs-pvc,Gouttière zinc vs aluminium vs PVC : laquelle choisir ? | ServicesArtisans,text/html; charset=utf-8,false,200,0,false,og:typeog:site_nameog:urlog:descriptionog:title,"articleServicesArtisanshttps://servicesartisans.fr/comparaison/gouttiere-zinc-vs-alu-vs-pvcComparatif gouttières zinc, aluminium et PVC en 2026 : prix au mètre linéaire, durée de vie, entretien, esthétique. Guide pour choisir vos gouttières.Gouttière zinc vs aluminium vs PVC : laquelle choisir ?",0,true,0
20,https://servicesartisans.fr/blog/tag/prix-par-departement,Prix par département — Articles & Guides | ServicesArtisans | ServicesArtisans,text/html; charset=utf-8,false,200,0,false,og:typeog:localeog:urlog:descriptionog:title,"websitefr_FRhttps://servicesartisans.fr/blog/tag/prix-par-departementTous les articles sur prix par département : conseils, prix, réglementation et guides pratiques par les experts ServicesArtisans.Prix par département — Articles & Guides | ServicesArtisans",0,true,0
20,https://servicesartisans.fr/blog/tag/incendie,Incendie — Articles & Guides | ServicesArtisans | ServicesArtisans,text/html; charset=utf-8,false,200,0,false,og:typeog:localeog:urlog:descriptionog:title,"websitefr_FRhttps://servicesartisans.fr/blog/tag/incendieTous les articles sur incendie : conseils, prix, réglementation et guides pratiques par les experts ServicesArtisans.Incendie — Articles & Guides | ServicesArtisans",0,true,0
20,https://servicesartisans.fr/blog/categorie/reglementation,Réglementation Bâtiment 2026 : ce qui change | ServicesArtisans,text/html; charset=utf-8,false,200,0,false,og:typeog:localeog:urlog:descriptionog:title,"websitefr_FRhttps://servicesartisans.fr/blog/categorie/reglementationRéglementation travaux 2026 : permis, décennale, normes NF C 15-100, RE2020. Vos droits et obligations expliqués simplement.Réglementation Bâtiment 2026 : ce qui change",0,true,0
20,https://servicesartisans.fr/blog/tag/arnaques,Arnaques — Articles & Guides | ServicesArtisans | ServicesArtisans,text/html; charset=utf-8,false,200,0,false,og:typeog:localeog:urlog:descriptionog:title,"websitefr_FRhttps://servicesartisans.fr/blog/tag/arnaquesTous les articles sur arnaques : conseils, prix, réglementation et guides pratiques par les experts ServicesArtisans.Arnaques — Articles & Guides | ServicesArtisans",0,true,0
20,https://servicesartisans.fr/questions/difference-artisan-entreprise,Quelle est la différence entre un artisan et une entreprise de travaux ? | ServicesArtisans | ServicesArtisans,text/html; charset=utf-8,false,200,0,false,og:typeog:urlog:descriptionog:title,articlehttps://servicesartisans.fr/questions/difference-artisan-entrepriseUn artisan travaille seul ou avec moins de 11 salariés et est inscrit au Répertoire des Métiers. Une entreprise de travaux est plus grande et dispose de plus de moyens mais facture souvent plus cher.Quelle est la différence entre un artisan et une entreprise de travaux ? | ServicesArtisans,0,true,0
20,https://servicesartisans.fr/guides/renovation-salle-de-bain,"Rénovation Salle de Bain : Étapes, Prix et Conseils 2026 | ServicesArtisans",text/html; charset=utf-8,false,200,0,false,og:typeog:site_nameog:urlog:descriptionog:title,"articleServicesArtisanshttps://servicesartisans.fr/guides/renovation-salle-de-bainToutes les étapes d'une rénovation de salle de bain, les prix détaillés par poste et les conseils d'artisans pour réussir votre projet.Rénovation Salle de Bain : Étapes, Prix et Conseils 2026",0,true,0
20,https://servicesartisans.fr/questions/prix-peinture-m2-maison,Quel est le prix de la peinture au m² en 2026 ? | ServicesArtisans | ServicesArtisans,text/html; charset=utf-8,false,200,0,false,og:typeog:urlog:descriptionog:title,"articlehttps://servicesartisans.fr/questions/prix-peinture-m2-maisonEn 2026, le prix de la peinture au m² varie de 20 à 45 € TTC (main-d'œuvre + fournitures) pour des murs intérieurs. Les plafonds coûtent 25 à 50 €/m² et une façade extérieure 30 à 80 €/m² selon l'état du support.Quel est le prix de la peinture au m² en 2026 ? | ServicesArtisans",0,true,0
20,https://servicesartisans.fr/blog/tag/bois-composite,Bois composite — Articles & Guides | ServicesArtisans | ServicesArtisans,text/html; charset=utf-8,false,200,0,false,og:typeog:localeog:urlog:descriptionog:title,"websitefr_FRhttps://servicesartisans.fr/blog/tag/bois-compositeTous les articles sur bois composite : conseils, prix, réglementation et guides pratiques par les experts ServicesArtisans.Bois composite — Articles & Guides | ServicesArtisans",0,true,0
20,https://servicesartisans.fr/blog/tag/conseils,Conseils — Articles & Guides | ServicesArtisans | ServicesArtisans,text/html; charset=utf-8,false,200,0,false,og:typeog:localeog:urlog:descriptionog:title,"websitefr_FRhttps://servicesartisans.fr/blog/tag/conseilsTous les articles sur conseils : conseils, prix, réglementation et guides pratiques par les experts ServicesArtisans.Conseils — Articles & Guides | ServicesArtisans",0,true,0
20,https://servicesartisans.fr/blog/tag/assainissement,Assainissement — Articles & Guides | ServicesArtisans | ServicesArtisans,text/html; charset=utf-8,false,200,0,false,og:typeog:localeog:urlog:descriptionog:title,"websitefr_FRhttps://servicesartisans.fr/blog/tag/assainissementTous les articles sur assainissement : conseils, prix, réglementation et guides pratiques par les experts ServicesArtisans.Assainissement — Articles & Guides | ServicesArtisans",0,true,0
20,https://servicesartisans.fr/questions/verifier-fiabilite-artisan,Comment vérifier qu'un artisan est fiable ? | ServicesArtisans | ServicesArtisans,text/html; charset=utf-8,false,200,0,false,og:typeog:urlog:descriptionog:title,"articlehttps://servicesartisans.fr/questions/verifier-fiabilite-artisanVérifiez le SIRET sur societe.com, l'assurance décennale auprès de l'assureur, les avis Google et les références de chantiers. Un artisan fiable fournit un devis détaillé, ne demande pas plus de 30 % d'acompte et communique clairement sur les délais.Comment vérifier qu'un artisan est fiable ? | ServicesArtisans",0,true,0
