keyword,volume,kd,cpc,intent_trans,intent_comm,intent_info,hellio_pos,sonergia_pos,selectra_pos,effy_pos,france_renov_pos,sa_pos,best_url_competitor
plafond cheque energie,2600,31,2,False,False,True,1,,,,,,https://particulier.hellio.com/blog/financement/plafond-cheque-energie
robinet thermostatique,8600,0,12,False,True,True,1,,,,8,,https://copropriete.hellio.com/blog/conseils/robinet-thermostatique
ma prime renov,57000,67,136,False,False,True,10,,,7,4,,https://particulier.hellio.com/blog/financement/ma-prime-renov
seche linge pompe a chaleur,17000,1,21,False,True,True,2,,,,,,https://particulier.hellio.com/blog/conseils/seche-linge-pompe-chaleur-condensation
panneau solaire plug and play,14000,8,52,False,True,True,9,,,,,,https://particulier.hellio.com/guide-solaire/types/panneau-plug-and-play
dpe e location,1400,1,2,False,False,True,1,,,,,,https://faq.hellio.com/location-logement-classe-e-dpe
ombrière photovoltaique,1400,2,110,False,False,True,1,,,,,,https://particulier.hellio.com/guide-solaire/utilisation/panneau-solaire-voiture/ombriere-photovoltaique
ma prime renov 2026,12000,69,127,False,False,True,9,,,11,4,,https://particulier.hellio.com/blog/financement/maprimerenov-2026
seche linge condensation,15000,0,16,False,True,True,7,,,,,,https://particulier.hellio.com/blog/conseils/seche-linge-pompe-chaleur-condensation
ma prime renov 2024,6300,77,127,False,False,True,6,,,4,4,,https://particulier.hellio.com/blog/financement/maprimerenov-2024
dpe f location,900,4,1,False,False,True,1,,,,,,https://copropriete.hellio.com/blog/actualites/interdiction-location-dpe-f-g
location dpe f,800,3,1,False,False,True,1,,,,,,https://copropriete.hellio.com/blog/actualites/interdiction-location-dpe-f-g
aide panneau solaire,3700,13,43,False,False,True,4,,,,,,https://particulier.hellio.com/guide-solaire/aides/prix-panneau-solaire/gratuit
ma prime rénov 2025,4100,49,149,False,False,True,5,,,,3,,https://particulier.hellio.com/blog/financement/maprimerenov-2025
dpe obligatoire,4800,39,35,False,False,True,5,,,,,,https://particulier.hellio.com/blog/conseils/dpe-obligatoire
location dpe e,700,1,1,False,False,True,1,,,,,,https://faq.hellio.com/location-logement-classe-e-dpe
cache pompe à chaleur,3000,15,19,True,True,True,6,,,,,,https://particulier.hellio.com/blog/conseils/cache-pompe-chaleur
prix ravalement façade maison 100m2,600,0,93,False,False,True,1,,,,,,https://copropriete.hellio.com/blog/renovation-energetique/prix-ravalement-facade
prime renov 2025,4300,64,117,False,False,True,7,,,,6,,https://particulier.hellio.com/blog/financement/maprimerenov-2025
ma prime adapt 2025,3400,31,83,False,False,True,6,,,,3,,https://particulier.hellio.com/blog/financement/ma-prime-adapt
eurocombles avis,1400,0,88,False,False,True,2,,,,,,https://particulier.hellio.com/blog/travaux/isolation-soufflee
vmc appartement,600,0,17,False,False,True,1,,,,,,https://copropriete.hellio.com/blog/renovation-energetique/vmc-appartement
chaudiere fioul,2300,0,45,False,True,True,5,,,,,,https://particulier.hellio.com/blog/actualites/interdiction-chaudieres-fioul
panneau solaire avec batterie,3400,13,106,False,True,True,5,,,,,,https://particulier.hellio.com/guide-solaire/pieces/batterie-panneau-solaire/photovoltaique
chauffage collectif date,1500,0,6,False,False,True,3,,,,,,https://copropriete.hellio.com/blog/actualites/dates-chauffage-collectif
robinet thermostatique radiateur,3400,0,8,True,True,True,3,,,,,,https://copropriete.hellio.com/blog/conseils/robinet-thermostatique
prime renov,21000,66,113,False,False,True,15,,,3,3,,https://particulier.hellio.com/blog/financement/ma-prime-renov
rendement panneau solaire,3000,6,71,False,False,True,8,,,5,,,https://particulier.hellio.com/guide-solaire/tag/rendement-dun-panneau-solaire
dpe f,1500,0,2,False,False,True,4,,,3,,,https://faq.hellio.com/location-logement-classe-f-dpe
dpe g location,400,0,1,False,False,True,1,,,,,,https://faq.hellio.com/interdiction-location-logements-g
dpe vierge,1500,0,3,False,False,True,5,,,,,,https://faq.hellio.com/dpe-vierge-interdiction-location
prime cee,8500,48,115,False,False,True,8,,,,9,,https://particulier.hellio.com/blog/financement/prime-cee
dpe collectif,900,11,33,False,False,True,3,,,,,,https://copropriete.hellio.com/blog/conseils/dpe-collectif
ma prime rénov mon compte,1500,60,77,False,False,True,4,,,,9,,https://faq.hellio.com/connexion-maprimerenov
dpe d,2100,1,6,False,False,True,5,9,,3,,,https://faq.hellio.com/location-logement-classe-d
panneau solaire gratuit,450,5,272,False,False,True,1,,,5,,,https://particulier.hellio.com/guide-solaire/aides/prix-panneau-solaire/gratuit
chauffage d'appoint économique,2200,0,8,False,False,True,6,,,,,,https://particulier.hellio.com/blog/conseils/chauffage-appoint-economique
vmr ventilation,250,0,12,False,False,True,1,,,,,,https://particulier.hellio.com/blog/conseils/ventilation-mecanique-repartie
granules de bois,1500,16,31,False,True,True,6,,,,,,https://particulier.hellio.com/blog/conseils/composition-granules-bois
qui a droit au cheque energie,1300,45,6,False,False,True,6,,,,,,https://particulier.hellio.com/blog/financement/qui-a-droit-cheque-energie
simulation cheque energie,3200,30,34,False,False,True,7,,,,,,https://particulier.hellio.com/blog/financement/simulation-cheque-energie
ravalement de façade,11000,3,151,False,False,True,10,,,5,,,https://copropriete.hellio.com/blog/renovation-energetique/aide-ravalement-facade
charge de copropriété locataire,150,1,2,False,False,True,1,,,,,,https://copropriete.hellio.com/blog/vie-copro/charges-copropriete-locataire
bilan energetique,1800,12,92,False,False,True,5,,,4,1,,https://particulier.hellio.com/blog/conseils/bilan-energetique-maison
pompe à chaleur appartement,800,0,62,False,False,True,3,,,,,,https://copropriete.hellio.com/blog/renovation-energetique/pompe-chaleur-appartement-sans-unite-exterieure
chaudière fioul,1300,1,45,False,True,True,5,,,,,,https://particulier.hellio.com/blog/actualites/interdiction-chaudieres-fioul
date chauffage collectif,700,0,6,False,False,True,3,,,,,,https://copropriete.hellio.com/blog/actualites/dates-chauffage-collectif
dpe d location,250,0,11,False,False,True,1,,,,,,https://faq.hellio.com/location-logement-classe-d
isolation toiture exterieur,200,1,42,False,False,True,1,,,,,,https://particulier.hellio.com/blog/travaux/isolation-toiture-exterieur
centrale photovoltaique au sol,300,2,116,False,False,True,1,,,,,,https://www.hellio.com/actualites/conseils/centrale-photovoltaique
cheque energie eligibilite,1500,31,18,False,False,True,3,,,,,,https://particulier.hellio.com/blog/financement/plafond-cheque-energie
maprimerenov 2026,2300,68,107,False,False,True,8,,,13,3,,https://particulier.hellio.com/blog/financement/maprimerenov-2026
thermostat connecté gratuit,700,3,40,False,False,True,3,,,,,,https://particulier.hellio.com/blog/conseils/thermostat-connecte-gratuit
comment beneficier du cheque energie,450,45,12,False,False,True,3,,,,,,https://particulier.hellio.com/blog/financement/qui-a-droit-cheque-energie
panneau solaire balcon,600,5,49,True,True,True,3,,,,,,https://copropriete.hellio.com/blog/conseils/panneau-solaire-appartement
installation solaire,1100,54,237,False,True,True,6,,,,,,https://particulier.hellio.com/guide-solaire/utilisation/panneau-solaire-maison/installation
nouveau dpe,1100,20,1,False,False,True,5,,,,,,https://particulier.hellio.com/blog/conseils/reforme-dpe
location dpe,1000,5,5,False,False,True,4,,,,,,https://copropriete.hellio.com/blog/actualites/interdiction-location-dpe-f-g
ma prime rénov,4300,67,123,False,False,True,11,,,,3,,https://particulier.hellio.com/blog/financement/ma-prime-renov
ma prime rénov 2025 : tableau,1000,59,67,False,False,True,5,,,,6,,https://particulier.hellio.com/blog/financement/maprimerenov-2025
nouvelle réglementation panneaux photovoltaïques,200,9,39,False,False,True,1,,,,,,https://www.hellio.com/actualites/reglementation/nouvelle-reglementation-panneaux-photovoltaiques
location dpe g,200,0,2,False,False,True,1,,,,,,https://faq.hellio.com/interdiction-location-logements-g
calendrier dpe,150,0,4,False,False,True,4,,,,,,https://particulier.hellio.com/blog/actualites/calendrier-interdiction-location-dpe
chauffage collectif,1300,0,29,False,False,True,6,,,,,,https://copropriete.hellio.com/blog/actualites/dates-chauffage-collectif
seche linge pompe a chaleur ou condensation,1300,0,10,False,True,True,7,,,,,,https://particulier.hellio.com/blog/conseils/seche-linge-pompe-chaleur-condensation
location dpe d,200,0,14,False,False,True,1,,,,,,https://faq.hellio.com/location-logement-classe-d
leads isolation,200,0,346,True,True,True,1,,,,,,https://pro.hellio.com/blog/conseils/leads-isolation
coupure chauffage collectif,200,0,,False,False,True,1,,,,,,https://copropriete.hellio.com/blog/actualites/dates-chauffage-collectif
schema isolation mur interieur,600,2,8,False,False,True,3,,,,,,https://particulier.hellio.com/blog/travaux/isolation-mur-interieur
pergola solaire,5900,1,119,False,True,True,12,,,14,,,https://particulier.hellio.com/guide-solaire/utilisation/panneau-solaire-maison/pergola
réglementation vmc copropriété,200,1,6,False,False,True,1,,,,,,https://copropriete.hellio.com/blog/conseils/vmc-reglementation
prix ravalement façade immeuble,200,0,81,False,False,True,1,,,,,,https://copropriete.hellio.com/blog/renovation-energetique/prix-ravalement-facade
photovoltaique batiment industriel,200,3,121,False,False,True,1,,,,,,https://www.hellio.com/actualites/conseils/panneaux-photovoltaiques-batiment-industriel
ma prime renov simulation,2200,72,211,False,False,True,9,,,,2,,https://particulier.hellio.com/blog/financement/simulation-ma-prime-renov
rge panneau solaire,200,2,273,False,False,True,1,,,,,,https://faq.hellio.com/installateur-rge-panneaux-solaires
chauffage collectif hlm,300,0,110,False,False,True,1,,,,,,https://logementsocial.hellio.com/blog/travaux/chauffage
interdiction location dpe e,600,1,2,False,False,True,3,,,,,,https://faq.hellio.com/location-logement-classe-e-dpe
ombrière solaire particulier,200,1,81,False,True,True,1,,,,,,https://particulier.hellio.com/guide-solaire/utilisation/panneau-solaire-voiture/ombriere-photovoltaique
sèche linge à condensation,4600,0,16,False,True,True,9,,,,,,https://particulier.hellio.com/blog/conseils/seche-linge-pompe-chaleur-condensation
dpe 2025,800,68,15,False,False,True,5,,,,,,https://particulier.hellio.com/blog/actualites/dpe-2025
isolation par soufflage inconvénient,150,0,17,False,False,True,1,,,,,,https://particulier.hellio.com/blog/travaux/isolation-soufflee
prix ravalement de facade immeuble,150,0,68,False,False,True,1,,,,,,https://copropriete.hellio.com/blog/renovation-energetique/prix-ravalement-facade
nouvelle loi ravalement de façade,150,3,66,False,False,True,1,,,,,,https://copropriete.hellio.com/blog/renovation-energetique/ravalement-facade-loi
surface panneau solaire,200,4,79,False,False,True,5,,,,,,https://faq.hellio.com/dimensions-panneau-photovoltaique
les répartiteurs de frais de chauffage que faut-il en penser,150,0,57,False,False,True,1,,,,,,https://copropriete.hellio.com/blog/conseils/repartiteur-frais-chauffage
ombrière photovoltaïque particulier,150,1,151,False,True,True,1,,,,,,https://particulier.hellio.com/guide-solaire/utilisation/panneau-solaire-voiture/ombriere-photovoltaique
prix granulés bois,1200,1,26,False,True,True,8,,,,,,https://particulier.hellio.com/blog/conseils/prix-granule-bois
vmc immeuble collectif,200,0,31,False,False,True,1,,,,,,https://copropriete.hellio.com/blog/conseils/vmc-immeuble-collectif
panneau solaire batterie,900,7,65,False,True,True,5,,,,,,https://particulier.hellio.com/guide-solaire/utilisation/panneau-solaire-maison/batterie
ventilation mécanique répartie,150,0,16,False,False,True,2,,,,,,https://particulier.hellio.com/blog/conseils/ventilation-mecanique-repartie
dpe opposable,90,0,23,False,False,True,1,,,,,,https://particulier.hellio.com/blog/conseils/dpe-opposable
location appartement dpe e,150,0,6,False,False,True,1,,,,,,https://faq.hellio.com/location-logement-classe-e-dpe
réforme dpe,350,33,1,False,False,True,2,,,,,,https://particulier.hellio.com/blog/conseils/reforme-dpe
chauffage copropriété,200,0,141,False,False,True,1,,,,,,https://copropriete.hellio.com/blog/conseils/chauffage-collectif
logiciel dpe,100,3,26,False,False,True,1,,,,,,https://pro.hellio.com/blog/conseils/logiciel-dpe
calendrier interdiction location dpe,250,1,1,False,False,True,3,,,,,,https://particulier.hellio.com/blog/actualites/calendrier-interdiction-location-dpe
dpe c,1100,0,4,False,False,True,6,,,3,,,https://particulier.hellio.com/blog/conseils/classe-c-dpe
ma prime rénov panneau solaire,600,13,202,False,False,True,5,,,,,,https://faq.hellio.com/maprimerenov-panneaux-photovoltaiques
prime panneau solaire,1500,26,28,False,False,True,7,8,,,,,https://faq.hellio.com/qui-verse-prime-autoconsommation-photovoltaique
hangar photovoltaique gratuit,80,4,133,False,False,True,1,,,,,,https://www.hellio.com/actualites/conseils/hangar-photovoltaique-gratuit
maprimerenov 2025,1100,51,151,False,False,True,7,,,,3,,https://particulier.hellio.com/blog/financement/maprimerenov-2025
dpe nouvelle réglementation,1600,25,8,False,False,True,9,13,,,,,https://particulier.hellio.com/blog/actualites/nouveau-diagnostic-performance-energetique
ombrière photovoltaique parking,500,7,115,False,False,True,4,,,,,,https://www.hellio.com/actualites/conseils/ombriere-parking
location appartement dpe f,150,2,5,False,False,True,1,,,,,,https://copropriete.hellio.com/blog/actualites/interdiction-location-dpe-f-g
vmc collective,400,0,34,False,False,True,2,,,,,,https://copropriete.hellio.com/blog/conseils/vmc-immeuble-collectif
seche linge pompe à chaleur,600,1,21,False,True,True,7,,,,,,https://particulier.hellio.com/blog/conseils/seche-linge-pompe-chaleur-condensation
ombrières photovoltaïques,500,5,102,False,False,True,6,,,,,,https://particulier.hellio.com/guide-solaire/utilisation/panneau-solaire-voiture/ombriere-photovoltaique
etape isolation exterieur,150,0,75,False,False,True,1,,,,,,https://faq.hellio.com/etapes-chantier-isolation-thermique-exterieur
répartiteur de chauffage,350,1,83,False,False,True,7,,,,,,https://copropriete.hellio.com/blog/conseils/repartiteur-frais-chauffage
prime renov fenetre,500,76,101,False,False,True,4,,,,5,,https://particulier.hellio.com/blog/financement/ma-prime-renov-fenetres
granulés bois,1500,6,31,False,True,True,11,,,,,,https://particulier.hellio.com/blog/conseils/composition-granules-bois
aide installation panneau solaire,500,30,336,False,False,True,4,,,,,,https://particulier.hellio.com/guide-solaire/aides/prix-panneau-solaire/gratuit
cee isolation exterieur,150,2,177,False,False,True,1,,,,,,https://particulier.hellio.com/blog/financement/cee-isolation-exterieure
fonctionnement panneau solaire plug and play,150,5,50,False,False,True,1,,,,,,https://particulier.hellio.com/guide-solaire/types/panneau-plug-and-play
lead pompe a chaleur,150,0,546,False,True,True,1,,,,,,https://pro.hellio.com/blog/conseils/leads-pompe-chaleur
ma prime renov 2025,1500,65,149,False,False,True,9,,,,3,,https://particulier.hellio.com/blog/financement/maprimerenov-2025
sous station chauffage,150,0,84,False,False,True,1,,,,,,https://www.hellio.com/actualites/conseils/sous-station-chauffage
chauffage collectif copropriété,150,1,2,False,False,True,1,,,,,,https://copropriete.hellio.com/blog/conseils/chauffage-collectif
aide coup de pouce,150,1,85,False,False,True,1,,,,,,https://faq.hellio.com/definition-coup-pouce-economies-energie
ombrière solaire,500,2,81,False,False,True,3,,,,,,https://particulier.hellio.com/guide-solaire/utilisation/panneau-solaire-voiture/ombriere-photovoltaique
vmc collective immeuble,100,0,26,False,False,True,1,,,,,,https://copropriete.hellio.com/blog/conseils/vmc-immeuble-collectif
granule bois,700,3,31,False,True,True,7,,,,,,https://particulier.hellio.com/blog/conseils/composition-granules-bois
maprimerenov telephone,300,9,111,False,False,True,5,,,,4,,https://faq.hellio.com/comment-contacter-maprimerenov
cee copropriété,100,0,98,False,False,True,1,,,,,,https://copropriete.hellio.com/blog/renovation-energetique/prime-cee
revente surplus photovoltaïque sans rge,450,0,23,False,False,True,4,,,,,,https://particulier.hellio.com/guide-solaire/utilisation/panneau-solaire-maison/toiture/reglementation/revente-surplus-photovoltaique-sans-rge
centrale photovoltaïque au sol,100,2,88,False,False,True,1,,,,,,https://www.hellio.com/actualites/conseils/centrale-photovoltaique
isolation mur creux,90,0,55,False,False,True,1,,,,,,https://particulier.hellio.com/blog/conseils/isolation-mur-creux
différence panneau solaire thermique et photovoltaïque,100,3,78,False,False,True,1,,,,,,https://particulier.hellio.com/guide-solaire/fonctionnement/panneau-solaire-ou-photovoltaique
reglementation installation panneau solaire,100,29,100,False,False,True,1,,,,,,https://particulier.hellio.com/guide-solaire/utilisation/panneau-solaire-maison/toiture/reglementation
isolation copropriété,100,0,55,False,False,True,1,,,,,,https://copropriete.hellio.com/blog/renovation-energetique/obligation-isolation-thermique
interdiction location dpe f,250,0,1,False,False,True,3,,,,,,https://copropriete.hellio.com/blog/actualites/interdiction-location-dpe-f-g
panneau solaire plug and play comment ça marche,100,4,55,False,False,True,1,,,,,,https://particulier.hellio.com/guide-solaire/types/panneau-plug-and-play
panneaux solaires avec batterie,700,11,104,False,True,True,6,,,,,,https://particulier.hellio.com/guide-solaire/utilisation/panneau-solaire-maison/batterie
enlèvement cuve fioul gratuit,900,1,47,False,False,True,7,,,,4,,https://particulier.hellio.com/blog/travaux/depose-cuve-fioul
réglementation chauffage immeuble collectif,400,1,2,False,False,True,4,,,,,,https://copropriete.hellio.com/blog/conseils/reglementation-chauffage-immeuble-collectif
période de chauffe,150,0,,False,False,True,1,,,,,,https://copropriete.hellio.com/blog/actualites/dates-chauffage-collectif
location logement dpe e,100,0,9,False,False,True,1,,,,,,https://faq.hellio.com/location-logement-classe-e-dpe
ombrière photovoltaïque parking,150,5,82,False,False,True,2,,,,,,https://www.hellio.com/actualites/conseils/ombriere-parking
interdiction location dpe,300,1,1,False,False,True,3,,,2,,,https://copropriete.hellio.com/blog/actualites/interdiction-location-dpe-f-g
seuil cheque energie,100,3,1,False,False,True,1,,,,,,https://particulier.hellio.com/blog/financement/plafond-cheque-energie
répartiteur de frais de chauffage,600,2,70,False,False,True,5,,,,,,https://copropriete.hellio.com/blog/conseils/repartiteur-frais-chauffage
dpe f interdit location,100,5,1,False,False,True,1,,,,,,https://copropriete.hellio.com/blog/actualites/interdiction-location-dpe-f-g
cheque energie montant,700,28,2,False,False,True,4,,,,,,https://particulier.hellio.com/blog/financement/montant-cheque-energie
pompe à chaleur appartement copropriété,70,0,69,False,False,True,1,,,,,,https://copropriete.hellio.com/blog/renovation-energetique/pompe-chaleur-appartement
pompe a chaleur immeuble,100,0,42,False,False,True,1,,,,,,https://copropriete.hellio.com/blog/renovation-energetique/pompe-chaleur-immeuble-collectif
logement dpe f,100,1,11,False,False,True,1,,,,,,https://faq.hellio.com/location-logement-classe-f-dpe
chaudières fioul,100,2,45,False,False,True,1,,,,,,https://particulier.hellio.com/blog/actualites/interdiction-chaudieres-fioul
location logement dpe f,100,2,9,False,False,True,1,,,,,,https://faq.hellio.com/location-logement-classe-f-dpe
cee précarité,90,0,50,False,False,True,1,,,,,,https://www.hellio.com/actualites/reglementation/cee-precarite
dpe et location en cours,100,0,7,False,False,True,1,,,,,,https://particulier.hellio.com/blog/conseils/dpe-location
pompe a chaleur appartement en copropriete,100,0,109,False,False,True,1,,,,,,https://copropriete.hellio.com/blog/renovation-energetique/pompe-chaleur-appartement
prix ravalement façade,700,0,90,False,False,True,7,,,,,,https://copropriete.hellio.com/blog/renovation-energetique/prix-ravalement-facade
audit energetique maison,900,33,74,False,False,True,8,,,,7,,https://particulier.hellio.com/blog/conseils/audit-energetique
ravalement de façade prix immeuble,100,0,68,False,False,True,1,,,,,,https://copropriete.hellio.com/blog/renovation-energetique/prix-ravalement-facade
thermostatique,700,2,26,False,True,True,4,,,,,,https://copropriete.hellio.com/blog/conseils/robinet-thermostatique
crédit impôt isolation,450,51,,False,False,True,4,,,,,,https://particulier.hellio.com/blog/financement/credit-impot-isolation
dpe en e location,100,0,7,False,False,True,1,,,,,,https://faq.hellio.com/location-logement-classe-e-dpe
assemblée générale extraordinaire copropriété urgence,60,0,,False,False,True,1,,,,,,https://copropriete.hellio.com/blog/vie-copro/assemblee-generale-extraordinaire-copropriete
ma prime renov jaune,100,44,55,False,False,True,1,,,,,,https://particulier.hellio.com/blog/financement/maprimerenov-jaune
chaudiere au fioul,100,2,56,False,False,True,1,,,,,,https://particulier.hellio.com/blog/actualites/interdiction-chaudieres-fioul
dpe vierge nouvelle réglementation,90,1,22,False,False,True,1,,,,,,https://particulier.hellio.com/blog/conseils/dpe-vierge
vmc pour appartement,90,0,23,False,False,True,1,,,,,,https://copropriete.hellio.com/blog/renovation-energetique/vmc-appartement
aide photovoltaique,450,35,255,False,False,True,5,,,,,,https://particulier.hellio.com/guide-solaire/aides/prix-panneau-solaire/gratuit
isolation intérieure,1200,1,68,False,False,True,10,,,,4,,https://copropriete.hellio.com/blog/renovation-energetique/isolation-murs-interieurs-appartement
centrale solaire photovoltaïque,1100,6,109,False,False,True,5,,,,,,https://www.hellio.com/actualites/conseils/centrale-photovoltaique
seche linge condensation c'est quoi,400,0,5,False,False,True,1,,,,,,https://particulier.hellio.com/blog/conseils/seche-linge-pompe-chaleur-condensation
seuil dpe,500,35,9,False,False,True,6,8,,,,,https://particulier.hellio.com/blog/conseils/dpe-petites-surfaces
simulation ma prime renov,450,73,237,False,False,True,5,,,,1,,https://particulier.hellio.com/blog/financement/simulation-ma-prime-renov
chauffage pour appartement mal isolé,90,0,96,False,False,True,1,,,,,,https://copropriete.hellio.com/blog/renovation-energetique/chauffage-appartement-mal-isole
aides de l'état panneaux solaires,90,0,267,False,False,True,1,,,,,,https://particulier.hellio.com/guide-solaire/aides/panneau-solaire-anah
dpe e et location,90,0,8,False,False,True,1,,,,,,https://faq.hellio.com/location-logement-classe-e-dpe
dpe collectif obligatoire,700,7,13,False,False,True,7,,,,,,https://copropriete.hellio.com/blog/conseils/dpe-collectif
dpe location e,90,2,9,False,False,True,1,,,,,,https://faq.hellio.com/location-logement-classe-e-dpe
dpe immeuble,350,11,55,False,False,True,4,,,,,,https://copropriete.hellio.com/blog/conseils/dpe-collectif
isolation par l'extérieur 1€,250,0,200,False,False,True,4,,,1,,,https://particulier.hellio.com/blog/travaux/isolation-exterieur-1-euro
robinets thermostatiques,450,1,12,True,True,True,5,,,,,,https://copropriete.hellio.com/blog/conseils/robinet-thermostatique
panneaux solaires copropriété,90,4,114,False,False,True,1,,,,,,https://copropriete.hellio.com/blog/conseils/panneaux-solaires-immeuble
interdiction location dpe f et g,300,28,1,False,False,True,4,,,,,,https://copropriete.hellio.com/blog/actualites/interdiction-location-dpe-f-g
centrale photovoltaique,1300,8,95,False,False,True,5,,,,,,https://www.hellio.com/actualites/conseils/centrale-photovoltaique
prime coup de pouce chauffage,500,33,158,False,False,True,6,,,,,,https://particulier.hellio.com/blog/financement/coup-pouce-chauffage
aide ravalement façade sans isolation extérieur,350,0,94,False,False,True,4,,,,,,https://copropriete.hellio.com/blog/renovation-energetique/aide-ravalement-facade
prime renov residence secondaire,90,0,34,False,False,True,1,5,,,,,https://faq.hellio.com/ma-prime-renov-residence-secondaire
vmc copropriété,80,0,,False,False,True,1,,,,,,https://copropriete.hellio.com/blog/conseils/vmc-reglementation
cheque energie date,500,6,4,False,False,True,5,,,,,,https://particulier.hellio.com/blog/financement/date-cheque-energie
répartiteur de frais de chauffage fonctionnement,90,2,,False,False,True,1,,,,,,https://copropriete.hellio.com/blog/conseils/repartiteur-frais-chauffage
aide pour vmc double flux,80,1,110,False,False,True,1,,,,,,https://particulier.hellio.com/blog/conseils/aides-vmc-double-flux
audit dpe,500,36,67,False,False,True,6,,,,,,https://particulier.hellio.com/blog/conseils/audit-dpe
eco habitat energie,600,0,153,False,False,True,7,,,,,,https://rge.hellio.com/entreprises/134924209697904
plan hangar photovoltaique,80,3,,False,False,True,1,,,,,,https://www.hellio.com/actualites/conseils/hangar-photovoltaique-gratuit
bâtiment solaire gratuit attention,200,4,131,False,False,True,2,,,,,,https://www.hellio.com/actualites/conseils/hangar-photovoltaique-gratuit
obligation isolation thermique copropriété,200,0,13,False,False,True,3,,,,,,https://copropriete.hellio.com/blog/renovation-energetique/obligation-isolation-thermique
comment ameliorer dpe,300,3,49,False,False,True,4,,,3,,,https://particulier.hellio.com/blog/conseils/ameliorer-dpe
interdiction location dpe d',80,2,17,False,False,True,1,,,,,,https://faq.hellio.com/location-logement-classe-d
différence entre seche linge pompe a chaleur et condensation,80,0,12,False,False,True,1,,,,,,https://particulier.hellio.com/blog/conseils/seche-linge-pompe-chaleur-condensation
rendement solaire,70,5,75,False,False,True,1,,,,,,https://particulier.hellio.com/guide-solaire/tag/rendement-dun-panneau-solaire
isoler un plafond,300,0,29,False,False,True,5,,,,,,https://particulier.hellio.com/blog/travaux/isolation-plafond
location appartement dpe g,80,1,8,False,False,True,1,,,,,,https://faq.hellio.com/interdiction-location-logements-g
installation panneau solaire avec batterie,450,9,208,False,False,True,4,,,,,,https://particulier.hellio.com/guide-solaire/utilisation/panneau-solaire-maison/batterie
seche linge condensation pompe a chaleur,450,0,10,True,True,True,2,,,,,,https://particulier.hellio.com/blog/conseils/seche-linge-pompe-chaleur-condensation
dpe interdiction location,300,3,1,False,False,True,4,,,3,,,https://copropriete.hellio.com/blog/actualites/interdiction-location-dpe-f-g
peinture photovoltaique,70,0,13,False,False,True,1,,,,,,https://www.hellio.com/actualites/conseils/peinture-photovoltaique
dpe vierge signification,90,0,,False,False,True,1,,,,,,https://particulier.hellio.com/blog/conseils/dpe-vierge
panneau solaire gratuit gouvernement,250,7,175,False,False,True,3,,,,,,https://particulier.hellio.com/guide-solaire/aides/prix-panneau-solaire/gratuit
chauffage individuel gaz logement social,80,0,73,False,False,True,1,,,,,,https://logementsocial.hellio.com/blog/travaux/chauffage
programmateur heures creuses chauffe-eau,200,0,13,False,False,True,2,,,,,,https://particulier.hellio.com/blog/conseils/programmateur-heures-creuses-chauffe-eau
dpe en f location,70,4,11,False,False,True,1,,,,,,https://faq.hellio.com/location-logement-classe-f-dpe
dpe classe d location,80,0,34,False,False,True,1,,,,,,https://faq.hellio.com/location-logement-classe-d
comment fonctionne un panneau solaire,450,7,7,False,False,True,5,,,,,,https://particulier.hellio.com/guide-solaire/types/panneau-plug-and-play
aide pour pompe à chaleur,350,34,116,False,False,True,6,,,,,,https://particulier.hellio.com/blog/financement/primes-pompe-chaleur
prime renov 2026,700,69,61,False,False,True,8,,,,4,,https://particulier.hellio.com/blog/financement/maprimerenov-2026
leads panneaux solaire,200,1,637,False,True,True,2,,,,,,https://pro.hellio.com/blog/conseils/lead-panneau-solaire
chaudière au fioul,350,1,53,False,False,True,4,,,,,,https://particulier.hellio.com/blog/actualites/interdiction-chaudieres-fioul
classe energetique pour louer,300,6,6,False,False,True,4,,,3,,,https://copropriete.hellio.com/blog/actualites/interdiction-location-dpe-f-g
chauffage hlm quel date,80,0,,False,False,True,1,,,,,,https://copropriete.hellio.com/blog/actualites/dates-chauffage-collectif
dpe e interdiction location,80,0,1,False,False,True,1,,,,,,https://faq.hellio.com/location-logement-classe-e-dpe
serre photovoltaïque,400,1,100,False,False,True,8,,,,,,https://www.hellio.com/actualites/conseils/serre-photovoltaique
chauffage collectif immeuble,100,1,86,False,False,True,1,,,,,,https://copropriete.hellio.com/blog/conseils/chauffage-collectif
panneaux solaires plug and play,2200,15,52,True,True,True,13,,,,,,https://particulier.hellio.com/guide-solaire/types/panneau-plug-and-play
copropriété chauffage collectif,60,2,73,False,False,True,1,,,,,,https://copropriete.hellio.com/blog/conseils/chauffage-collectif
aide panneau solaire professionnel,200,10,123,False,False,True,2,,,,,,https://www.hellio.com/actualites/conseils/aides-panneau-solaire-professionnel
sèche-linge condensation,1900,1,14,False,True,True,10,,,,,,https://particulier.hellio.com/blog/conseils/seche-linge-pompe-chaleur-condensation
cee sci,70,22,184,False,True,True,1,,,,,,https://www.hellio.com/actualites/conseils/aides-renovation-energetique-sci
aide borne de recharge entreprise,70,1,94,False,False,True,1,,,,,,https://www.hellio.com/actualites/conseils/subvention-borne-de-recharge-entreprise
dpe location interdite,70,1,4,False,False,True,1,,,,,,https://copropriete.hellio.com/blog/actualites/interdiction-location-dpe-f-g
taxe foncière et panneaux photovoltaïques,200,1,53,False,False,True,6,,,,,,https://faq.hellio.com/fiscalite-panneaux-solaires
ombriere panneau solaire,300,2,95,False,False,True,4,,,,,,https://particulier.hellio.com/guide-solaire/utilisation/panneau-solaire-voiture/ombriere-photovoltaique
isolation toiture par l'exterieur,350,0,23,False,False,True,6,,,,,,https://particulier.hellio.com/blog/travaux/isolation-toiture-exterieur
reforme dpe,200,34,1,False,False,True,2,,,,,,https://particulier.hellio.com/blog/conseils/reforme-dpe
nouveau dpe 2024,70,3,47,False,False,True,1,,,,,,https://particulier.hellio.com/blog/conseils/dpe-2024
batterie virtuelle solaire,500,4,57,False,False,True,17,,,,,,https://particulier.hellio.com/guide-solaire/pieces/batterie-panneau-solaire/virtuelle-physique
ma prime renov copropriété,350,18,25,False,False,True,5,,,,3,,https://copropriete.hellio.com/blog/actualites/replay-webinaire-ma-prime-renov-copropriete-2024
peinture solaire,70,0,12,False,False,True,1,,,,,,https://www.hellio.com/actualites/conseils/peinture-photovoltaique
qu'est-ce qu'un sèche-linge à condensation,70,0,20,False,False,True,1,,,,,,https://particulier.hellio.com/blog/conseils/seche-linge-pompe-chaleur-condensation
ombrière de parking photovoltaique,70,2,86,False,False,True,1,,,,,,https://www.hellio.com/actualites/conseils/ombriere-parking
dpe,89000,55,67,False,False,True,19,,,,,,https://particulier.hellio.com/blog/conseils/diagnostic-performance-energetique
ravalement de façade : prix m2,200,1,89,False,False,True,3,,,,,,https://copropriete.hellio.com/blog/renovation-energetique/prix-ravalement-facade
cheque energie pour qui,300,43,3,False,False,True,5,,,,,,https://particulier.hellio.com/blog/financement/qui-a-droit-cheque-energie
panneau photovoltaique plug and play,800,12,55,False,True,True,9,,,,,,https://particulier.hellio.com/guide-solaire/types/panneau-plug-and-play
simulateur chèque énergie,700,7,35,False,False,True,9,,,,,,https://particulier.hellio.com/blog/financement/simulation-cheque-energie
panneaux photovoltaïques intégrés ou superposés,70,0,118,False,False,True,1,,,,,,https://faq.hellio.com/panneau-solaire-photovoltaique-surimposition-integration
panneau solaire plug and play fonctionnement,70,4,49,False,False,True,1,,,,,,https://particulier.hellio.com/guide-solaire/types/panneau-plug-and-play
système solaire combiné ma prime rénov,70,2,176,False,False,True,1,,,,,,https://particulier.hellio.com/guide-solaire/types/systeme-solaire-combine/maprimerenov
pompe à chaleur à absorption gaz,70,0,,False,False,True,1,,,,,,https://www.hellio.com/actualites/conseils/pompe-chaleur-absorption
ravalement de facade immeuble prix,70,0,68,False,False,True,1,,,,,,https://copropriete.hellio.com/blog/renovation-energetique/prix-ravalement-facade
biofioul prix,350,0,40,False,False,True,5,,1,,,,https://particulier.hellio.com/blog/conseils/chaudiere-biofioul
prise renforcée voiture electrique,350,1,21,True,True,True,6,,,,,,https://particulier.hellio.com/blog/conseils/prise-renforcee-voiture-electrique
pompe à chaleur immeuble collectif ancien,70,0,55,False,False,True,1,,,,,,https://copropriete.hellio.com/blog/renovation-energetique/pompe-chaleur-immeuble-collectif
ma prime renov gouv,1200,69,143,False,False,True,11,,,,3,,https://faq.hellio.com/connexion-maprimerenov
dpe copropriété,350,8,43,False,False,True,5,,,,,,https://copropriete.hellio.com/blog/conseils/dpe-collectif
pret panneaux photovoltaique,150,7,194,False,False,True,2,,,,,,https://particulier.hellio.com/guide-solaire/aides/pret-panneau-solaire
revente electricité solaire,400,22,53,False,False,True,6,,,,,,https://particulier.hellio.com/guide-solaire/aides/prix-panneau-solaire/revente-electricite-photovoltaique
aide panneaux solaires,450,13,295,False,False,True,8,,,5,,,https://particulier.hellio.com/guide-solaire/aides/prix-panneau-solaire/gratuit
classe energie d,400,1,12,False,False,True,5,,,,,,https://faq.hellio.com/location-logement-classe-d
cee photovoltaique,60,28,111,False,False,True,1,,,,,,https://faq.hellio.com/panneaux-photovoltaiques-cee
rge signification,800,45,6,False,False,True,6,,,,,,https://particulier.hellio.com/blog/conseils/label-rge
obligation isolation copropriété,40,0,43,False,False,True,1,,,,,,https://copropriete.hellio.com/blog/renovation-energetique/obligation-isolation-thermique
biofioul,600,0,47,False,False,True,7,,,,,,https://particulier.hellio.com/blog/conseils/chaudiere-biofioul
pompe a chaleur air eau avis,200,0,13,False,False,True,8,,,,,,https://particulier.hellio.com/blog/conseils/pompe-chaleur-maison-ancienne
cheque energie plafond ressources,70,3,,False,False,True,1,,,,,,https://particulier.hellio.com/blog/financement/plafond-cheque-energie
aides vmc double flux,70,4,127,False,False,True,1,,,,,,https://particulier.hellio.com/blog/conseils/aides-vmc-double-flux
classe energie e,500,0,7,False,False,True,8,,,,,,https://particulier.hellio.com/blog/conseils/classe-e-dpe
renovation d'ampleur,250,31,,False,False,True,4,,,,1,,https://particulier.hellio.com/blog/travaux/renovation-ampleur
reglementation panneaux solaire,150,12,57,False,False,True,2,,,,,,https://particulier.hellio.com/guide-solaire/utilisation/panneau-solaire-maison/toiture/reglementation
cuve a fioul,900,0,41,True,True,True,11,,,,,,https://particulier.hellio.com/blog/travaux/depose-cuve-fioul
prime cee sci,70,0,77,False,False,True,1,,,,,,https://www.hellio.com/actualites/conseils/aides-renovation-energetique-sci
interdiction de louer dpe e,70,0,9,False,False,True,1,,,,,,https://faq.hellio.com/location-logement-classe-e-dpe
pompe a chaleur sans unite exterieur,150,0,43,False,False,True,2,,,,,,https://copropriete.hellio.com/blog/renovation-energetique/pompe-chaleur-appartement-sans-unite-exterieure
robinet chauffage thermostatique,80,0,16,True,True,True,1,,,,,,https://copropriete.hellio.com/blog/conseils/robinet-thermostatique
loi climat et résilience dpe,250,10,6,False,False,True,4,,,,,,https://particulier.hellio.com/blog/actualites/loi-climat-resilience-dpe
ma prime adapt,900,38,82,False,False,True,10,,,,1,,https://particulier.hellio.com/blog/financement/ma-prime-adapt
réglementation panneau solaire,150,21,26,False,False,True,2,,,,,,https://particulier.hellio.com/guide-solaire/utilisation/panneau-solaire-maison/toiture/reglementation
ma prime rénov fenêtre,250,62,95,False,False,True,4,,,,,,https://particulier.hellio.com/blog/financement/ma-prime-renov-fenetres
chauffage au fioul interdit,200,2,1,False,False,True,8,3,,,,,https://particulier.hellio.com/blog/actualites/interdiction-chaudieres-fioul
prime cee isolation extérieure,200,0,194,False,False,True,3,,,,,,https://particulier.hellio.com/blog/financement/cee-isolation-exterieure
cee thermostat connecté,60,0,,False,False,True,1,,,,,,https://particulier.hellio.com/blog/financement/aides-thermostat-connecte
contrat entretien panneaux photovoltaïque,60,1,67,False,False,True,1,,,,,,https://faq.hellio.com/entretien-panneaux-photovoltaiques
panneau solaire maison,1200,32,20,False,True,True,10,,,,,,https://particulier.hellio.com/guide-solaire/utilisation/panneau-solaire-maison/installation
prix dpe maison,300,5,62,False,False,True,5,,,,,,https://particulier.hellio.com/blog/conseils/prix-dpe
location classe energie e,60,0,,False,False,True,1,,,,,,https://faq.hellio.com/location-logement-classe-e-dpe
chaudière individuelle gaz copropriété,60,0,86,False,False,True,1,,,,,,https://copropriete.hellio.com/blog/conseils/choisir-chaudiere-immeuble
sèche-linge pompe à chaleur inconvénient,700,0,14,False,False,True,9,,,,,,https://particulier.hellio.com/blog/conseils/seche-linge-pompe-chaleur-condensation
panneau solaire eau chaude,900,6,75,False,True,True,9,,,,,,https://particulier.hellio.com/guide-solaire/types/panneau-solaire-thermique/eau-chaude
dpe location saisonnière 2024,60,0,,False,False,True,1,,,,,,https://particulier.hellio.com/blog/actualites/loi-airbnb
ravalement de façade immeuble prix,60,0,68,False,False,True,1,,,,,,https://copropriete.hellio.com/blog/renovation-energetique/prix-ravalement-facade
prime adapt,450,41,76,False,False,True,7,,,,1,,https://particulier.hellio.com/blog/financement/ma-prime-adapt
comment fonctionne une vmc,250,0,2,False,False,True,5,,,,,,https://copropriete.hellio.com/blog/renovation-energetique/vmc-appartement
batterie virtuelle panneau solaire,600,4,70,False,False,True,8,,,,,,https://particulier.hellio.com/guide-solaire/pieces/batterie-panneau-solaire/virtuelle-physique
ombrière solaire parking,150,2,106,False,False,True,2,,,,,,https://www.hellio.com/actualites/conseils/ombriere-parking
prime à l'autoconsommation,400,19,137,False,False,True,6,,,,,,https://particulier.hellio.com/guide-solaire/aides/prime-panneau-solaire/autoconsommation/evolution
chaudiere fuel,300,0,52,False,True,True,6,,,,,,https://particulier.hellio.com/blog/actualites/interdiction-chaudieres-fioul
leads photovoltaique,150,1,628,False,True,True,2,,,,,,https://pro.hellio.com/blog/conseils/lead-panneau-solaire
pret panneau solaire,150,38,179,False,True,True,2,,,,,,https://particulier.hellio.com/guide-solaire/aides/pret-panneau-solaire
isolation phonique mur,3500,0,9,False,False,True,,2,,,,,https://sonergia.fr/conseils-travaux/isolation/isolation-phonique/comment-isoler-phoniquement-un-mur-entre-voisins/
pompe a chaleur air eau,11000,12,143,False,True,True,,5,,,7,,https://sonergia.fr/conseils-travaux/chauffage/pompe-a-chaleur/prix-pompe-a-chaleur-air-eau-quel-budget-moyen-prevoir/
aide à la rénovation maison ancienne,700,42,89,False,False,True,,1,,3,6,,https://sonergia.fr/guide-des-aides/autres-aides/5-aides-financieres-pour-renover-une-maison-ancienne/
isolation phonique mur mitoyen,800,0,11,False,False,True,,1,,,,,https://sonergia.fr/conseils-travaux/isolation/isolation-phonique/comment-isoler-phoniquement-un-mur-entre-voisins/
aide panneau solaire 2024,4500,6,96,False,False,True,,7,,,,,https://sonergia.fr/conseils-travaux/solaire/panneaux-photovoltaiques/qui-verse-la-prime-a-lautoconsommation/
thermostat,18000,2,20,False,True,True,,7,,,,,https://sonergia.fr/conseils-travaux/chauffage/thermostat-connecte/quel-est-le-fonctionnement-dun-thermostat-connecte-sans-fil/
meilleur isolant phonique plafond,200,1,9,False,False,True,,1,,,,,https://sonergia.fr/conseils-travaux/isolation/isolation-phonique/isoler-un-plafond-du-bruit-enjeux-et-methode/
pompe a chaleur eau eau,1700,0,64,False,False,True,,4,,,,,https://sonergia.fr/conseils-travaux/chauffage/pompe-a-chaleur/prix-pompe-a-chaleur-eau-eau-quel-budget-pour-votre-chauffage/
thermostat connecté,5300,6,14,False,True,True,,8,,,,,https://sonergia.fr/conseils-travaux/chauffage/thermostat-connecte/pourquoi-passer-au-thermostat-connecte/
isolation mur intérieur,7800,1,25,False,False,True,,10,,,5,,https://sonergia.fr/conseils-travaux/isolation/mur/quelle-epaisseur-pour-lisolation-dun-mur-interieur/
comment isoler phoniquement un mur,300,0,6,False,False,True,,1,,,,,https://sonergia.fr/conseils-travaux/isolation/isolation-phonique/comment-isoler-phoniquement-un-mur-entre-voisins/
isolation mur interieur mince,350,0,7,False,False,True,,1,,,,,https://sonergia.fr/conseils-travaux/isolation/mur/quelle-isolation-mince-pour-les-murs-interieurs/
isolation interieur,3600,4,68,False,False,True,,9,,14,4,,https://sonergia.fr/conseils-travaux/isolation/mur/quelle-epaisseur-pour-lisolation-dun-mur-interieur/
pompe a chaleur 1€,500,0,314,False,False,True,,1,,,,,https://sonergia.fr/conseils-travaux/chauffage/pompe-a-chaleur/pompe-a-chaleur-a-1-e-opportunite-ou-arnaque/
isolation sous sol,900,0,60,False,False,True,,4,,,,,https://sonergia.fr/conseils-travaux/isolation/sol/comment-realiser-lisolation-dun-sous-sol-humide-les-solutions/
quel dpe pour louer,300,5,2,False,False,True,,1,,,,,https://sonergia.fr/guide-des-aides/reglementation/dpe-et-location-quelles-obligations-en-2024/
pompe à chaleur prix,4700,1,94,False,True,True,,9,,10,,,https://sonergia.fr/conseils-travaux/chauffage/pompe-a-chaleur/prix-pompe-a-chaleur-air-eau-quel-budget-moyen-prevoir/
quel r pour une bonne isolation,250,0,6,False,False,True,,1,,,,,https://sonergia.fr/conseils-travaux/isolation/quel-coefficient-de-resistance-thermique-pour-bien-isoler/
dpeb,90,0,,False,False,True,,1,,,,,https://sonergia.fr/nous-decouvrir/efficacite-energetique/revision-de-la-directive-sur-la-performance-energetique-des-batiments-sonergia-fait-le-point/
isoler phoniquement un mur,350,2,9,False,False,True,,1,,,,,https://sonergia.fr/conseils-travaux/isolation/isolation-phonique/comment-isoler-phoniquement-un-mur-entre-voisins/
isolation sol garage,200,0,11,False,False,True,,2,,,,,https://sonergia.fr/conseils-travaux/isolation/sol/comment-et-pourquoi-realiser-lisolation-du-sol-de-votre-garage/
isolation polyuréthane,1300,1,24,False,False,True,,6,,,,,https://sonergia.fr/conseils-travaux/isolation/materiaux-isolants/le-polyurethane-lisolation-mince-par-excellence/
isolation phonique plafond appartement,300,0,13,False,False,True,,2,,,,,https://sonergia.fr/conseils-travaux/isolation/isolation-phonique/isoler-un-plafond-du-bruit-enjeux-et-methode/
prix installation pompe a chaleur,700,1,143,False,False,True,,4,,,,,https://sonergia.fr/conseils-travaux/chauffage/pompe-a-chaleur/prix-pompe-a-chaleur-air-eau-quel-budget-moyen-prevoir/
isolation phonique,8300,7,22,False,False,True,,2,,,,,https://sonergia.fr/conseils-travaux/isolation/isolation-phonique/comment-isoler-phoniquement-un-mur-entre-voisins/
isolation mur intérieur epaisseur,700,0,6,False,False,True,,5,,,,,https://sonergia.fr/conseils-travaux/isolation/mur/quelle-epaisseur-pour-lisolation-dun-mur-interieur/
isolant polyuréthane,2300,0,24,False,False,True,,9,,,,,https://sonergia.fr/conseils-travaux/isolation/materiaux-isolants/le-polyurethane-lisolation-mince-par-excellence/
meilleur chauffage d'appoint sans électricité,1100,0,6,False,True,True,,6,,,,,https://sonergia.fr/conseils-travaux/chauffage/chauffage-dappoint-economique-plus-de-confort-sans-vous-ruiner/
isolant phonique mur,2300,0,9,False,True,True,,9,,,,,https://sonergia.fr/conseils-travaux/isolation/isolation-phonique/comment-isoler-phoniquement-un-mur-entre-voisins/
isoler une dalle béton par dessus,150,0,43,False,False,True,,1,,,,,https://sonergia.fr/conseils-travaux/isolation/sol/comment-realiser-lisolation-thermique-de-votre-sol-en-beton/
système solaire combiné pompe à chaleur,150,0,152,False,False,True,,1,,,,,https://sonergia.fr/conseils-travaux/chauffage/pompe-a-chaleur/cest-quoi-un-systeme-solaire-combine-avec-pompe-a-chaleur/
isolation interieur maison,450,3,66,False,False,True,,3,,,4,,https://sonergia.fr/conseils-travaux/isolation/mur/quelle-epaisseur-pour-lisolation-dun-mur-interieur/
isolation phonique mur chambre,900,1,11,False,False,True,,8,,,,,https://sonergia.fr/conseils-travaux/isolation/isolation-phonique/comment-isoler-phoniquement-un-mur-entre-voisins/
isolation sol beton,100,0,14,False,False,True,,1,,,,,https://sonergia.fr/conseils-travaux/isolation/sol/comment-realiser-lisolation-thermique-de-votre-sol-en-beton/
isolant phonique mur mitoyen,80,0,36,False,False,True,,1,,,,,https://sonergia.fr/conseils-travaux/isolation/isolation-phonique/comment-isoler-phoniquement-un-mur-entre-voisins/
ma prime renov residence secondaire,150,0,45,False,False,True,,1,,,,,https://sonergia.fr/guide-des-aides/autres-aides/residence-secondaire-quelles-aides-pour-renover/
sonergia prime cee,60,0,136,False,False,True,,1,,,,,https://sonergia.fr/guide-des-aides/primes-energie/prime-energie-cee/le-guide-de-la-prime-energie-cee/
ma prime renov locataire,150,12,44,False,False,True,,1,,,,,https://sonergia.fr/guide-des-aides/primes-energie/prime-energie-cee/la-prime-energie-une-aide-a-la-renovation-accessible-aux-locataires/
polyuréthane isolation,700,0,27,False,True,True,,6,,,,,https://sonergia.fr/conseils-travaux/isolation/materiaux-isolants/le-polyurethane-lisolation-mince-par-excellence/
pompe à chaleur à 1 euro vrai ou faux,450,0,131,False,False,True,,4,,,,,https://sonergia.fr/conseils-travaux/chauffage/pompe-a-chaleur/pompe-a-chaleur-a-1-e-opportunite-ou-arnaque/
entretien pompe à chaleur,900,1,82,False,False,True,,8,,6,,,https://sonergia.fr/conseils-travaux/chauffage/pompe-a-chaleur/quel-entretien-prevoir-pour-une-pompe-a-chaleur/
isolation mur intérieur mince,300,0,7,False,False,True,,3,,,,,https://sonergia.fr/conseils-travaux/isolation/mur/quelle-isolation-mince-pour-les-murs-interieurs/
tarif entretien poêle à granulés,350,0,46,False,False,True,,1,,,,,https://sonergia.fr/conseils-travaux/chauffage/poele-a-granules/tarif-dentretien-dun-poele-a-granules-tous-les-prix-a-prevoir/
isolation sous-sol humide,100,0,67,False,False,True,,1,,,,,https://sonergia.fr/conseils-travaux/isolation/sol/comment-realiser-lisolation-dun-sous-sol-humide-les-solutions/
prix de la tonne de granulés,100,1,21,False,False,True,,1,,,,,https://sonergia.fr/conseils-travaux/chauffage/poele-a-granules/prix-des-granules-de-bois-evolution-tarifs-et-perspectives/
quel est le meilleur chauffage,80,3,24,False,False,True,,1,,,,,https://sonergia.fr/conseils-travaux/chauffage/quel-systeme-de-chauffage-choisir-le-comparatif-complet/
isolation sonore mur,250,2,12,False,False,True,,3,,,,,https://sonergia.fr/conseils-travaux/isolation/isolation-phonique/comment-isoler-phoniquement-un-mur-entre-voisins/
chaudière fioul interdit,250,0,2,False,False,True,,2,,,,,https://sonergia.fr/conseils-travaux/chauffage/chaudiere-au-fioul/interdiction-de-la-chaudiere-au-fioul-quen-est-il/
aide rénovation maison ancienne,150,43,89,False,False,True,,1,,2,,,https://sonergia.fr/guide-des-aides/autres-aides/5-aides-financieres-pour-renover-une-maison-ancienne/
prix chauffe-eau thermodynamique,700,0,46,False,True,True,,7,,,,,https://sonergia.fr/conseils-travaux/chauffage/chauffe-eau/prix-chauffe-eau-thermodynamique-2025-achat-pose-aides/
installation pompe à chaleur prix,350,3,84,False,False,True,,4,,,,,https://sonergia.fr/conseils-travaux/chauffage/pompe-a-chaleur/prix-pompe-a-chaleur-air-eau-quel-budget-moyen-prevoir/
parquet isolant thermique sur carrelage,60,0,43,False,False,True,,1,,,,,https://sonergia.fr/conseils-travaux/isolation/sol/comment-isoler-un-sol-deja-carrele-les-solutions/
meilleur isolant phonique mur mitoyen,200,1,6,False,False,True,,1,,,,,https://sonergia.fr/conseils-travaux/isolation/isolation-phonique/comment-isoler-phoniquement-un-mur-entre-voisins/
norme isolation mur,200,0,6,False,False,True,,4,,,,,https://sonergia.fr/conseils-travaux/isolation/mur/quelle-epaisseur-pour-lisolation-dun-mur-interieur/
comment isoler un sol déjà carrelé,200,0,6,False,False,True,,3,,,,,https://sonergia.fr/conseils-travaux/isolation/sol/comment-isoler-un-sol-deja-carrele-les-solutions/
isolation phonique sol,700,0,17,False,False,True,,9,,,,,https://sonergia.fr/conseils-travaux/isolation/isolation-phonique/les-solutions-pour-isoler-phoniquement-un-sol/
prix entretien poele a granule,200,0,9,False,False,True,,3,,,,,https://sonergia.fr/conseils-travaux/chauffage/poele-a-granules/tarif-dentretien-dun-poele-a-granules-tous-les-prix-a-prevoir/
isolation interieur epaisseur,250,0,6,False,False,True,,3,,,,,https://sonergia.fr/conseils-travaux/isolation/mur/quelle-epaisseur-pour-lisolation-dun-mur-interieur/
comment isoler un mur intérieur avec isolant mince,80,0,6,False,False,True,,1,,,,,https://sonergia.fr/conseils-travaux/isolation/mur/quelle-isolation-mince-pour-les-murs-interieurs/
pompe a chaleur a 1 euro,250,0,308,False,False,True,,4,,,,,https://sonergia.fr/conseils-travaux/chauffage/pompe-a-chaleur/pompe-a-chaleur-a-1-e-opportunite-ou-arnaque/
montant prime cee pompe à chaleur,80,3,137,False,False,True,,1,,,,,https://sonergia.fr/guide-des-aides/primes-energie/prime-energie-cee/prime-energie-les-montants-pour-une-pompe-a-chaleur/
epaisseur isolation mur,350,0,1,False,False,True,,5,,,,,https://sonergia.fr/conseils-travaux/isolation/mur/quelle-epaisseur-pour-lisolation-dun-mur-interieur/
isolation phonique laine de bois,50,0,25,False,False,True,,1,,,,,https://sonergia.fr/conseils-travaux/isolation/isolation-phonique/fibre-de-bois-ou-laine-de-roche-quel-isolant-choisir-pour-lisolation-phonique/
dpe maison ancienne,600,1,48,False,False,True,,7,,,,,https://sonergia.fr/guide-des-aides/reglementation/dpe-et-maison-ancienne-ce-quil-faut-savoir/
isoler du bruit un mur,80,1,32,False,False,True,,1,,,,,https://sonergia.fr/conseils-travaux/isolation/isolation-phonique/comment-isoler-phoniquement-un-mur-entre-voisins/
prix pose pompe a chaleur air eau,80,3,135,False,False,True,,1,,,,,https://sonergia.fr/conseils-travaux/chauffage/pompe-a-chaleur/prix-pompe-a-chaleur-air-eau-quel-budget-moyen-prevoir/
comment isoler un mur phoniquement,70,0,30,False,False,True,,1,,,,,https://sonergia.fr/conseils-travaux/isolation/isolation-phonique/comment-isoler-phoniquement-un-mur-entre-voisins/
dpe vente maison,250,36,65,False,False,True,,4,,,,,https://sonergia.fr/guide-des-aides/reglementation/le-dpe-est-il-obligatoire-pour-la-vente-dun-logement/
pompe a chaleur prix,1700,2,105,False,True,True,,9,,4,,,https://sonergia.fr/conseils-travaux/chauffage/pompe-a-chaleur/prix-pompe-a-chaleur-air-eau-quel-budget-moyen-prevoir/
isolation intérieure mince,90,0,13,False,False,True,,1,,,,,https://sonergia.fr/conseils-travaux/isolation/mur/quelle-isolation-mince-pour-les-murs-interieurs/
dpe minimum pour louer,70,10,,False,False,True,,1,,,,,https://sonergia.fr/guide-des-aides/reglementation/dpe-et-location-quelles-obligations-en-2024/
fibre de bois isolation phonique,70,0,35,False,False,True,,1,,,,,https://sonergia.fr/conseils-travaux/isolation/isolation-phonique/fibre-de-bois-ou-laine-de-roche-quel-isolant-choisir-pour-lisolation-phonique/
comment isoler un mur du bruit,40,1,40,False,False,True,,1,,,,,https://sonergia.fr/conseils-travaux/isolation/isolation-phonique/comment-isoler-phoniquement-un-mur-entre-voisins/
comment isoler une cave humide,50,0,40,False,False,True,,1,,,,,https://sonergia.fr/conseils-travaux/isolation/sol/comment-realiser-lisolation-dun-sous-sol-humide-les-solutions/
pompe a chaleur solaire,150,0,80,False,False,True,,3,,,,,https://sonergia.fr/conseils-travaux/chauffage/pompe-a-chaleur/cest-quoi-un-systeme-solaire-combine-avec-pompe-a-chaleur/
cout installation pompe a chaleur,350,1,128,False,False,True,,5,,,,,https://sonergia.fr/conseils-travaux/chauffage/pompe-a-chaleur/prix-pompe-a-chaleur-air-eau-quel-budget-moyen-prevoir/
quel est le meilleur mode de chauffage,40,4,53,False,False,True,,1,,,,,https://sonergia.fr/conseils-travaux/chauffage/quel-systeme-de-chauffage-choisir-le-comparatif-complet/
pac solaire,90,1,84,False,False,True,,2,,,,,https://sonergia.fr/conseils-travaux/chauffage/pompe-a-chaleur/cest-quoi-un-systeme-solaire-combine-avec-pompe-a-chaleur/
maintenance pompe a chaleur,250,0,120,False,False,True,,3,,,,,https://sonergia.fr/conseils-travaux/chauffage/pompe-a-chaleur/quel-entretien-prevoir-pour-une-pompe-a-chaleur/
épaisseur isolation mur intérieur,400,0,2,False,False,True,,7,,,,,https://sonergia.fr/conseils-travaux/isolation/mur/quelle-epaisseur-pour-lisolation-dun-mur-interieur/
norme isolation mur intérieur,250,4,6,False,False,True,,4,,,,,https://sonergia.fr/conseils-travaux/isolation/mur/quelle-epaisseur-pour-lisolation-dun-mur-interieur/
cout remplacement chaudiere fioul,40,0,125,False,False,True,,1,,,,,https://sonergia.fr/conseils-travaux/chauffage/chaudiere-au-fioul/combien-coute-le-remplacement-dune-chaudiere-au-fioul/
est ce que le prix du fioul va baisser,500,1,21,False,False,True,,7,,,,,https://sonergia.fr/conseils-travaux/chauffage/chaudiere-au-fioul/prix-du-fioul-explications-et-astuces-pour-reduire-son-cout/
faut-il acheter dpe e,60,0,30,False,False,True,,1,,,,,https://sonergia.fr/guide-des-aides/reglementation/dpe-e-une-classe-energetique-a-depasser/
meilleur mode de chauffage,50,3,55,False,False,True,,1,,,,,https://sonergia.fr/conseils-travaux/chauffage/quel-systeme-de-chauffage-choisir-le-comparatif-complet/
isolant fin mur,150,0,12,False,True,True,,4,,,,,https://sonergia.fr/conseils-travaux/isolation/mur/quelle-isolation-mince-pour-les-murs-interieurs/
meilleur isolant acoustique plafond,60,0,45,False,False,True,,1,,,,,https://sonergia.fr/conseils-travaux/isolation/isolation-phonique/isoler-un-plafond-du-bruit-enjeux-et-methode/
doit on rembourser les aides de l'anah,300,2,11,False,False,True,,5,,,,,https://sonergia.fr/guide-des-aides/autres-aides/ma-prime-renov/est-il-possible-de-vendre-son-logement-apres-avoir-beneficie-de-maprimerenov/
isolation phonique fenetre,250,0,69,False,False,True,,5,,,,,https://sonergia.fr/conseils-travaux/isolation/isolation-phonique/comment-ameliorer-lisolation-phonique-des-fenetres/
laine de roche isolation phonique,200,0,9,False,True,True,,4,,,,,https://sonergia.fr/conseils-travaux/isolation/isolation-phonique/fibre-de-bois-ou-laine-de-roche-quel-isolant-choisir-pour-lisolation-phonique/
dpe petites surfaces,250,4,4,False,False,True,,4,,,,,https://sonergia.fr/guide-des-aides/reglementation/dpe-et-petites-surfaces-quel-impact-du-nouveau-mode-de-calcul/
isolation sol béton,200,0,,False,False,True,,3,,,,,https://sonergia.fr/conseils-travaux/isolation/sol/comment-realiser-lisolation-thermique-de-votre-sol-en-beton/
isolation mur humide,150,0,46,False,False,True,,4,,,,,https://sonergia.fr/conseils-travaux/isolation/mur/comment-isoler-un-mur-humide-diagnostic-et-solutions/
isoler un mur phoniquement,100,0,44,False,False,True,,2,,,,,https://sonergia.fr/conseils-travaux/isolation/isolation-phonique/comment-isoler-phoniquement-un-mur-entre-voisins/
pompe chaleur 1 euro,50,0,219,False,False,True,,1,,,,,https://sonergia.fr/conseils-travaux/chauffage/pompe-a-chaleur/pompe-a-chaleur-a-1-e-opportunite-ou-arnaque/
pompe a chaleur 1 euros,150,0,326,False,True,True,,4,,2,,,https://sonergia.fr/conseils-travaux/chauffage/pompe-a-chaleur/pompe-a-chaleur-a-1-e-opportunite-ou-arnaque/
promotion granulés de bois,300,0,23,True,True,False,,8,,,,,https://sonergia.fr/conseils-travaux/chauffage/poele-a-granules/prix-des-granules-de-bois-evolution-tarifs-et-perspectives/
isolation phonique d'un mur,30,2,49,False,False,True,,1,,,,,https://sonergia.fr/conseils-travaux/isolation/isolation-phonique/comment-isoler-phoniquement-un-mur-entre-voisins/
quel isolant pour cave humide,60,0,17,False,False,True,,1,,,,,https://sonergia.fr/conseils-travaux/isolation/sol/comment-realiser-lisolation-dun-sous-sol-humide-les-solutions/
comment isoler un plafond du bruit des voisins,60,0,38,False,False,True,,1,,,,,https://sonergia.fr/conseils-travaux/isolation/isolation-phonique/isoler-un-plafond-du-bruit-enjeux-et-methode/
isolation thermique intérieur,900,2,29,False,False,True,,10,,,3,,https://sonergia.fr/conseils-travaux/isolation/mur/quelle-epaisseur-pour-lisolation-dun-mur-interieur/
isolant interieur fin,150,0,16,False,False,True,,3,,,,,https://sonergia.fr/conseils-travaux/isolation/mur/quelle-isolation-mince-pour-les-murs-interieurs/
comment suivre sa production photovoltaïque,250,3,38,False,False,True,,5,,,,,https://sonergia.fr/conseils-travaux/solaire/panneaux-photovoltaiques/comment-suivre-sa-production-photovoltaique/
isoler un mur du bruit,40,0,35,False,False,True,,1,,,,,https://sonergia.fr/conseils-travaux/isolation/isolation-phonique/comment-isoler-phoniquement-un-mur-entre-voisins/
laine de bois isolation phonique,50,0,25,False,False,True,,1,,,,,https://sonergia.fr/conseils-travaux/isolation/isolation-phonique/fibre-de-bois-ou-laine-de-roche-quel-isolant-choisir-pour-lisolation-phonique/
isolant phonique plancher,150,0,26,False,False,True,,5,,,,,https://sonergia.fr/conseils-travaux/isolation/isolation-phonique/les-solutions-pour-isoler-phoniquement-un-sol/
quel est le meilleur isolant phonique,350,1,6,False,False,True,,8,,,,,https://sonergia.fr/conseils-travaux/isolation/isolation-phonique/fibre-de-bois-ou-laine-de-roche-quel-isolant-choisir-pour-lisolation-phonique/
interdiction chaudière fioul,150,1,4,False,False,True,,3,,,,,https://sonergia.fr/conseils-travaux/chauffage/chaudiere-au-fioul/interdiction-de-la-chaudiere-au-fioul-quen-est-il/
comment isoler une cave enterrée,50,0,,False,False,True,,1,,,,,https://sonergia.fr/conseils-travaux/isolation/sol/comment-realiser-lisolation-dun-sous-sol-humide-les-solutions/
coefficient d'isolation thermique d'une maison,50,2,47,False,False,True,,1,,,,,https://sonergia.fr/conseils-travaux/isolation/quel-coefficient-de-resistance-thermique-pour-bien-isoler/
isolation phonique plancher,150,0,14,False,False,True,,5,,,,,https://sonergia.fr/conseils-travaux/isolation/isolation-phonique/les-solutions-pour-isoler-phoniquement-un-sol/
dpe pour vente,200,36,66,False,False,True,,3,,,,,https://sonergia.fr/guide-des-aides/reglementation/le-dpe-est-il-obligatoire-pour-la-vente-dun-logement/
laine de bois isolant phonique,50,0,24,False,False,True,,1,,,,,https://sonergia.fr/conseils-travaux/isolation/isolation-phonique/fibre-de-bois-ou-laine-de-roche-quel-isolant-choisir-pour-lisolation-phonique/
meilleur isolant thermique,1700,1,6,False,False,True,,12,,,,,https://sonergia.fr/conseils-travaux/isolation/materiaux-isolants/confort-dete-les-meilleurs-isolants-contre-la-chaleur/
isolation acoustique mur,1000,0,18,False,False,True,,8,,,,,https://sonergia.fr/conseils-travaux/isolation/isolation-phonique/comment-isoler-phoniquement-un-mur-entre-voisins/
prix pompe à chaleur eau-eau,50,0,76,False,False,True,,1,,,,,https://sonergia.fr/conseils-travaux/chauffage/pompe-a-chaleur/prix-pompe-a-chaleur-eau-eau-quel-budget-pour-votre-chauffage/
isolation phonique fibre de bois,50,0,35,False,False,True,,1,,,,,https://sonergia.fr/conseils-travaux/isolation/isolation-phonique/fibre-de-bois-ou-laine-de-roche-quel-isolant-choisir-pour-lisolation-phonique/
isolant mince rigide pour mur,200,0,22,False,True,True,,6,,,,,https://sonergia.fr/conseils-travaux/isolation/mur/quelle-isolation-mince-pour-les-murs-interieurs/
isolation dalle beton,600,0,14,False,False,True,,8,,,,,https://sonergia.fr/conseils-travaux/isolation/sol/comment-realiser-lisolation-thermique-de-votre-sol-en-beton/
isolation sous sol humide,50,0,74,False,False,True,,1,,,,,https://sonergia.fr/conseils-travaux/isolation/sol/comment-realiser-lisolation-dun-sous-sol-humide-les-solutions/
comment isoler sous sol,40,0,44,False,False,True,,1,,,,,https://sonergia.fr/conseils-travaux/isolation/sol/comment-realiser-lisolation-dun-sous-sol-humide-les-solutions/
isolation phonique murs,70,2,30,False,False,True,,2,,,,,https://sonergia.fr/conseils-travaux/isolation/isolation-phonique/comment-isoler-phoniquement-un-mur-entre-voisins/
ramonage poêle à granulés prix,50,0,42,False,False,True,,1,,,,,https://sonergia.fr/conseils-travaux/chauffage/poele-a-granules/tarif-dentretien-dun-poele-a-granules-tous-les-prix-a-prevoir/
interdiction chaudiere fioul,150,1,5,False,False,True,,4,,,,,https://sonergia.fr/conseils-travaux/chauffage/chaudiere-au-fioul/interdiction-de-la-chaudiere-au-fioul-quen-est-il/
isolation murs intérieurs,150,3,25,False,False,True,,6,,,,,https://sonergia.fr/conseils-travaux/isolation/mur/quelle-epaisseur-pour-lisolation-dun-mur-interieur/
prime cee sonergia,20,0,155,False,False,True,,1,,,,,https://sonergia.fr/guide-des-aides/primes-energie/prime-energie-cee/le-guide-de-la-prime-energie-cee/
chaudière électrique pour plancher chauffant,100,0,57,False,False,True,,3,,,,,https://sonergia.fr/conseils-travaux/chauffage/chaudiere-electrique/chaudiere-electrique-un-bon-choix/
isolation thermique sur carrelage existant,90,0,45,False,False,True,,3,,,,,https://sonergia.fr/conseils-travaux/isolation/sol/comment-isoler-un-sol-deja-carrele-les-solutions/
isolation minimum mur,40,1,43,False,False,True,,1,,,,,https://sonergia.fr/conseils-travaux/isolation/mur/quelle-epaisseur-pour-lisolation-dun-mur-interieur/
retour sur investissement panneau solaire,150,12,140,False,False,True,,3,,,,,https://sonergia.fr/conseils-travaux/solaire/panneaux-photovoltaiques/panneaux-solaires-quel-est-le-retour-sur-investissement/
isolant mince,2800,0,6,False,True,True,,11,,,,,https://sonergia.fr/conseils-travaux/isolation/mur/quelle-isolation-mince-pour-les-murs-interieurs/
cout ramonage poele a granule,40,0,38,False,False,True,,1,,,,,https://sonergia.fr/conseils-travaux/chauffage/poele-a-granules/tarif-dentretien-dun-poele-a-granules-tous-les-prix-a-prevoir/
prix pompe à chaleur maison 120m2,200,0,99,False,True,True,,5,,,,,https://sonergia.fr/conseils-travaux/chauffage/pompe-a-chaleur/prix-pompe-a-chaleur-maison-120-m%C2%B2-couts-dinstallation-aides/
isolation dalle béton intérieur,150,0,,False,False,True,,3,,,,,https://sonergia.fr/conseils-travaux/isolation/sol/comment-realiser-lisolation-thermique-de-votre-sol-en-beton/
isolation des murs intérieurs,200,2,25,False,False,True,,2,,,1,,https://sonergia.fr/conseils-travaux/isolation/mur/quelle-epaisseur-pour-lisolation-dun-mur-interieur/
thermostat connecté pompe à chaleur,250,0,12,True,True,True,,6,,,,,https://sonergia.fr/conseils-travaux/chauffage/thermostat-connecte/quel-thermostat-connecte-choisir-pour-une-pompe-a-chaleur/
bois dechiquete pour chaudiere,40,0,28,False,False,True,,1,,,,,https://sonergia.fr/conseils-travaux/chauffage/chaudiere-biomasse/chaudiere-bois-dechiquete-un-bon-choix-pour-vous/
isolation chape beton,100,0,36,False,False,True,,3,,,,,https://sonergia.fr/conseils-travaux/isolation/sol/comment-realiser-lisolation-thermique-de-votre-sol-en-beton/
pompe à chaleur 1 euro,80,0,216,False,False,True,,2,,,,,https://sonergia.fr/conseils-travaux/chauffage/pompe-a-chaleur/pompe-a-chaleur-a-1-e-opportunite-ou-arnaque/
comment isoler une dalle béton,80,0,38,False,False,True,,3,,,,,https://sonergia.fr/conseils-travaux/isolation/sol/comment-realiser-lisolation-thermique-de-votre-sol-en-beton/
comment fonctionne un thermostat connecté,40,0,,False,False,True,,1,,,,,https://sonergia.fr/conseils-travaux/chauffage/thermostat-connecte/quel-est-le-fonctionnement-dun-thermostat-connecte-sans-fil/
isolation cave humide,100,0,55,False,False,True,,3,,,,,https://sonergia.fr/conseils-travaux/isolation/sol/comment-realiser-lisolation-dun-sous-sol-humide-les-solutions/
isolation mur mitoyen,100,0,52,False,False,True,,2,,,,,https://sonergia.fr/conseils-travaux/isolation/isolation-phonique/comment-isoler-phoniquement-un-mur-entre-voisins/
isolation par l'intérieur épaisseur,150,0,6,False,False,True,,4,,,,,https://sonergia.fr/conseils-travaux/isolation/mur/quelle-epaisseur-pour-lisolation-dun-mur-interieur/
isolation mur sous sol,90,0,29,False,False,True,,2,,,,,https://sonergia.fr/conseils-travaux/isolation/sol/comment-realiser-lisolation-dun-sous-sol-humide-les-solutions/
comment isoler une dalle béton en rénovation,100,0,16,False,False,True,,3,,,,,https://sonergia.fr/conseils-travaux/isolation/sol/comment-realiser-lisolation-thermique-de-votre-sol-en-beton/
isolant confort d'été,40,0,30,False,False,True,,1,,,,,https://sonergia.fr/conseils-travaux/isolation/materiaux-isolants/confort-dete-les-meilleurs-isolants-contre-la-chaleur/
isolation sous sol plafond,250,0,33,False,False,True,,8,,,,,https://sonergia.fr/conseils-travaux/isolation/sol/isolation-du-plafond-dun-sous-sol-des-economies-a-la-cle/
meilleur isolant confort d'été,40,2,48,False,False,True,,1,,,,,https://sonergia.fr/conseils-travaux/isolation/materiaux-isolants/confort-dete-les-meilleurs-isolants-contre-la-chaleur/
isolation sol garage sans chape,40,0,,False,False,True,,1,,,,,https://sonergia.fr/conseils-travaux/isolation/sol/comment-et-pourquoi-realiser-lisolation-du-sol-de-votre-garage/
isolation phonique fibre de bois ou laine de roche,40,0,25,False,False,True,,1,,,,,https://sonergia.fr/conseils-travaux/isolation/isolation-phonique/fibre-de-bois-ou-laine-de-roche-quel-isolant-choisir-pour-lisolation-phonique/
chaudière fioul condensation interdite,150,0,26,False,False,True,,4,,,,,https://sonergia.fr/conseils-travaux/chauffage/chaudiere-au-fioul/interdiction-de-la-chaudiere-au-fioul-quen-est-il/
prix pompe à chaleur air-eau,700,2,134,False,True,True,,11,,,,,https://sonergia.fr/conseils-travaux/chauffage/pompe-a-chaleur/prix-pompe-a-chaleur-air-eau-quel-budget-moyen-prevoir/
panneau extrudé,350,0,4,False,True,True,,5,,,,,https://sonergia.fr/conseils-travaux/isolation/materiaux-isolants/le-polystyrene-extrude-lisolation-accessible-et-efficace/
isolant le plus fin,40,0,33,False,False,True,,1,,,,,https://sonergia.fr/conseils-travaux/isolation/mur/quelle-isolation-mince-pour-les-murs-interieurs/
isolant contre la chaleur,90,0,69,False,False,True,,3,,1,,,https://sonergia.fr/conseils-travaux/isolation/materiaux-isolants/confort-dete-les-meilleurs-isolants-contre-la-chaleur/
suivi production panneau solaire,150,2,105,False,False,True,,4,,,,,https://sonergia.fr/conseils-travaux/solaire/panneaux-photovoltaiques/comment-suivre-sa-production-photovoltaique/
cout entretien poele a granule,80,0,35,False,False,True,,3,,,,,https://sonergia.fr/conseils-travaux/chauffage/poele-a-granules/tarif-dentretien-dun-poele-a-granules-tous-les-prix-a-prevoir/
comment isoler le sol d'un garage,30,0,,False,False,True,,1,,,,,https://sonergia.fr/conseils-travaux/isolation/sol/comment-et-pourquoi-realiser-lisolation-du-sol-de-votre-garage/
indice d'isolation thermique,30,1,43,False,False,True,,1,,,,,https://sonergia.fr/conseils-travaux/isolation/quel-coefficient-de-resistance-thermique-pour-bien-isoler/
isoler plafond sous sol,100,0,33,False,False,True,,5,,,,,https://sonergia.fr/conseils-travaux/isolation/sol/isolation-du-plafond-dun-sous-sol-des-economies-a-la-cle/
isolation acoustique mur intérieur,250,4,16,False,True,True,,8,,,,,https://sonergia.fr/conseils-travaux/isolation/isolation-phonique/comment-isoler-phoniquement-un-mur-entre-voisins/
pompe a chaleur radiateur,200,0,47,False,False,True,,6,,,,,https://sonergia.fr/conseils-travaux/chauffage/pompe-a-chaleur/prix-pompe-a-chaleur-air-eau-quel-budget-moyen-prevoir/
nouveau dpe petite surface,90,10,,False,False,True,,2,,,,,https://sonergia.fr/guide-des-aides/reglementation/dpe-et-petites-surfaces-quel-impact-du-nouveau-mode-de-calcul/
isoler phoniquement un mur mitoyen,30,0,41,False,False,True,,1,,,,,https://sonergia.fr/conseils-travaux/isolation/isolation-phonique/comment-isoler-phoniquement-un-mur-entre-voisins/
meilleur isolant chaleur,40,1,12,False,False,True,,1,,,,,https://sonergia.fr/conseils-travaux/isolation/materiaux-isolants/confort-dete-les-meilleurs-isolants-contre-la-chaleur/
pompe à chaleur air-eau prix,150,2,122,False,True,True,,5,,,,,https://sonergia.fr/conseils-travaux/chauffage/pompe-a-chaleur/prix-pompe-a-chaleur-air-eau-quel-budget-moyen-prevoir/
isolation bruit mur,100,0,35,False,False,True,,4,,,,,https://sonergia.fr/conseils-travaux/isolation/isolation-phonique/comment-isoler-phoniquement-un-mur-entre-voisins/
prix chaudiere biomasse,100,0,50,False,False,True,,3,,,,,https://sonergia.fr/conseils-travaux/chauffage/chaudiere-biomasse/prix-dune-chaudiere-biomasse-tout-pour-etablir-votre-budget/
pompe à chaleur à 1 €,200,0,182,False,False,True,,6,,,,,https://sonergia.fr/conseils-travaux/chauffage/pompe-a-chaleur/pompe-a-chaleur-a-1-e-opportunite-ou-arnaque/
isolation carrelage sol,40,0,22,False,False,True,,1,,,,,https://sonergia.fr/conseils-travaux/isolation/sol/comment-isoler-un-sol-deja-carrele-les-solutions/
prix pompe à chaleur géothermique,150,0,67,False,False,True,,5,,,,,https://sonergia.fr/conseils-travaux/chauffage/pompe-a-chaleur/prix-pompe-a-chaleur-eau-eau-quel-budget-pour-votre-chauffage/
pompe à chaleur 1 €,150,0,277,False,False,True,,5,,,,,https://sonergia.fr/conseils-travaux/chauffage/pompe-a-chaleur/pompe-a-chaleur-a-1-e-opportunite-ou-arnaque/
isoler un mur humide enterré,80,0,45,False,False,True,,3,,,,,https://sonergia.fr/conseils-travaux/isolation/sol/comment-realiser-lisolation-dun-sous-sol-humide-les-solutions/
dpe vente appartement,150,36,38,False,False,True,,4,,,,,https://sonergia.fr/guide-des-aides/reglementation/le-dpe-est-il-obligatoire-pour-la-vente-dun-logement/
isolation thermique fine mur intérieur,50,0,36,False,False,True,,2,,,,,https://sonergia.fr/conseils-travaux/isolation/mur/quelle-isolation-mince-pour-les-murs-interieurs/
comment isoler un sous sol,100,0,44,False,False,True,,3,,,,,https://sonergia.fr/conseils-travaux/isolation/sol/comment-realiser-lisolation-dun-sous-sol-humide-les-solutions/
chauffage fuel interdit,100,2,5,False,False,True,,3,,,,,https://sonergia.fr/conseils-travaux/chauffage/chaudiere-au-fioul/interdiction-de-la-chaudiere-au-fioul-quen-est-il/
robinet thermostatique radiateur connecté,200,0,16,False,True,True,,7,,,,,https://sonergia.fr/conseils-travaux/chauffage/thermostat-connecte/tetes-thermostatiques-connectees-fonctionnement-et-utilite/
prime sonergia,10,0,94,False,False,True,,1,,,,,https://sonergia.fr/guide-des-aides/primes-energie/prime-energie-cee/le-guide-de-la-prime-energie-cee/
combien de temps pour devenir rge,100,0,17,False,False,True,,3,,,,,https://sonergia.fr/professionnels/devenir-rge/rge-combien-de-temps-pour-devenir-une-entreprise-certifiee/
pompe a chaleur a 1 euros,40,0,304,False,False,True,,2,,,,,https://sonergia.fr/conseils-travaux/chauffage/pompe-a-chaleur/pompe-a-chaleur-a-1-e-opportunite-ou-arnaque/
isolation acoustique sol,200,0,26,False,False,True,,7,,,,,https://sonergia.fr/conseils-travaux/isolation/isolation-phonique/les-solutions-pour-isoler-phoniquement-un-sol/
prime énergie résidence secondaire,30,0,50,False,False,True,,1,,,,,https://sonergia.fr/guide-des-aides/autres-aides/residence-secondaire-quelles-aides-pour-renover/
prix chaudiere electrique,200,0,37,False,True,True,,5,,,,,https://sonergia.fr/conseils-travaux/chauffage/chaudiere-electrique/chaudiere-electrique-un-bon-choix/
coût remplacement chaudière fioul par pompe à chaleur,300,0,116,False,False,True,,8,,,,,https://sonergia.fr/conseils-travaux/chauffage/chaudiere-au-fioul/combien-coute-le-remplacement-dune-chaudiere-au-fioul/
isoler mur intérieur,700,2,25,False,False,True,,10,,,5,,https://sonergia.fr/conseils-travaux/isolation/mur/quelle-epaisseur-pour-lisolation-dun-mur-interieur/
isolation sous-sol,150,0,,False,False,True,,6,,,,,https://sonergia.fr/conseils-travaux/isolation/sol/comment-realiser-lisolation-dun-sous-sol-humide-les-solutions/
prix tonne de granulés,30,1,21,False,False,True,,1,,,,,https://sonergia.fr/conseils-travaux/chauffage/poele-a-granules/prix-des-granules-de-bois-evolution-tarifs-et-perspectives/
quelle épaisseur de laine de verre pour isoler un mur,70,0,23,False,False,True,,4,,,,,https://sonergia.fr/conseils-travaux/isolation/materiaux-isolants/lepaisseur-de-laine-de-verre-ideale-pour-isoler/
dpe achat maison,100,36,41,False,False,True,,3,,,,,https://sonergia.fr/guide-des-aides/reglementation/le-dpe-est-il-obligatoire-pour-la-vente-dun-logement/
prix granulés bois vrac,150,1,30,False,True,True,,6,,,,,https://sonergia.fr/conseils-travaux/chauffage/poele-a-granules/prix-des-granules-de-bois-evolution-tarifs-et-perspectives/
tete thermostatique connectée,1900,0,15,False,True,True,,11,,,,,https://sonergia.fr/conseils-travaux/chauffage/thermostat-connecte/tetes-thermostatiques-connectees-fonctionnement-et-utilite/
pompe à chaleur géothermique prix,250,0,67,False,True,True,,8,,,,,https://sonergia.fr/conseils-travaux/chauffage/pompe-a-chaleur/prix-pompe-a-chaleur-eau-eau-quel-budget-pour-votre-chauffage/
prime renov locataire,100,2,62,False,False,True,,4,,,,,https://sonergia.fr/guide-des-aides/primes-energie/prime-energie-cee/la-prime-energie-une-aide-a-la-renovation-accessible-aux-locataires/
isolant sol garage,70,0,22,False,True,True,,4,,,,,https://sonergia.fr/conseils-travaux/isolation/sol/comment-et-pourquoi-realiser-lisolation-du-sol-de-votre-garage/
aide cee pompe a chaleur air eau,30,2,184,False,False,True,,1,,,,,https://sonergia.fr/guide-des-aides/primes-energie/prime-energie-cee/prime-energie-les-montants-pour-une-pompe-a-chaleur/
isolation acoustique mur mitoyen,60,0,53,False,False,True,,2,,,,,https://sonergia.fr/conseils-travaux/isolation/isolation-phonique/comment-isoler-phoniquement-un-mur-entre-voisins/
dpe obligatoire vente,500,37,7,False,False,True,,4,,,,,https://sonergia.fr/guide-des-aides/reglementation/le-dpe-est-il-obligatoire-pour-la-vente-dun-logement/
installation d'un poele a granule,70,0,19,False,False,True,,3,,,,,https://sonergia.fr/conseils-travaux/chauffage/poele-a-granules/poele-a-granules-les-cles-dune-installation-optimisee/
dpe obligatoire location,1200,37,6,False,False,True,,15,,,,,https://sonergia.fr/guide-des-aides/reglementation/dpe-et-location-quelles-obligations-en-2024/
isolation mur intérieur épaisseur,300,0,6,False,False,True,,8,,,,,https://sonergia.fr/conseils-travaux/isolation/mur/quelle-epaisseur-pour-lisolation-dun-mur-interieur/
isolation sur dalle béton,100,0,34,False,False,True,,3,,,,,https://sonergia.fr/conseils-travaux/isolation/sol/comment-realiser-lisolation-thermique-de-votre-sol-en-beton/
chaudière fioul interdite en 2030,250,0,11,False,False,True,,8,,,,,https://sonergia.fr/conseils-travaux/chauffage/chaudiere-au-fioul/interdiction-de-la-chaudiere-au-fioul-quen-est-il/
isolation confort d'été,30,0,30,False,False,True,,1,,,,,https://sonergia.fr/conseils-travaux/isolation/materiaux-isolants/confort-dete-les-meilleurs-isolants-contre-la-chaleur/
prix pompe à chaleur air-air pour 120m2,250,0,129,False,True,True,,8,,,,,https://sonergia.fr/conseils-travaux/chauffage/pompe-a-chaleur/prix-pompe-a-chaleur-maison-120-m%C2%B2-couts-dinstallation-aides/
prix installation pompe a chaleur air eau,150,1,152,False,False,True,,6,,,,,https://sonergia.fr/conseils-travaux/chauffage/pompe-a-chaleur/prix-pompe-a-chaleur-air-eau-quel-budget-moyen-prevoir/
entretien poele a granule prix,70,0,9,False,False,True,,3,,,,,https://sonergia.fr/conseils-travaux/chauffage/poele-a-granules/tarif-dentretien-dun-poele-a-granules-tous-les-prix-a-prevoir/
prime cee poele a bois,200,2,119,False,False,True,,10,,,,,https://sonergia.fr/guide-des-aides/primes-energie/prime-energie-cee/prime-energie-pour-poele-a-bois-comment-en-profiter/
fioul interdit,90,1,,False,False,True,,3,,,,,https://sonergia.fr/conseils-travaux/chauffage/chaudiere-au-fioul/interdiction-de-la-chaudiere-au-fioul-quen-est-il/
prix chaudière biomasse,90,0,51,False,False,True,,3,,,,,https://sonergia.fr/conseils-travaux/chauffage/chaudiere-biomasse/prix-dune-chaudiere-biomasse-tout-pour-etablir-votre-budget/
prix pompe à chaleur eau eau,30,0,76,False,False,True,,1,,,,,https://sonergia.fr/conseils-travaux/chauffage/pompe-a-chaleur/prix-pompe-a-chaleur-eau-eau-quel-budget-pour-votre-chauffage/
meilleur chauffage maison,150,3,71,False,False,True,,5,,,,,https://sonergia.fr/conseils-travaux/chauffage/quel-systeme-de-chauffage-choisir-le-comparatif-complet/
isolant mur interieur,100,1,86,False,False,True,,5,,,,,https://sonergia.fr/conseils-travaux/isolation/mur/quelle-epaisseur-pour-lisolation-dun-mur-interieur/
combien coute un ramonage poele a granule,30,0,,False,False,True,,1,,,,,https://sonergia.fr/conseils-travaux/chauffage/poele-a-granules/tarif-dentretien-dun-poele-a-granules-tous-les-prix-a-prevoir/
quelle résistance thermique pour une bonne isolation,30,2,45,False,False,True,,1,,,,,https://sonergia.fr/conseils-travaux/isolation/quel-coefficient-de-resistance-thermique-pour-bien-isoler/
ramonage poêle à granulés tarif,30,0,41,False,False,True,,1,,,,,https://sonergia.fr/conseils-travaux/chauffage/poele-a-granules/tarif-dentretien-dun-poele-a-granules-tous-les-prix-a-prevoir/
consommation d'une pompe à chaleur,200,1,5,False,False,True,,7,,,,,https://sonergia.fr/conseils-travaux/chauffage/pompe-a-chaleur/quelle-est-la-consommation-delectricite-dune-pompe-a-chaleur/
chauffe eau thermodynamique ou électrique,150,0,7,False,False,True,,7,,,,,https://sonergia.fr/conseils-travaux/chauffage/chauffe-eau/quel-chauffe-eau-choisir-thermodynamique-ou-electrique/
isoler dalle garage,20,0,24,False,False,True,,1,,,,,https://sonergia.fr/conseils-travaux/isolation/sol/comment-et-pourquoi-realiser-lisolation-du-sol-de-votre-garage/
comment isoler un sol froid,50,0,16,False,False,True,,3,,,,,https://sonergia.fr/conseils-travaux/isolation/sol/comment-isoler-un-sol-deja-carrele-les-solutions/
aide rénovation propriétaire bailleur,150,2,51,False,False,True,,5,,,1,,https://sonergia.fr/guide-des-aides/autres-aides/proprietaires-bailleurs-quelles-sont-les-aides-pour-renover-votre-logement-locatif/
interdiction chauffage fioul,70,1,3,False,False,True,,2,,,,,https://sonergia.fr/conseils-travaux/chauffage/chaudiere-au-fioul/interdiction-de-la-chaudiere-au-fioul-quen-est-il/
isolation chaleur été,100,0,32,False,False,True,,4,,1,,,https://sonergia.fr/conseils-travaux/isolation/materiaux-isolants/confort-dete-les-meilleurs-isolants-contre-la-chaleur/
dpe obligatoire vente maison,100,37,6,False,False,True,,4,,,,,https://sonergia.fr/guide-des-aides/reglementation/le-dpe-est-il-obligatoire-pour-la-vente-dun-logement/
tarif entretien poele a granule,50,0,37,False,False,True,,3,,,,,https://sonergia.fr/conseils-travaux/chauffage/poele-a-granules/tarif-dentretien-dun-poele-a-granules-tous-les-prix-a-prevoir/
isolation sur carrelage,30,0,,False,False,True,,1,,,,,https://sonergia.fr/conseils-travaux/isolation/sol/comment-isoler-un-sol-deja-carrele-les-solutions/
cop chauffe eau thermodynamique,100,0,36,False,False,True,,6,,,,,https://sonergia.fr/conseils-travaux/chauffage/chauffe-eau/lessentiel-sur-le-chauffe-eau-thermodynamique/
dpe maison,5500,30,67,False,False,True,,10,,,,,https://sonergia.fr/guide-des-aides/reglementation/dpe-et-maison-ancienne-ce-quil-faut-savoir/
robinet thermostatique connecte,150,0,13,False,True,True,,6,,,,,https://sonergia.fr/conseils-travaux/chauffage/thermostat-connecte/tetes-thermostatiques-connectees-fonctionnement-et-utilite/
isolant fin pour mur intérieur,80,0,18,False,True,True,,3,,,,,https://sonergia.fr/conseils-travaux/isolation/mur/quelle-isolation-mince-pour-les-murs-interieurs/
mur isolation phonique,150,1,9,False,True,True,,4,,,,,https://sonergia.fr/conseils-travaux/isolation/isolation-phonique/comment-isoler-phoniquement-un-mur-entre-voisins/
isolation phonique mur mitoyen locataire,30,0,,False,False,True,,1,,,,,https://sonergia.fr/conseils-travaux/isolation/isolation-phonique/comment-isoler-phoniquement-un-mur-entre-voisins/
prix d'un ramonage de poêle à granulés,30,0,33,False,False,True,,1,,,,,https://sonergia.fr/conseils-travaux/chauffage/poele-a-granules/tarif-dentretien-dun-poele-a-granules-tous-les-prix-a-prevoir/
r isolation mur,150,1,64,False,False,True,,6,,,,,https://sonergia.fr/conseils-travaux/isolation/mur/quelle-epaisseur-pour-lisolation-dun-mur-interieur/
isolant mince polyuréthane,80,0,,True,True,True,,3,,,,,https://sonergia.fr/conseils-travaux/isolation/materiaux-isolants/le-polyurethane-lisolation-mince-par-excellence/
isoler une dalle béton,70,0,41,False,False,True,,3,,,,,https://sonergia.fr/conseils-travaux/isolation/sol/comment-realiser-lisolation-thermique-de-votre-sol-en-beton/
panneau fibre de bois acoustique,80,0,44,True,True,True,,3,,,,,https://sonergia.fr/conseils-travaux/isolation/isolation-phonique/fibre-de-bois-ou-laine-de-roche-quel-isolant-choisir-pour-lisolation-phonique/
chauffage non électrique,100,0,17,False,False,True,,4,,,,,https://sonergia.fr/conseils-travaux/chauffage/chauffage-dappoint-economique-plus-de-confort-sans-vous-ruiner/
pompe a chaleur 1 euro avis,60,0,,False,False,True,,2,,,,,https://sonergia.fr/conseils-travaux/chauffage/pompe-a-chaleur/pompe-a-chaleur-a-1-e-opportunite-ou-arnaque/
isolant mur intérieur faible épaisseur,40,0,20,False,False,True,,2,,,,,https://sonergia.fr/conseils-travaux/isolation/mur/quelle-isolation-mince-pour-les-murs-interieurs/
isolation sol sur carrelage,60,0,,False,False,True,,2,,,,,https://sonergia.fr/conseils-travaux/isolation/sol/comment-isoler-un-sol-deja-carrele-les-solutions/
pompe à chaleur chauffage central,200,0,113,False,False,True,,8,,,,,https://sonergia.fr/conseils-travaux/chauffage/pompe-a-chaleur/pompe-a-chaleur-une-solution-performante-de-chauffage-central/
isolation du sol sur carrelage,30,0,36,False,False,True,,1,,,,,https://sonergia.fr/conseils-travaux/isolation/sol/comment-isoler-un-sol-deja-carrele-les-solutions/
vente logement passoire energetique,30,0,,False,False,True,,1,,,,,https://sonergia.fr/conseils-travaux/isolation/passoires-thermiques/la-vente-dune-passoire-thermique-est-elle-interdite/
combien coute un ramonage de poele a granule,30,0,28,False,False,True,,1,,,,,https://sonergia.fr/conseils-travaux/chauffage/poele-a-granules/tarif-dentretien-dun-poele-a-granules-tous-les-prix-a-prevoir/
obligation dpe,150,38,6,False,False,True,,6,,,,,https://sonergia.fr/guide-des-aides/reglementation/le-dpe-est-il-obligatoire-pour-la-vente-dun-logement/
isolation mince mur,200,0,8,False,False,True,,9,,,,,https://sonergia.fr/conseils-travaux/isolation/mur/quelle-isolation-mince-pour-les-murs-interieurs/
isoler carrelage froid,30,0,,False,False,True,,1,,,,,https://sonergia.fr/conseils-travaux/isolation/sol/comment-isoler-un-sol-deja-carrele-les-solutions/
par vapeur isolation,250,0,,False,False,True,,7,,,,,https://sonergia.fr/conseils-travaux/isolation/pare-vapeur-et-isolation-ce-quil-faut-savoir/
note de dimensionnement chaudière biomasse,20,0,,False,False,True,,1,,,,,https://sonergia.fr/conseils-travaux/chauffage/chaudiere-biomasse/quest-ce-quune-note-de-dimensionnement-de-chaudiere-biomasse/
tarif installation pompe a chaleur,90,1,203,False,False,True,,4,,,,,https://sonergia.fr/conseils-travaux/chauffage/pompe-a-chaleur/prix-pompe-a-chaleur-air-eau-quel-budget-moyen-prevoir/
prime etat panneau solaire,90,9,175,False,False,True,,4,,,,,https://sonergia.fr/conseils-travaux/solaire/panneaux-photovoltaiques/qui-verse-la-prime-a-lautoconsommation/
thermostat connecté sans fil,200,0,14,False,True,True,,8,,,,,https://sonergia.fr/conseils-travaux/chauffage/thermostat-connecte/quel-est-le-fonctionnement-dun-thermostat-connecte-sans-fil/
isolation phonique mur intérieur appartement,50,0,60,False,False,True,,2,,,,,https://sonergia.fr/conseils-travaux/isolation/isolation-phonique/comment-isoler-phoniquement-un-mur-entre-voisins/
chauffage fioul interdiction,60,2,,False,False,True,,2,,,,,https://sonergia.fr/conseils-travaux/chauffage/chaudiere-au-fioul/interdiction-de-la-chaudiere-au-fioul-quen-est-il/
isolation intérieur,300,2,68,False,False,True,,9,,,,,https://sonergia.fr/conseils-travaux/isolation/mur/quelle-epaisseur-pour-lisolation-dun-mur-interieur/
prix moyen ramonage poele a granules,20,0,42,False,False,True,,1,,,,,https://sonergia.fr/conseils-travaux/chauffage/poele-a-granules/tarif-dentretien-dun-poele-a-granules-tous-les-prix-a-prevoir/
dpe interdiction vente,20,1,,False,False,True,,1,,,,,https://sonergia.fr/conseils-travaux/isolation/passoires-thermiques/la-vente-dune-passoire-thermique-est-elle-interdite/
isoler mur intérieur phoniquement,20,2,19,False,False,True,,1,,,,,https://sonergia.fr/conseils-travaux/isolation/isolation-phonique/comment-isoler-phoniquement-un-mur-entre-voisins/
isolant phonique fibre de bois,20,0,35,False,False,True,,1,,,,,https://sonergia.fr/conseils-travaux/isolation/isolation-phonique/fibre-de-bois-ou-laine-de-roche-quel-isolant-choisir-pour-lisolation-phonique/
dpe g vente,100,0,42,False,False,True,,2,,,,,https://sonergia.fr/conseils-travaux/isolation/passoires-thermiques/la-vente-dune-passoire-thermique-est-elle-interdite/
seuils dpe,300,35,9,False,False,True,,9,,,,,https://sonergia.fr/guide-des-aides/reglementation/dpe-et-petites-surfaces-quel-impact-du-nouveau-mode-de-calcul/
thermostat radiateur connecté,300,0,15,False,True,True,,10,,,,,https://sonergia.fr/conseils-travaux/chauffage/thermostat-connecte/quel-est-le-fonctionnement-dun-thermostat-connecte-sans-fil/
isoler le sol du froid,60,0,15,False,False,True,,5,,,,,https://sonergia.fr/conseils-travaux/isolation/sol/comment-isoler-un-sol-deja-carrele-les-solutions/
durée de vie panneaux solaires thermiques,100,3,62,False,False,True,,5,,,,,https://sonergia.fr/conseils-travaux/solaire/panneaux-thermiques/quelle-est-la-duree-de-vie-dun-panneau-solaire-thermique/
isoler un sous sol,60,0,60,False,False,True,,3,,,,,https://sonergia.fr/conseils-travaux/isolation/sol/comment-realiser-lisolation-dun-sous-sol-humide-les-solutions/
isolation mur intérieur quelle epaisseur,50,0,31,False,False,True,,5,,,,,https://sonergia.fr/conseils-travaux/isolation/mur/quelle-epaisseur-pour-lisolation-dun-mur-interieur/
epaisseur isolation dalle beton,100,0,,False,False,True,,5,,,,,https://sonergia.fr/conseils-travaux/isolation/sol/comment-realiser-lisolation-thermique-de-votre-sol-en-beton/
vannes thermostatiques connectées,150,0,21,False,True,True,,7,,,,,https://sonergia.fr/conseils-travaux/chauffage/thermostat-connecte/tetes-thermostatiques-connectees-fonctionnement-et-utilite/
dalle isolante,200,0,22,False,True,True,,6,,,,,https://sonergia.fr/conseils-travaux/isolation/sol/comment-realiser-lisolation-thermique-de-votre-sol-en-beton/
isoler mur sous sol,60,0,71,False,False,True,,2,,,,,https://sonergia.fr/conseils-travaux/isolation/sol/comment-realiser-lisolation-dun-sous-sol-humide-les-solutions/
quel est le meilleur système de chauffage,100,2,96,False,False,True,,6,,,,,https://sonergia.fr/conseils-travaux/chauffage/quel-systeme-de-chauffage-choisir-le-comparatif-complet/
pompe à chaleur cop 10,90,1,64,False,False,True,,4,,,,,https://sonergia.fr/conseils-travaux/chauffage/pompe-a-chaleur/cop-pompe-a-chaleur-un-coefficient-de-performance-de-reference/
isolation mur intérieur phonique,20,2,46,False,False,True,,1,,,,,https://sonergia.fr/conseils-travaux/isolation/isolation-phonique/comment-isoler-phoniquement-un-mur-entre-voisins/
cout changement chaudiere fioul,20,0,87,False,False,True,,1,,,,,https://sonergia.fr/conseils-travaux/chauffage/chaudiere-au-fioul/combien-coute-le-remplacement-dune-chaudiere-au-fioul/
fibre de bois isolant phonique,20,0,37,False,False,True,,1,,,,,https://sonergia.fr/conseils-travaux/isolation/isolation-phonique/fibre-de-bois-ou-laine-de-roche-quel-isolant-choisir-pour-lisolation-phonique/
isolant mince mur à peindre,150,0,13,False,True,True,,7,,,,,https://sonergia.fr/conseils-travaux/isolation/mur/quelle-isolation-mince-pour-les-murs-interieurs/
isolation phonique mur mitoyen sans travaux,150,0,10,False,False,True,,2,,,,,https://sonergia.fr/conseils-travaux/isolation/isolation-phonique/comment-isoler-phoniquement-un-mur-entre-voisins/
meilleur isolant phonique extérieur,90,0,45,False,False,True,,4,,,,,https://sonergia.fr/conseils-travaux/isolation/isolation-phonique/fibre-de-bois-ou-laine-de-roche-quel-isolant-choisir-pour-lisolation-phonique/
promo granulés de bois,250,0,23,False,True,True,,9,,,,,https://sonergia.fr/conseils-travaux/chauffage/poele-a-granules/prix-des-granules-de-bois-evolution-tarifs-et-perspectives/
meilleur système de chauffage,100,3,74,False,False,True,,6,,,,,https://sonergia.fr/conseils-travaux/chauffage/quel-systeme-de-chauffage-choisir-le-comparatif-complet/
isolation sol sur dalle beton,150,0,41,False,False,True,,7,,,,,https://sonergia.fr/conseils-travaux/isolation/sol/comment-realiser-lisolation-thermique-de-votre-sol-en-beton/
comment isoler phoniquement un plafond,100,0,42,False,False,True,,7,,,,,https://sonergia.fr/conseils-travaux/isolation/isolation-phonique/isoler-un-plafond-du-bruit-enjeux-et-methode/
dpe petite surface,250,4,4,False,False,True,,9,,,,,https://sonergia.fr/guide-des-aides/reglementation/dpe-et-petites-surfaces-quel-impact-du-nouveau-mode-de-calcul/
pompes à chaleur air air,200,0,94,False,True,True,,6,,,,,https://sonergia.fr/conseils-travaux/chauffage/pompe-a-chaleur/quelles-sont-les-differences-entre-pompe-a-chaleur-air-air-et-air-eau/
aides cee,200,36,158,False,False,True,,8,,,,,https://sonergia.fr/guide-des-aides/primes-energie/prime-energie-cee/les-5-aides-a-cumuler-avec-la-prime-energie-cee/
isoler une cave humide,60,0,43,False,False,True,,3,,,,,https://sonergia.fr/conseils-travaux/isolation/sol/comment-realiser-lisolation-dun-sous-sol-humide-les-solutions/
pompe à chaleur solaire,150,0,70,False,False,True,,7,,,,,https://sonergia.fr/conseils-travaux/chauffage/pompe-a-chaleur/cest-quoi-un-systeme-solaire-combine-avec-pompe-a-chaleur/
investissement panneau solaire,150,28,145,False,True,True,,6,,,,,https://sonergia.fr/conseils-travaux/solaire/panneaux-photovoltaiques/panneaux-solaires-quel-est-le-retour-sur-investissement/
prix ramonage et entretien poêle à granulés,20,0,34,False,False,True,,1,,,,,https://sonergia.fr/conseils-travaux/chauffage/poele-a-granules/tarif-dentretien-dun-poele-a-granules-tous-les-prix-a-prevoir/
interdiction vente dpe f et g,20,0,,False,False,True,,1,,,,,https://sonergia.fr/conseils-travaux/isolation/passoires-thermiques/la-vente-dune-passoire-thermique-est-elle-interdite/
diagnostic dpe vente maison,90,36,152,False,False,True,,4,,,,,https://sonergia.fr/guide-des-aides/reglementation/le-dpe-est-il-obligatoire-pour-la-vente-dun-logement/
aide rénovation maison,100,62,141,False,False,True,,7,,,,,https://sonergia.fr/guide-des-aides/autres-aides/5-aides-financieres-pour-renover-une-maison-ancienne/
aide pour rénovation maison,80,69,134,False,False,True,,6,,,,,https://sonergia.fr/guide-des-aides/autres-aides/5-aides-financieres-pour-renover-une-maison-ancienne/
demande prime cee,150,16,198,False,False,True,,6,,,,,https://sonergia.fr/guide-des-aides/primes-energie/prime-energie-cee/demander-sa-prime-cee-les-etapes-et-conditions/
isolant mur interieur fin,50,0,,False,True,True,,2,,,,,https://sonergia.fr/conseils-travaux/isolation/mur/quelle-isolation-mince-pour-les-murs-interieurs/
isolant pour sous sol,80,0,100,False,True,True,,7,,,,,https://sonergia.fr/conseils-travaux/isolation/sol/comment-realiser-lisolation-dun-sous-sol-humide-les-solutions/
fonctionnement chaudière fioul avec production eau chaude,150,0,,False,False,True,,6,,,,,https://sonergia.fr/conseils-travaux/chauffage/chaudiere-au-fioul/chaudiere-au-fioul-fonctionnement-alternatives-et-financement/
isolation sol par le dessus,150,0,20,False,False,True,,6,,,,,https://sonergia.fr/conseils-travaux/isolation/sol/comment-isoler-un-sol-deja-carrele-les-solutions/
isolation rampant de toiture à 1 euro,80,1,150,False,False,True,,4,,,,,https://sonergia.fr/conseils-travaux/isolation/combles/lisolation-des-combles-a-1-euro-toujours-dactualite/
isolation paille inconvénients,90,0,,False,False,True,,4,,,,,https://sonergia.fr/conseils-travaux/isolation/materiaux-isolants/la-paille-lisolation-ecologique-par-excellence/
comment supprimer un pont thermique,90,1,14,False,False,True,,5,,,,,https://sonergia.fr/conseils-travaux/isolation/3-solutions-pour-supprimer-les-ponts-thermiques/
chaudiere au fuel interdite,70,1,15,False,False,True,,3,,,,,https://sonergia.fr/conseils-travaux/chauffage/chaudiere-au-fioul/interdiction-de-la-chaudiere-au-fioul-quen-est-il/
épaisseur isolant mur intérieur,100,0,36,False,False,True,,5,,,,,https://sonergia.fr/conseils-travaux/isolation/mur/quelle-epaisseur-pour-lisolation-dun-mur-interieur/
formation rge prix,150,0,43,False,False,True,,7,,,,,https://sonergia.fr/professionnels/devenir-rge/quel-est-le-prix-dune-formation-rge/
pompe a chaleur puissance,90,0,56,False,False,True,,5,,,,,https://sonergia.fr/conseils-travaux/chauffage/pompe-a-chaleur/quelle-puissance-electrique-choisir-pour-une-pompe-a-chaleur-air-eau/
epaisseur mur parpaing + isolation,100,0,74,False,False,True,,6,,,,,https://sonergia.fr/conseils-travaux/isolation/mur/quelle-epaisseur-pour-lisolation-dun-mur-interieur/
isolation sol cave humide,20,0,95,False,False,True,,1,,,,,https://sonergia.fr/conseils-travaux/isolation/sol/comment-realiser-lisolation-dun-sous-sol-humide-les-solutions/
comment isoler un mur mitoyen,20,0,16,False,False,True,,1,,,,,https://sonergia.fr/conseils-travaux/isolation/isolation-phonique/comment-isoler-phoniquement-un-mur-entre-voisins/
pompe a chaleur combiné solaire,20,1,98,False,False,True,,1,,,,,https://sonergia.fr/conseils-travaux/chauffage/pompe-a-chaleur/cest-quoi-un-systeme-solaire-combine-avec-pompe-a-chaleur/
remplacement pompe à chaleur : prix,20,0,,False,False,True,,1,,,,,https://sonergia.fr/conseils-travaux/chauffage/pompe-a-chaleur/prix-pompe-a-chaleur-air-eau-quel-budget-moyen-prevoir/
coût pompe à chaleur,200,2,110,False,False,True,,7,,,,,https://sonergia.fr/conseils-travaux/chauffage/pompe-a-chaleur/prix-par-type-de-pompe-a-chaleur-decouvrez-les-tarifs-des-pac/
changer chauffage fioul,150,1,179,False,False,True,,7,,,,,https://sonergia.fr/conseils-travaux/chauffage/chaudiere-au-fioul/combien-coute-le-remplacement-dune-chaudiere-au-fioul/
prix granulés en vrac,150,1,21,False,True,True,,8,,,,,https://sonergia.fr/conseils-travaux/chauffage/poele-a-granules/prix-des-granules-de-bois-evolution-tarifs-et-perspectives/
réparation chaudière fioul interdit,150,0,48,False,False,True,,6,,,,,https://sonergia.fr/conseils-travaux/chauffage/chaudiere-au-fioul/interdiction-de-la-chaudiere-au-fioul-quen-est-il/
prix d un ramonage poele a granule,30,0,,False,False,True,,1,,,,,https://sonergia.fr/conseils-travaux/chauffage/poele-a-granules/tarif-dentretien-dun-poele-a-granules-tous-les-prix-a-prevoir/
isolation mur phonique,60,4,44,False,False,True,,3,,,,,https://sonergia.fr/conseils-travaux/isolation/isolation-phonique/comment-isoler-phoniquement-un-mur-entre-voisins/
isolation murale fine,30,0,15,False,True,True,,2,,,,,https://sonergia.fr/conseils-travaux/isolation/mur/quelle-isolation-mince-pour-les-murs-interieurs/
isolant acoustique plafond,200,0,29,False,True,True,,10,,,,,https://sonergia.fr/conseils-travaux/isolation/isolation-phonique/isoler-un-plafond-du-bruit-enjeux-et-methode/
isolation mur,1300,2,96,False,False,True,,9,,,3,,https://sonergia.fr/conseils-travaux/isolation/mur/quelle-epaisseur-pour-lisolation-dun-mur-interieur/
isolation phonique maison mitoyenne,50,0,48,False,False,True,,4,,,,,https://sonergia.fr/conseils-travaux/isolation/isolation-phonique/comment-isoler-phoniquement-un-mur-entre-voisins/
dpe appartement location,100,2,57,False,False,True,,6,,,,,https://sonergia.fr/guide-des-aides/reglementation/dpe-et-location-quelles-obligations-en-2024/
epaisseur isolant mur,100,1,1,False,False,True,,7,,,,,https://sonergia.fr/conseils-travaux/isolation/mur/quelle-epaisseur-pour-lisolation-dun-mur-interieur/
chaudière biomasse granulés,60,0,57,False,True,True,,3,,,,,https://sonergia.fr/conseils-travaux/chauffage/chaudiere-biomasse/chaudiere-biomasse-a-granules-fonctionnement-avis-prix/
isolant phonique laine de bois,20,0,20,False,False,True,,1,,,,,https://sonergia.fr/conseils-travaux/isolation/isolation-phonique/fibre-de-bois-ou-laine-de-roche-quel-isolant-choisir-pour-lisolation-phonique/
coefficient isolation maison,20,4,,False,False,True,,1,,,,,https://sonergia.fr/conseils-travaux/isolation/quel-coefficient-de-resistance-thermique-pour-bien-isoler/
pompe a chaleur economie,150,1,96,False,False,True,,6,,,,,https://sonergia.fr/conseils-travaux/chauffage/pompe-a-chaleur/pompe-a-chaleur-un-choix-vraiment-economique/
dpe obligatoire pour vente maison,100,8,,False,False,True,,4,,,,,https://sonergia.fr/guide-des-aides/reglementation/le-dpe-est-il-obligatoire-pour-la-vente-dun-logement/
pompe à chaleur avec radiateur existant prix,60,1,98,False,False,True,,3,,,,,https://sonergia.fr/conseils-travaux/chauffage/pompe-a-chaleur/prix-pompe-a-chaleur-air-eau-quel-budget-moyen-prevoir/
prix pompe chaleur air eau,150,2,150,False,False,True,,8,,,,,https://sonergia.fr/conseils-travaux/chauffage/pompe-a-chaleur/prix-pompe-a-chaleur-air-eau-quel-budget-moyen-prevoir/
suivi production solaire,100,2,60,False,False,True,,6,,,,,https://sonergia.fr/conseils-travaux/solaire/panneaux-photovoltaiques/comment-suivre-sa-production-photovoltaique/
isolant mur intérieur mince,100,0,7,False,False,True,,7,,,,,https://sonergia.fr/conseils-travaux/isolation/mur/quelle-isolation-mince-pour-les-murs-interieurs/
comment isoler phoniquement un mur mitoyen,40,0,38,False,False,True,,2,,,,,https://sonergia.fr/conseils-travaux/isolation/isolation-phonique/comment-isoler-phoniquement-un-mur-entre-voisins/
coefficient isolation thermique matériaux,90,3,44,False,False,True,,5,,,,,https://sonergia.fr/conseils-travaux/isolation/quel-coefficient-de-resistance-thermique-pour-bien-isoler/
prix granules bois,100,3,19,False,False,True,,6,,,,,https://sonergia.fr/conseils-travaux/chauffage/poele-a-granules/prix-des-granules-de-bois-evolution-tarifs-et-perspectives/
comment isoler du froid un sol carrelé,60,0,38,False,False,True,,3,,,,,https://sonergia.fr/conseils-travaux/isolation/sol/comment-isoler-un-sol-deja-carrele-les-solutions/
meilleur isolant contre la chaleur,60,1,,False,False,True,,3,,,,,https://sonergia.fr/conseils-travaux/isolation/materiaux-isolants/confort-dete-les-meilleurs-isolants-contre-la-chaleur/
quelle puissance électrique pour une pompe à chaleur air-eau,60,0,41,False,False,True,,3,,,,,https://sonergia.fr/conseils-travaux/chauffage/pompe-a-chaleur/quelle-puissance-electrique-choisir-pour-une-pompe-a-chaleur-air-eau/
prix tonne granulés vrac,300,1,30,False,True,True,,10,,,,,https://sonergia.fr/conseils-travaux/chauffage/poele-a-granules/prix-des-granules-de-bois-evolution-tarifs-et-perspectives/
aide propriétaire bailleur,100,3,74,False,False,True,,5,,,1,,https://sonergia.fr/guide-des-aides/autres-aides/proprietaires-bailleurs-quelles-sont-les-aides-pour-renover-votre-logement-locatif/
isolation des murs par l intérieur,100,0,84,False,False,True,,6,,,,,https://sonergia.fr/conseils-travaux/isolation/mur/quelle-epaisseur-pour-lisolation-dun-mur-interieur/
isoler sol carrelage,20,0,22,False,False,True,,1,,,,,https://sonergia.fr/conseils-travaux/isolation/sol/comment-isoler-un-sol-deja-carrele-les-solutions/
isolation interieur mince,20,0,34,False,False,True,,1,,,,,https://sonergia.fr/conseils-travaux/isolation/mur/quelle-isolation-mince-pour-les-murs-interieurs/
arnaque prime renov,150,1,19,False,False,True,,7,,,,,https://sonergia.fr/guide-des-aides/autres-aides/ma-prime-renov/arnaque-maprimerenov-comment-leviter/
isolation contre la chaleur toiture,100,0,,False,False,True,,6,,,,,https://sonergia.fr/conseils-travaux/isolation/materiaux-isolants/confort-dete-les-meilleurs-isolants-contre-la-chaleur/
prime à l'autoconsommation photovoltaïque,150,12,107,False,False,True,,7,,,,,https://sonergia.fr/conseils-travaux/solaire/panneaux-photovoltaiques/qui-verse-la-prime-a-lautoconsommation/
pompe à chaleur eau eau prix,80,0,65,False,True,True,,5,,,,,https://sonergia.fr/conseils-travaux/chauffage/pompe-a-chaleur/prix-pompe-a-chaleur-eau-eau-quel-budget-pour-votre-chauffage/
avantage pompe à chaleur,200,1,58,False,True,True,,9,,,,,https://sonergia.fr/conseils-travaux/chauffage/pompe-a-chaleur/les-5-avantages-dune-pompe-a-chaleur/
chaudiere fioul interdite,70,1,9,False,False,True,,4,,,,,https://sonergia.fr/conseils-travaux/chauffage/chaudiere-au-fioul/interdiction-de-la-chaudiere-au-fioul-quen-est-il/
isolant fin et performant,70,1,,False,False,True,,4,,,,,https://sonergia.fr/conseils-travaux/isolation/mur/quelle-isolation-mince-pour-les-murs-interieurs/
isolant thermique fin mur,50,0,12,False,False,True,,2,,,,,https://sonergia.fr/conseils-travaux/isolation/mur/quelle-isolation-mince-pour-les-murs-interieurs/
quel r pour isolation mur,150,0,47,False,False,True,,7,,,,,https://sonergia.fr/conseils-travaux/isolation/mur/quelle-epaisseur-pour-lisolation-dun-mur-interieur/
comment suivre sa production photovoltaïque edf,100,3,48,False,False,True,,6,,,,,https://sonergia.fr/conseils-travaux/solaire/panneaux-photovoltaiques/comment-suivre-sa-production-photovoltaique/
chaudière electrique eau chaude,100,0,49,False,True,True,,6,,,,,https://sonergia.fr/conseils-travaux/chauffage/chaudiere-electrique/chaudiere-electrique-un-bon-choix/
meilleur isolant mince,40,0,19,False,False,True,,3,,,,,https://sonergia.fr/conseils-travaux/isolation/mur/quelle-isolation-mince-pour-les-murs-interieurs/
isolant mince mur intérieur,150,0,25,False,True,True,,8,,,,,https://sonergia.fr/conseils-travaux/isolation/mur/quelle-isolation-mince-pour-les-murs-interieurs/
montant prime cee,150,16,111,False,False,True,,8,,,,,https://sonergia.fr/guide-des-aides/primes-energie/prime-energie-cee/quelles-sont-les-conditions-deligibilite-de-la-prime-energie-cee/
robinets thermostatiques connectés,150,1,18,False,True,True,,8,,,,,https://sonergia.fr/conseils-travaux/chauffage/thermostat-connecte/tetes-thermostatiques-connectees-fonctionnement-et-utilite/
1 tonne de granulés prix,20,2,19,False,False,True,,1,,,,,https://sonergia.fr/conseils-travaux/chauffage/poele-a-granules/prix-des-granules-de-bois-evolution-tarifs-et-perspectives/
note de dimensionnement chaudière biomasse pdf,20,0,,False,False,True,,1,,,,,https://sonergia.fr/pdf/B2B2C/PROS-CHA/Note-de-dimensionnement.pdf
comment faire une isolation phonique,40,0,27,False,False,True,,2,,,,,https://sonergia.fr/conseils-travaux/isolation/isolation-phonique/comment-isoler-phoniquement-un-mur-entre-voisins/
dalle beton isolée,80,0,16,False,False,True,,5,,,,,https://sonergia.fr/conseils-travaux/isolation/sol/comment-realiser-lisolation-thermique-de-votre-sol-en-beton/
chaudière fioul interdite dans 10 ans,100,0,,False,False,True,,6,,,,,https://sonergia.fr/conseils-travaux/chauffage/chaudiere-au-fioul/interdiction-de-la-chaudiere-au-fioul-quen-est-il/
interdiction vente dpe g,100,2,6,False,False,True,,6,,,,,https://sonergia.fr/conseils-travaux/isolation/passoires-thermiques/la-vente-dune-passoire-thermique-est-elle-interdite/
isolant mince intérieur,60,0,34,False,True,True,,5,,,,,https://sonergia.fr/conseils-travaux/isolation/mur/quelle-isolation-mince-pour-les-murs-interieurs/
pompe a chaleur gratuite,80,1,337,False,False,True,,4,,,,,https://sonergia.fr/conseils-travaux/chauffage/pompe-a-chaleur/pompe-a-chaleur-a-1-e-opportunite-ou-arnaque/
diagnostic dpe location,80,8,104,False,False,True,,7,,,,,https://sonergia.fr/guide-des-aides/reglementation/dpe-et-location-quelles-obligations-en-2024/
isolant mince pour mur intérieur,100,0,25,True,True,True,,9,,,,,https://sonergia.fr/conseils-travaux/isolation/mur/quelle-isolation-mince-pour-les-murs-interieurs/
radiateur pompe à chaleur air eau,150,0,26,False,False,True,,6,,,,,https://sonergia.fr/conseils-travaux/chauffage/pompe-a-chaleur/prix-pompe-a-chaleur-air-eau-quel-budget-moyen-prevoir/
isolation fine,150,0,6,False,False,True,,8,,,,,https://sonergia.fr/conseils-travaux/isolation/mur/quelle-isolation-mince-pour-les-murs-interieurs/
depuis quand le dpe est obligatoire pour la location,150,1,40,False,False,True,,8,,,,,https://sonergia.fr/guide-des-aides/reglementation/dpe-et-location-quelles-obligations-en-2024/
isolant extrudé,200,0,15,False,False,True,,8,,,,,https://sonergia.fr/conseils-travaux/isolation/materiaux-isolants/le-polystyrene-extrude-lisolation-accessible-et-efficace/
prime installation panneau solaire,150,26,208,False,False,True,,7,,,,,https://sonergia.fr/conseils-travaux/solaire/panneaux-photovoltaiques/qui-verse-la-prime-a-lautoconsommation/
isolant phonique mural,100,0,9,False,True,True,,8,,,,,https://sonergia.fr/conseils-travaux/isolation/isolation-phonique/comment-isoler-phoniquement-un-mur-entre-voisins/
prix remplacement chaudière fioul par pompe à chaleur,80,0,168,False,False,True,,5,,,,,https://sonergia.fr/conseils-travaux/chauffage/chaudiere-au-fioul/combien-coute-le-remplacement-dune-chaudiere-au-fioul/
isoler un mur du bruit des voisins,20,1,20,False,False,True,,1,,,,,https://sonergia.fr/conseils-travaux/isolation/isolation-phonique/comment-isoler-phoniquement-un-mur-entre-voisins/
prime cee montant,150,7,87,False,False,True,,7,,,,,https://sonergia.fr/guide-des-aides/primes-energie/prime-energie-cee/quelles-sont-les-conditions-deligibilite-de-la-prime-energie-cee/
interdiction vente dpe f,50,0,,False,False,True,,3,,,,,https://sonergia.fr/conseils-travaux/isolation/passoires-thermiques/la-vente-dune-passoire-thermique-est-elle-interdite/
tarif granulés bois,80,8,21,False,True,True,,5,,,,,https://sonergia.fr/conseils-travaux/chauffage/poele-a-granules/prix-des-granules-de-bois-evolution-tarifs-et-perspectives/
investir dans le photovoltaïque,150,11,124,False,True,True,,7,,,,,https://sonergia.fr/conseils-travaux/solaire/panneaux-photovoltaiques/panneaux-solaires-quel-est-le-retour-sur-investissement/
chauffage fioul interdit,50,1,2,False,False,True,,3,,,,,https://sonergia.fr/conseils-travaux/chauffage/chaudiere-au-fioul/interdiction-de-la-chaudiere-au-fioul-quen-est-il/
puissance electrique pompe a chaleur air eau,20,0,45,False,False,True,,1,,,,,https://sonergia.fr/conseils-travaux/chauffage/pompe-a-chaleur/quelle-puissance-electrique-choisir-pour-une-pompe-a-chaleur-air-eau/
isolation acoustique laine de bois,20,0,,False,False,True,,1,,,,,https://sonergia.fr/conseils-travaux/isolation/isolation-phonique/fibre-de-bois-ou-laine-de-roche-quel-isolant-choisir-pour-lisolation-phonique/
isolation plafond cave humide,90,0,25,False,False,True,,4,,,,,https://sonergia.fr/conseils-travaux/isolation/sol/comment-realiser-lisolation-dun-sous-sol-humide-les-solutions/
dpe en d,150,1,7,False,False,True,,8,,,,,https://sonergia.fr/guide-des-aides/reglementation/dpe-d-une-classe-energetique-dans-la-moyenne/
installation pompe à chaleur air-eau,100,0,,False,False,True,,6,,,,,https://sonergia.fr/conseils-travaux/chauffage/pompe-a-chaleur/prix-pompe-a-chaleur-air-eau-quel-budget-moyen-prevoir/
isolation phonique maison,200,3,40,False,False,True,,9,,,,,https://sonergia.fr/conseils-travaux/isolation/isolation-phonique/comment-isoler-phoniquement-un-mur-entre-voisins/
pompe a chaleur a 1€,100,0,324,False,False,True,,6,,,,,https://sonergia.fr/conseils-travaux/chauffage/pompe-a-chaleur/pompe-a-chaleur-a-1-e-opportunite-ou-arnaque/
isolant thermique fin,100,0,16,False,True,True,,7,,,,,https://sonergia.fr/conseils-travaux/isolation/mur/quelle-isolation-mince-pour-les-murs-interieurs/
tarif pompe à chaleur,150,1,117,False,True,True,,8,,,,,https://sonergia.fr/conseils-travaux/chauffage/pompe-a-chaleur/prix-par-type-de-pompe-a-chaleur-decouvrez-les-tarifs-des-pac/
pompe chaleur solaire,60,0,97,False,False,True,,4,,,,,https://sonergia.fr/conseils-travaux/chauffage/pompe-a-chaleur/cest-quoi-un-systeme-solaire-combine-avec-pompe-a-chaleur/
isolation thermique sol existant,50,0,15,False,False,True,,4,,,,,https://sonergia.fr/conseils-travaux/isolation/sol/comment-isoler-un-sol-deja-carrele-les-solutions/
quel r pour une bonne isolation des murs,100,1,55,False,False,True,,7,,,,,https://sonergia.fr/conseils-travaux/isolation/mur/quelle-epaisseur-pour-lisolation-dun-mur-interieur/
isolation phonique d'un mur mitoyen,10,0,10,False,False,True,,1,,,,,https://sonergia.fr/conseils-travaux/isolation/isolation-phonique/comment-isoler-phoniquement-un-mur-entre-voisins/
durée de vie chauffe eau solaire,20,1,,False,False,True,,1,,,,,https://sonergia.fr/conseils-travaux/solaire/panneaux-thermiques/quelle-est-la-duree-de-vie-dun-panneau-solaire-thermique/
robinet thermostatique connecté,600,0,13,False,True,True,,16,,,,,https://sonergia.fr/conseils-travaux/chauffage/thermostat-connecte/tetes-thermostatiques-connectees-fonctionnement-et-utilite/
isolant fin mur intérieur,60,0,18,False,True,True,,4,,,,,https://sonergia.fr/conseils-travaux/isolation/mur/quelle-isolation-mince-pour-les-murs-interieurs/
isolant sous dalle beton,60,0,41,False,False,True,,5,,,,,https://sonergia.fr/conseils-travaux/isolation/sol/comment-realiser-lisolation-thermique-de-votre-sol-en-beton/
meilleur moyen de chauffage,60,2,77,False,False,True,,5,,,,,https://sonergia.fr/conseils-travaux/chauffage/quel-systeme-de-chauffage-choisir-le-comparatif-complet/
isolation du sol avant carrelage,30,0,57,False,False,True,,2,,,,,https://sonergia.fr/conseils-travaux/isolation/sol/comment-isoler-un-sol-deja-carrele-les-solutions/
isoler un sol de garage,20,0,33,False,False,True,,2,,,,,https://sonergia.fr/conseils-travaux/isolation/sol/comment-et-pourquoi-realiser-lisolation-du-sol-de-votre-garage/
isolant mince pour mur,30,0,20,False,False,True,,2,,,,,https://sonergia.fr/conseils-travaux/isolation/mur/quelle-isolation-mince-pour-les-murs-interieurs/
isolant sol sous carrelage,100,0,24,False,False,True,,7,,,,,https://sonergia.fr/conseils-travaux/isolation/sol/comment-isoler-un-sol-deja-carrele-les-solutions/
attestation d'hébergement,324000,3,34,False,False,True,,,15,,,,https://selectra.info/demenagement/location/attestation-hebergement
plenitude energie,12000,1,124,False,True,True,,,7,,,,https://selectra.info/energie/fournisseurs/plenitude
selectra energie,500,35,176,False,True,True,,,1,,,,https://selectra.info/energie
attestation d'hébergement pdf,29000,1,32,False,False,True,,,13,,,,https://selectra.info/sites/selectra.info/files/demenagement/attestation-hebergement.pdf
prix bouteille de gaz propane 13 kg leclerc,1000,0,225,False,True,True,,,1,,,,https://selectra.info/energie/propane/fournisseurs/clairgaz/bouteilles
primeo energie,53000,4,124,False,False,True,,,14,,,,https://selectra.info/energie/fournisseurs/primeo
chauffage,20000,10,46,False,False,True,,,3,,10,,https://selectra.info/energie/actualites/marche/fin-publicite-chauffage-gaz-traditionnel
la belle energie,7700,2,42,False,True,True,,,7,,,,https://selectra.info/energie/fournisseurs/la-bellenergie
prix cube butagaz leclerc,600,5,32,False,True,True,,,1,,,,https://selectra.info/energie/propane/fournisseurs/butagaz/bouteilles/butane-le-cube
attestation d'hebergement,15000,3,34,False,False,True,,,14,,,,https://selectra.info/demenagement/location/attestation-hebergement
prix bouteille de gaz butane 13 kg carrefour,600,18,39,False,True,True,,,1,,,,https://selectra.info/energie/propane/fournisseurs/carrefour
bouteille de gaz calypso prix,400,0,12,False,True,True,,,1,,,,https://selectra.info/energie/propane/fournisseurs/antargaz/bouteilles/butane-calypso
prix bouteille gaz 13 kg intermarché,1100,0,27,False,True,True,,,3,,,,https://selectra.info/energie/propane/fournisseurs/energaz/bouteilles
prix bouteille de gaz carrefour 13kg,450,8,76,False,True,True,,,1,,,,https://selectra.info/energie/propane/fournisseurs/carrefour
envoyer de l'argent par sms,450,1,69,False,False,True,,,1,,,,https://selectra.info/finance/guides/comprendre/virement-par-sms
prix gaz leclerc,200,5,72,False,True,True,,,1,,,,https://selectra.info/energie/propane/fournisseurs/clairgaz/bouteilles
prix bouteille de gaz propane 13 kg carrefour,400,18,188,False,True,True,,,1,,,,https://selectra.info/energie/propane/fournisseurs/carrefour
panneau solaire camping car,3500,1,14,False,True,True,,,7,,,,https://selectra.info/energie/solaire/camping-car
prix bouteille de gaz butane 13 kg,2400,12,19,False,True,True,,,6,,,,https://selectra.info/energie/propane/bouteilles/taille-13kg
papernest energie,4700,0,145,False,True,True,,,9,,,,https://selectra.info/energie/fournisseurs/papernest-energie
prix bouteille de gaz super u,900,3,26,False,True,True,,,3,,,,https://selectra.info/energie/propane/fournisseurs/u-energie/bouteilles
prix mwh gaz copropriété,350,3,,False,False,True,,,1,,,,https://entreprises.selectra.info/energie/profils/copropriete/prix-gaz
prix bouteille de gaz carrefour,1700,8,70,False,True,True,,,5,,,,https://selectra.info/energie/propane/fournisseurs/carrefour
energaz,150,0,62,False,True,True,,,1,,,,https://selectra.info/energie/propane/fournisseurs/energaz
primeo energie avis,12000,0,117,False,True,True,,,14,,,,https://selectra.info/energie/fournisseurs/primeo/avis
gaz passerelle,15000,0,59,False,False,True,,,15,,,,https://selectra.info/energie/fournisseurs/engie/tarifs/passerelle
prix bouteille de gaz leclerc 13 kg,2400,0,26,False,True,True,,,1,,,,https://selectra.info/energie/propane/fournisseurs/butagaz/bouteilles/butane-13kg
recharge lebara,2700,0,28,True,True,True,,,9,,,,https://selectra.info/telecom/fournisseurs/lebara-mobile/recharge
réglage thermostat chauffe-eau 1 à 5,350,0,17,False,False,True,,,1,,,,https://selectra.info/energie/renovation-energetique/chauffe-eau/thermostat
avance d'argent comme bling,200,0,75,False,True,True,,,1,,,,https://selectra.info/finance/credit-conso/appli-comme-bling
comparateur energie,12000,42,232,False,True,True,,,15,,,,https://selectra.info/energie
panneau solaire lidl,700,3,15,False,True,True,,,2,,,,https://selectra.info/energie/solaire/panneau-lidl
oa solaire contact,300,5,144,False,False,True,,,1,,,,https://selectra.info/energie/fournisseurs/edf/oa-solaire
prix bouteille de gaz butane 13 kg super u,300,0,5,False,True,True,,,1,,,,https://selectra.info/energie/propane/fournisseurs/u-energie/bouteilles
prix bouteille de gaz viseo leclerc,250,12,8,False,True,True,,,1,,,,https://selectra.info/energie/propane/fournisseurs/butagaz/bouteilles/butane-viseo
prix bouteille de gaz 13kg,250,1,12,False,True,True,,,1,,,,https://selectra.info/energie/propane/bouteilles/taille-13kg
avance d'argent,1900,49,108,False,True,True,,,6,,,,https://selectra.info/finance/credit-conso/appli-comme-bling
reglage thermostat chauffe eau de 1 a 5,150,0,10,False,False,True,,,1,,,,https://selectra.info/energie/renovation-energetique/chauffe-eau/thermostat
prix bouteille de gaz leclerc 6kg,500,0,14,False,True,True,,,1,,,,https://selectra.info/energie/propane/fournisseurs/clairgaz/bouteilles
la bellenergie,6000,2,63,False,True,True,,,12,,,,https://selectra.info/energie/fournisseurs/la-bellenergie
prix bouteille de gaz leclerc,1600,0,35,False,True,True,,,4,,,,https://selectra.info/energie/propane/fournisseurs/clairgaz/bouteilles
prix bouteille de gaz calypso,200,0,12,False,True,True,,,1,,,,https://selectra.info/energie/propane/fournisseurs/antargaz/bouteilles/butane-calypso
isolation exterieur,14000,2,187,False,True,True,,,,3,1,,https://www.effy.fr/travaux-energetique/isolation/isolation-murs/par-l-exterieur/quel-isolant
prix pompe a chaleur air air,1600,0,86,False,True,True,,,,1,,,https://www.effy.fr/travaux-energetique/chauffage/pompe-a-chaleur/prix-pac-air-air
isolation 1 euro,2000,3,202,False,False,True,,,,1,,,https://www.effy.fr/travaux-energetique/isolation/isolation-1-euro
consommation pompe a chaleur,3300,1,5,False,False,True,,,,2,,,https://www.effy.fr/travaux-energetique/chauffage/pompe-a-chaleur/consommation-electrique
isolation exterieur prix,1600,3,121,False,False,True,,,,1,,,https://www.effy.fr/travaux-energetique/isolation/isolation-murs/par-l-exterieur/prix
entretien pompe a chaleur,5600,2,119,False,False,True,,,,3,,,https://www.effy.fr/magazine/focus-entretien-pompe-a-chaleur
installation vmc,1800,0,41,False,False,True,,,,1,,,https://www.effy.fr/travaux-energetique/ventilation/vmc-comment-l-installer
isolation sous toiture entre chevrons,1100,0,59,False,False,True,,,,1,,,https://www.effy.fr/travaux-energetique/isolation/isolation-toit/chevrons
cout dpe,450,3,52,False,False,True,,,,1,,,https://www.effy.fr/renovation-energetique/prix-dpe
consommation pompe a chaleur air air,400,0,7,False,False,True,,,,4,,,https://www.effy.fr/travaux-energetique/chauffage/pompe-a-chaleur/consommation-electrique
entretien chaudière gaz,6200,12,121,False,False,True,,,,5,,,https://www.effy.fr/travaux-energetique/chauffage/chaudiere/chaudiere-gaz-entretien
chauffe eau solaire prix,1300,3,49,False,True,True,,,,1,,,https://www.effy.fr/travaux-energetique/chauffe-eau/prix-chauffe-eau-solaire
isolation des combles,3600,6,124,False,False,True,,,,3,1,,https://www.effy.fr/travaux-energetique/isolation/isolation-combles
granulés de bois,13000,8,32,False,True,True,,,,11,,,https://www.effy.fr/renovation-energetique/fabrication-granules-de-bois
isolation combles,4100,5,124,False,False,True,,,,4,1,,https://www.effy.fr/travaux-energetique/isolation/isolation-combles
ventilation naturelle,500,2,14,False,False,True,,,,1,,,https://www.effy.fr/travaux-energetique/ventilation/naturelle
isolation exterieur maison,3700,4,189,False,True,True,,,,6,1,,https://www.effy.fr/travaux-energetique/isolation/isolation-murs/par-l-exterieur/quel-isolant
peinture isolante thermique,3100,0,6,False,False,True,,,,7,,,https://www.effy.fr/travaux-energetique/isolation/peinture/isolante
prix isolation exterieur,1900,3,121,False,False,True,,,,4,,,https://www.effy.fr/travaux-energetique/isolation/isolation-murs/par-l-exterieur/prix
isolation par l'extérieur prix,600,3,142,False,False,True,,,,1,,,https://www.effy.fr/travaux-energetique/isolation/isolation-murs/par-l-exterieur/prix
isolation 1 €,900,2,225,False,False,True,,,,1,,,https://www.effy.fr/travaux-energetique/isolation/isolation-1-euro
france renov,7300,86,136,False,False,True,,,,2,1,,https://www.effy.fr/aide-energetique/ma-prime-renov/travaux-eligibles
rendement panneau photovoltaique,400,4,88,False,False,True,,,,1,,,https://www.effy.fr/travaux-energetique/solaire/rendement-panneau
isolation sous rampant,600,1,41,False,False,True,,,,1,,,https://www.effy.fr/travaux-energetique/isolation/isolation-combles/rampants-definition
isolation à 1 euro,450,2,202,False,False,True,,,,1,,,https://www.effy.fr/travaux-energetique/isolation/isolation-1-euro
combien coute un dpe,600,0,49,False,False,True,,,,1,,,https://www.effy.fr/renovation-energetique/prix-dpe
panneau solaire hybride,1400,4,106,False,True,True,,,,5,10,,https://www.effy.fr/travaux-energetique/solaire/panneau-solaire-hybride
isolation rampant,800,2,57,False,False,True,,,,1,,,https://www.effy.fr/travaux-energetique/isolation/isolation-combles/rampants-definition
installation poele a granule,1000,0,46,False,False,True,,,,2,,,https://www.effy.fr/travaux-energetique/chauffage/poele/les-bonnes-raisons-d-installer-un-poele-a-granules
isolation 1 euros,350,2,202,False,False,True,,,,1,,,https://www.effy.fr/travaux-energetique/isolation/isolation-1-euro
meilleur radiateur electrique,1200,1,7,False,True,True,,,,4,,,https://www.effy.fr/renovation-energetique/chauffage/radiateur/meilleur-radiateur-electrique
aide pour refaire une toiture,300,43,91,False,False,True,,,,1,,,https://www.effy.fr/travaux-energetique/isolation/isolation-toit/toiture-terrasse/aides/renovation
borne de recharge voiture électrique,4400,13,72,True,True,True,,,,8,,,https://www.effy.fr/renovation-energetique/borne-recharge-voiture-electrique
prix pompe à chaleur maison 80m2,450,0,86,False,True,True,,,,1,,,https://www.effy.fr/travaux-energetique/chauffage/pompe-a-chaleur/prix-d-une-pompe-a-chaleur/maison-80m2
tarif entretien pompe à chaleur air-eau,400,0,69,False,False,True,,,,1,,,https://www.effy.fr/travaux-energetique/chauffage/pompe-a-chaleur/prix-entretien
isolation facade exterieur,1000,8,171,False,False,True,,,,2,,,https://www.effy.fr/travaux-energetique/isolation/isolation-murs/enduit
atlantic pompe a chaleur,1100,9,121,False,True,True,,,,2,,,https://www.effy.fr/travaux-energetique/chauffage/pompe-a-chaleur/atlantic
prix chaudiere gaz,1200,1,61,False,True,True,,,,1,,,https://www.effy.fr/travaux-energetique/chauffage/chaudiere/prix-chaudiere-gaz
borne de recharge,13000,17,98,True,True,True,,,,6,,,https://www.effy.fr/renovation-energetique/borne-recharge-voiture-electrique
installer une vmc,700,0,13,False,False,True,,,,2,,,https://www.effy.fr/travaux-energetique/ventilation/vmc-comment-l-installer
prix panneau solaire pour maison 150m2,1300,3,127,False,True,True,,,,4,,,https://www.effy.fr/infos-renovation-energetique/prix-panneau-solaire-maison-150m2
isolation par l'exterieur,1000,8,178,False,False,True,,,,2,1,,https://www.effy.fr/travaux-energetique/isolation/isolation-murs/par-l-exterieur/prix/maison-100m2
borne recharge voiture électrique,8900,9,75,True,True,True,,,,9,,,https://www.effy.fr/renovation-energetique/borne-recharge-voiture-electrique
prix chauffe eau solaire,400,2,55,False,True,True,,,,1,,,https://www.effy.fr/travaux-energetique/chauffe-eau/prix-chauffe-eau-solaire
isolation entre chevrons,450,0,29,False,False,True,,,,1,,,https://www.effy.fr/travaux-energetique/isolation/isolation-toit/chevrons
peinture isolante,2800,0,5,False,True,True,,,,10,,,https://www.effy.fr/travaux-energetique/isolation/peinture/isolante
isolation cave plafond,200,0,26,False,False,True,,,,1,,,https://www.effy.fr/travaux-energetique/isolation/cave-plafond
pompe a chaleur air air prix,1500,0,86,False,True,True,,,,4,,,https://www.effy.fr/travaux-energetique/chauffage/pompe-a-chaleur/prix-pac-air-air
prix isolation combles,700,1,104,False,False,True,,,,3,,,https://www.effy.fr/travaux-energetique/isolation/isolation-combles/combles-perdus-prix
isolation des rampants de toiture,250,0,117,False,False,True,,,,1,,,https://www.effy.fr/travaux-energetique/isolation/isolation-combles/rampants-definition
isolation par l'extérieur,13000,5,178,False,False,True,,,,11,1,,https://www.effy.fr/travaux-energetique/isolation/isolation-murs/par-l-exterieur
prix isolation par l'extérieur,500,3,100,False,False,True,,,,3,,,https://www.effy.fr/travaux-energetique/isolation/isolation-murs/par-l-exterieur/prix
bois de chauffage,3300,12,19,True,True,True,,,,7,,,https://www.effy.fr/travaux-energetique/chauffage/quel-bois-de-chauffage-choisir
entretien chauffe eau,1600,1,135,False,False,True,,,,6,,,https://www.effy.fr/travaux-energetique/chauffe-eau/entretien
isolation rampant sous toiture,200,0,24,False,False,True,,,,1,,,https://www.effy.fr/travaux-energetique/isolation/isolation-combles/rampants-definition
combien coute une isolation par l'extérieur,200,4,165,False,False,True,,,,1,,,https://www.effy.fr/travaux-energetique/isolation/isolation-murs/par-l-exterieur/prix
pose vmc,500,0,57,False,False,True,,,,1,,,https://www.effy.fr/travaux-energetique/ventilation/vmc-comment-l-installer
combien coûte une pompe à chaleur,1000,1,94,False,True,True,,,,4,,,https://www.effy.fr/travaux-energetique/chauffage/pompe-a-chaleur/prix-pac-air-eau
installer vmc,400,0,41,False,False,True,,,,2,,,https://www.effy.fr/travaux-energetique/ventilation/vmc-comment-l-installer
aménagement de combles,700,0,150,False,False,True,,,,4,,,https://www.effy.fr/magazine/5-idees-pour-amenager-des-combles-confortables
isolation rampant de toiture,300,0,98,False,False,True,,,,1,,,https://www.effy.fr/travaux-energetique/isolation/isolation-combles/rampants-definition
chaudiere granulés,1100,4,61,False,True,True,,,,6,,,https://www.effy.fr/travaux-energetique/chauffage/chaudiere/prix-chaudiere-granules
cout d'un dpe,200,1,47,False,False,True,,,,1,,,https://www.effy.fr/renovation-energetique/prix-dpe
prix isolation interieur,700,1,84,False,False,True,,,,3,,,https://www.effy.fr/travaux-energetique/isolation/isolation-murs/par-l-interieur/prix
renovation toiture,1100,1,43,False,False,True,,,,5,,,https://www.effy.fr/travaux-energetique/isolation/isolation-toit/toiture-terrasse/aides/renovation
tarif dpe vente maison,250,4,63,False,False,True,,,,1,,,https://www.effy.fr/renovation-energetique/prix-dpe
fonctionnement panneau solaire,1000,26,8,False,False,True,,,,5,,,https://www.effy.fr/travaux-energetique/solaire/fonctionnement-panneaux-solaire
chaudière à gaz : prix,900,0,,False,True,True,,,,4,,,https://www.effy.fr/travaux-energetique/chauffage/chaudiere/prix-chaudiere-gaz
ravalement facade,1200,5,114,False,False,True,,,,4,,,https://www.effy.fr/travaux-energetique/isolation/ravalement-de-facade
meilleur vmc simple flux,150,0,13,True,True,True,,,,1,,,https://www.effy.fr/travaux-energetique/ventilation/vmc-simple-flux/meilleure
dpe b,300,0,9,False,False,True,,,,1,,,https://www.effy.fr/renovation-energetique/dpe-b-classe-energetique-basse-consommation
panneau solaire monocristallin ou polycristallin,200,4,15,False,True,True,,,,1,,,https://www.effy.fr/travaux-energetique/solaire/panneau-solaire-photovoltaique/monocristallin-ou-polycristallin
pompe à chaleur air-air prix,400,0,108,False,True,True,,,,1,,,https://www.effy.fr/travaux-energetique/chauffage/pompe-a-chaleur/prix-pac-air-air
prix d'une chaudière à gaz,600,1,48,False,True,True,,,,3,,,https://www.effy.fr/travaux-energetique/chauffage/chaudiere/prix-chaudiere-gaz
calcul panneau solaire et batterie,200,1,16,False,False,True,,,,1,,,https://www.effy.fr/travaux-energetique/solaire/choisir-des-batteries/calcul-panneau-solaire
isolation,7900,4,95,False,False,True,,,,11,3,,https://www.effy.fr/travaux-energetique/isolation/isolation-murs/par-l-exterieur/quel-isolant
isolation garage prix,150,0,80,False,False,True,,,,1,,,https://www.effy.fr/travaux-energetique/comment-isoler-un-garage/plafond
entretien chauffe-eau,250,0,,False,False,True,,,,1,,,https://www.effy.fr/travaux-energetique/chauffe-eau/entretien
inclinaison des panneaux solaires,200,4,18,False,False,True,,,,1,,,https://www.effy.fr/travaux-energetique/solaire/inclinaison-panneau-solaire
chauffe-eau solaire prix,150,2,67,False,True,True,,,,1,,,https://www.effy.fr/travaux-energetique/chauffe-eau/prix-chauffe-eau-solaire
capteur solaire photovoltaïque,3000,10,107,False,True,True,,,,8,,,https://www.effy.fr/travaux-energetique/solaire/capteur-solaire
effy solaire,100,5,117,False,True,True,,,,1,,,https://www.effy.fr/nos-offres/installation-solaire
isolation toit terrasse,600,0,50,False,False,True,,,,4,2,,https://www.effy.fr/travaux-energetique/isolation/isolation-toit/toiture-terrasse/prix
meilleur vmc double flux,200,1,47,False,True,True,,,,1,,,https://www.effy.fr/travaux-energetique/ventilation/vmc-double-flux/meilleure
vmc installation,600,1,41,False,False,True,,,,2,,,https://www.effy.fr/travaux-energetique/ventilation/vmc-comment-l-installer
isolation des rampants,250,1,57,False,False,True,,,,1,,,https://www.effy.fr/travaux-energetique/isolation/isolation-combles/rampants-definition
puissance vmc,100,0,6,False,False,True,,,,1,,,https://www.effy.fr/travaux-energetique/ventilation/vmc-consommation
meilleur vmc,150,0,7,False,True,True,,,,1,,,https://www.effy.fr/travaux-energetique/ventilation/vmc-simple-flux/meilleure
a partir de quand mettre le chauffage,100,0,8,False,False,True,,,,1,,,https://www.effy.fr/renovation-energetique/chauffage/quand-allumer-et-eteindre-le-chauffage
isolation grenier,600,6,88,False,False,True,,,,4,3,,https://www.effy.fr/travaux-energetique/isolation/isolation-combles
pompe a chaleur consommation,200,2,6,False,False,True,,,,1,,,https://www.effy.fr/travaux-energetique/chauffage/pompe-a-chaleur/consommation-electrique
tarif dpe complet,200,3,64,False,False,True,,,,1,,,https://www.effy.fr/renovation-energetique/prix-dpe
isolant thermique,8200,1,34,False,False,True,,,,11,,,https://www.effy.fr/travaux-energetique/isolation/isolant
isolant sol,1700,0,19,False,True,True,,,,7,,,https://www.effy.fr/travaux-energetique/isolation/isolation-sol/prix
prime rénov volet roulant solaire,200,2,79,False,False,True,,,,1,,,https://www.effy.fr/aide-energetique/volets-roulants
rampant de toiture,600,0,13,False,False,True,,,,1,,,https://www.effy.fr/travaux-energetique/isolation/isolation-combles/rampants-definition
isolation exterieur 1 euros,200,0,432,False,False,True,,,,1,,,https://www.effy.fr/travaux-energetique/isolation/isolation-murs/par-l-exterieur/1-euro
durée validité dpe vente,900,36,1,False,False,True,,,,5,,,https://www.effy.fr/renovation-energetique/mon-dpe-est-il-toujours-valable
prix isolation combles 50m2,200,0,,False,False,True,,,,1,,,https://www.effy.fr/travaux-energetique/isolation/isolation-combles/prix
prix pompe à chaleur air-air pour 150 m2,200,0,100,False,True,True,,,,1,,,https://www.effy.fr/travaux-energetique/chauffage/pompe-a-chaleur/prix-d-une-pompe-a-chaleur/maison-150m2
isolation extérieur,1200,4,187,False,True,True,,,,7,3,,https://www.effy.fr/travaux-energetique/isolation/isolation-murs/par-l-exterieur/quel-isolant
aides panneaux solaires,800,16,295,False,False,True,,,,5,,,https://www.effy.fr/aide-energetique/aides-panneaux-solaires
isolation exterieur 1€,250,1,272,False,False,True,,,,1,,,https://www.effy.fr/travaux-energetique/isolation/isolation-murs/par-l-exterieur/1-euro
isolation exterieur a 1 euro,150,0,46,False,False,True,,,,1,,,https://www.effy.fr/travaux-energetique/isolation/isolation-murs/par-l-exterieur/1-euro
pompe à chaleur consommation électrique,150,2,53,False,False,True,,,,1,,,https://www.effy.fr/travaux-energetique/chauffage/pompe-a-chaleur/consommation-electrique
tarif entretien pompe à chaleur air-air,200,0,62,False,False,True,,,,1,,,https://www.effy.fr/travaux-energetique/chauffage/pompe-a-chaleur/prix-entretien
consommation pompe à chaleur maison 120m2,200,0,15,False,False,True,,,,1,,,https://www.effy.fr/travaux-energetique/chauffage/pompe-a-chaleur/prix-d-une-pompe-a-chaleur/maison-120m2
prix diagnostic immobilier dpe,200,1,67,False,False,True,,,,1,,,https://www.effy.fr/renovation-energetique/prix-dpe
entretien pompe a chaleur air eau,900,1,97,False,False,True,,,,6,,,https://www.effy.fr/travaux-energetique/chauffage/pompe-a-chaleur/prix-entretien
quelle inclinaison panneau solaire,200,3,20,False,False,True,,,,1,,,https://www.effy.fr/travaux-energetique/solaire/inclinaison-panneau-solaire
neutralisation cuve fioul,600,0,112,False,False,True,,,,2,6,,https://www.effy.fr/aide-energetique/ma-prime-renov/depose-cuve-fioul
consommation pompe à chaleur maison 100m2,150,1,44,False,False,True,,,,1,,,https://www.effy.fr/travaux-energetique/chauffage/pompe-a-chaleur/consommation-electrique
combien consomme une pompe à chaleur,200,1,5,False,False,True,,,,1,,,https://www.effy.fr/travaux-energetique/chauffage/pompe-a-chaleur/consommation-electrique
prix d'un dpe appartement,200,1,,False,False,True,,,,1,,,https://www.effy.fr/renovation-energetique/prix-dpe
isolation sous toiture,1500,0,59,False,False,True,,,,9,,,https://www.effy.fr/travaux-energetique/isolation/isolation-combles/rampants-definition
quelle est la meilleur marque de pompe à chaleur air-eau,150,2,49,False,True,True,,,,1,,,https://www.effy.fr/renovation-energetique/chauffage/pompe-a-chaleur/meilleure-pompe-a-chaleur-air-eau
pompe à chaleur ariston avis,150,0,10,False,True,True,,,,1,,,https://www.effy.fr/travaux-energetique/chauffage/pompe-a-chaleur/ariston
poêle à gaz,600,0,14,True,True,True,,,,5,,,https://www.effy.fr/travaux-energetique/chauffage/poele/poele-gaz
installateur pompe à chaleur rge autour de moi,150,16,,False,False,True,,,,2,,,https://www.effy.fr/artisans/travaux/pompe-a-chaleur/bas-rhin/67544-wissembourg
isolation extérieur matériaux,150,0,58,False,False,True,,,,1,,,https://www.effy.fr/travaux-energetique/isolation/isolation-murs/par-l-exterieur/quel-isolant
prix isolation garage,150,0,63,False,False,True,,,,1,,,https://www.effy.fr/travaux-energetique/comment-isoler-un-garage/plafond
prix d'un diagnostic dpe,150,1,54,False,False,True,,,,1,,,https://www.effy.fr/renovation-energetique/prix-dpe
prix isolation toit terrasse,150,0,88,False,False,True,,,,1,,,https://www.effy.fr/travaux-energetique/isolation/isolation-toit/toiture-terrasse/prix
meilleur batterie solaire,200,6,63,False,True,True,,,,1,,,https://www.effy.fr/travaux-energetique/solaire/choisir-des-batteries/meilleur
isolation 1 € sans conditions de ressources,500,1,111,False,False,True,,,,4,,,https://www.effy.fr/travaux-energetique/isolation/isolation-1-euro
puissance panneau solaire,700,7,73,False,False,True,,,,4,,,https://www.effy.fr/infos-renovation-energetique/puissance-kit-solaire-autoconsommation
devis isolation,450,0,67,True,True,True,,,,2,,,https://www.effy.fr/travaux-energetique/isolation/isolation-murs/par-l-interieur/prix
installation vmc double flux,600,0,46,False,False,True,,,,4,6,,https://www.effy.fr/travaux-energetique/ventilation/vmc-double-flux/installation
meilleure pompe à chaleur air eau,100,2,53,False,True,True,,,,1,,,https://www.effy.fr/renovation-energetique/chauffage/pompe-a-chaleur/meilleure-pompe-a-chaleur-air-eau
comment installer une vmc,200,0,6,False,False,True,,,,2,,,https://www.effy.fr/travaux-energetique/ventilation/vmc-comment-l-installer
prix chaudière gaz,600,0,61,False,True,True,,,,3,,,https://www.effy.fr/travaux-energetique/chauffage/chaudiere/prix-chaudiere-gaz
quand faut il allumer le chauffage,100,0,,False,False,True,,,,1,,,https://www.effy.fr/renovation-energetique/chauffage/quand-allumer-et-eteindre-le-chauffage
pompe à chaleur aérothermique,150,0,68,False,False,True,,,,1,,,https://www.effy.fr/travaux-energetique/chauffage/pompe-a-chaleur/pac-aerothermique
isolation comble perdu,1200,1,107,False,False,True,,,,7,4,,https://www.effy.fr/travaux-energetique/isolation/isolation-combles/combles-perdus-prix
isolation toiture terrasse prix m2,100,0,99,False,False,True,,,,1,,,https://www.effy.fr/travaux-energetique/isolation/isolation-toit/toiture-terrasse/prix
prime cee isolation combles,150,0,162,False,False,True,,,,1,,,https://www.effy.fr/aide-energetique/isolation/isolation-combles/prime-cee
consommation pompe à chaleur,150,1,6,False,False,True,,,,1,,,https://www.effy.fr/travaux-energetique/chauffage/pompe-a-chaleur/consommation-electrique
chauffe eau,39000,5,15,True,True,True,,,,10,,,https://www.effy.fr/travaux-energetique/chauffe-eau/chauffe-eau-electrique
diagnostic energetique,900,53,94,False,False,True,,,,6,,,https://www.effy.fr/renovation-energetique/diagnostic-performance-energetique
panneau solaire 1000w,2100,1,58,True,True,True,,,,2,,,https://www.effy.fr/travaux-energetique/solaire/panneau-solaire/alimentation-1000w
quel est le chauffage le moins cher,100,1,63,False,False,True,,,,1,,,https://www.effy.fr/travaux-energetique/chauffage/chauffage-le-plus-economique
effy panneau solaire,80,3,219,False,True,True,,,,1,,,https://www.effy.fr/nos-offres/installation-solaire
comment faire un dpe,200,12,49,False,False,True,,,,3,,,https://www.effy.fr/renovation-energetique/bilan-energetique-maison
enlèvement cuve fioul tarif,150,1,66,False,False,True,,,,1,,,https://www.effy.fr/travaux-energetique/chauffage/chaudiere/depose-cuve-fioul
quand allumer son chauffage,100,0,12,False,False,True,,,,1,,,https://www.effy.fr/renovation-energetique/chauffage/quand-allumer-et-eteindre-le-chauffage
isolation rampant toiture,200,2,71,False,False,True,,,,1,,,https://www.effy.fr/travaux-energetique/isolation/isolation-combles/rampants-definition
bilan energetique prix,200,6,70,False,False,True,,,,1,,,https://www.effy.fr/renovation-energetique/prix-dpe
depannage pompe a chaleur,450,0,98,False,False,True,,,,3,,,https://www.effy.fr/travaux-energetique/chauffage/pompe-a-chaleur/assurance/depannage
prix diagnostic dpe,400,3,68,False,False,True,,,,2,,,https://www.effy.fr/renovation-energetique/prix-dpe
panneau solaire bifacial,600,3,52,True,True,True,,,,4,,,https://www.effy.fr/le-solaire-bifacial-nouvelle-technologie-du-photovoltaique
isolation exterieur materiaux,150,0,58,False,False,True,,,,1,,,https://www.effy.fr/travaux-energetique/isolation/isolation-murs/par-l-exterieur/quel-isolant
installation panneaux solaire,1300,55,,False,True,True,,,,8,,,https://www.effy.fr/travaux-energetique/solaire/installation-panneaux
dpe f que faire,150,1,30,False,False,True,,,,1,,,https://www.effy.fr/renovation-energetique/tout-connaitre-sur-le-dpe-f
combien de panneau solaire pour une maison de 100m2,150,6,232,False,False,True,,,,1,,,https://www.effy.fr/infos-renovation-energetique/combien-de-panneaux-solaires-pour-maison-100m2
réducteur de pression chauffe-eau obligatoire,150,0,15,False,False,True,,,,1,,,https://www.effy.fr/travaux-energetique/chauffage/chauffe-eau/reducteur-de-pression
pompe à chaleur air eau mitsubishi,300,0,83,False,True,True,,,,2,,,https://www.effy.fr/travaux-energetique/chauffage/pompe-a-chaleur/mitsubishi
nettoyer panneaux solaires,350,4,39,False,False,True,,,,2,,,https://www.effy.fr/travaux-energetique/solaire/nettoyage-panneau-solaire
pression pompe a chaleur,150,0,4,False,False,True,,,,1,,,https://www.effy.fr/travaux-energetique/chauffage/pompe-a-chaleur/perte-de-puissance
combien coute une pompe à chaleur air eau,150,3,113,False,False,True,,,,1,,,https://www.effy.fr/travaux-energetique/chauffage/pompe-a-chaleur/prix-pac-air-eau
devis isolation exterieur,700,0,45,True,True,True,,,,6,,,https://www.effy.fr/travaux-energetique/isolation/isolation-murs/par-l-exterieur/devis-exemple
panneau solaire rendement,450,3,71,False,False,True,,,,4,,,https://www.effy.fr/travaux-energetique/solaire/rendement-panneau
isolation extérieur 1 euro,150,0,357,False,False,True,,,,1,,,https://www.effy.fr/travaux-energetique/isolation/isolation-murs/par-l-exterieur/1-euro
meilleur pompe a chaleur,300,0,82,False,True,True,,,,3,,,https://www.effy.fr/renovation-energetique/chauffage/pompe-a-chaleur/meilleure-pompe-a-chaleur-air-eau
panneau solaire fonctionnement,600,14,8,False,False,True,,,,5,,,https://www.effy.fr/travaux-energetique/solaire/fonctionnement-panneaux-solaire
prix isolation exterieur m2,500,3,98,False,False,True,,,,5,,,https://www.effy.fr/travaux-energetique/isolation/isolation-murs/par-l-exterieur/prix
combien coûte 1 heure de cuisson au gaz,150,1,205,False,False,True,,,,1,,,https://www.effy.fr/magazine/prix-energie-gaz
prix d'une pompe à chaleur,800,1,94,False,True,True,,,,5,,,https://www.effy.fr/travaux-energetique/chauffage/pompe-a-chaleur/prix-pac-air-eau
schéma fonctionnement panneau solaire,250,10,9,False,False,True,,,,3,,,https://www.effy.fr/travaux-energetique/solaire/fonctionnement-panneaux-solaire
prime effy et prime edf,80,25,93,False,False,True,,,,1,,,https://www.effy.fr/aide-energetique/prime-energie/comparatif-prime
vmc simple flux,15000,2,4,False,True,True,,,,2,12,,https://www.effy.fr/travaux-energetique/ventilation/vmc-consommation
améliorer son dpe,150,0,30,False,False,True,,,,1,,,https://www.effy.fr/magazine/passer-de-g-d-quels-travaux-pour-ameliorer-son-dpe
calcul rendement panneau solaire,100,8,102,False,False,True,,,,1,,,https://www.effy.fr/travaux-energetique/solaire/rendement-panneau
a quoi sert un panneau solaire,150,5,65,False,False,True,,,,1,,,https://www.effy.fr/travaux-energetique/solaire/fonctionnement-panneaux-solaire
isolation comble rampant,150,2,128,False,False,True,,,,1,,,https://www.effy.fr/travaux-energetique/isolation/isolation-combles/rampants-definition
isolation plafond rampant,150,2,32,False,False,True,,,,1,,,https://www.effy.fr/travaux-energetique/isolation/isolation-combles/rampants-definition
renovation facade,450,1,147,False,False,True,,,,3,,,https://www.effy.fr/travaux-energetique/isolation/ravalement-de-facade
materiaux isolation exterieur,100,0,58,False,False,True,,,,1,,,https://www.effy.fr/travaux-energetique/isolation/isolation-murs/par-l-exterieur/quel-isolant
aide changement porte d'entrée,100,8,69,False,False,True,,,,1,,,https://www.effy.fr/aide-energetique/porte-entree
prix pompe à chaleur air-air,150,0,111,False,True,True,,,,1,,,https://www.effy.fr/travaux-energetique/chauffage/pompe-a-chaleur/prix-pac-air-air
chauffage le moins cher,250,1,50,False,False,True,,,,3,,,https://www.effy.fr/travaux-energetique/chauffage/chauffage-le-plus-economique
aide pour renovation toiture,90,1,82,False,False,True,,,,1,,,https://www.effy.fr/travaux-energetique/isolation/isolation-toit/toiture-terrasse/aides/renovation
isolant plafond cave,100,0,79,False,False,True,,,,1,,,https://www.effy.fr/travaux-energetique/isolation/cave-plafond
combien de temps est valable un dpe,700,36,1,False,False,True,,,,5,,,https://www.effy.fr/renovation-energetique/mon-dpe-est-il-toujours-valable
combien de panneaux solaires pour une maison,300,5,64,False,False,True,,,,2,,,https://www.effy.fr/travaux-energetique/solaire/prix-installation-panneaux
quand allumer le chauffage,150,0,1,False,False,True,,,,1,,,https://www.effy.fr/renovation-energetique/chauffage/quand-allumer-et-eteindre-le-chauffage
isolation par l'extérieur soi meme,350,0,19,False,False,True,,,,4,,,https://www.effy.fr/travaux-energetique/isolation/isolation-murs/par-l-exterieur/faire-isolation-exterieure-soi-meme
installation vmc simple flux,400,0,6,False,False,True,,,,3,,,https://www.effy.fr/travaux-energetique/ventilation/vmc-comment-l-installer
rénovation toiture,900,7,43,False,False,True,,,,6,,,https://www.effy.fr/travaux-energetique/isolation/isolation-toit/toiture-terrasse/aides/renovation
isolation des combles à 1 euro,300,2,186,False,False,True,,,,4,,,https://www.effy.fr/travaux-energetique/isolation/isolation-1-euro
désembouage circuit de chauffage prix,100,0,58,False,False,True,,,,1,,,https://www.effy.fr/travaux-energetique/chauffage/desembouage
vmc salle de bain obligatoire,100,0,,False,False,True,,,,1,,,https://www.effy.fr/travaux-energetique/ventilation/vmc/salle-de-bain
audit energetique,2300,38,92,False,False,True,,,,12,7,,https://www.effy.fr/renovation-energetique/audit-energetique
a quelle date allumer le chauffage,100,0,,False,False,True,,,,1,,,https://www.effy.fr/renovation-energetique/chauffage/quand-allumer-et-eteindre-le-chauffage
prix isolation extérieure,400,2,143,False,False,True,,,,7,,,https://www.effy.fr/travaux-energetique/isolation/isolation-murs/par-l-exterieur/prix
quel chauffage pour une maison de 150m2,100,0,92,False,False,True,,,,1,,,https://www.effy.fr/travaux-energetique/chauffage/pompe-a-chaleur/prix-d-une-pompe-a-chaleur/maison-150m2
inclinaison panneau photovoltaique,100,3,25,False,False,True,,,,1,,,https://www.effy.fr/travaux-energetique/solaire/inclinaison-panneau-solaire
isolation extérieur prix,300,3,121,False,False,True,,,,3,,,https://www.effy.fr/travaux-energetique/isolation/isolation-murs/par-l-exterieur/prix
validité dpe vente,800,36,1,False,False,True,,,,6,,,https://www.effy.fr/renovation-energetique/mon-dpe-est-il-toujours-valable
cout diagnostic dpe,150,1,51,False,False,True,,,,1,,,https://www.effy.fr/renovation-energetique/prix-dpe
isolation rampants de toiture,150,2,119,False,False,True,,,,1,,,https://www.effy.fr/travaux-energetique/isolation/isolation-combles/rampants-definition
pompe à chaleur atlantic prix,300,0,82,False,True,True,,,,4,,,https://www.effy.fr/travaux-energetique/chauffage/pompe-a-chaleur/atlantic
ventilation naturelle par conduit,100,1,7,False,False,True,,,,1,,,https://www.effy.fr/travaux-energetique/ventilation/naturelle
isolation extérieure,2200,2,187,False,True,True,,,,11,4,,https://www.effy.fr/travaux-energetique/isolation/isolation-murs/par-l-exterieur/quel-isolant
classification dpe,300,4,6,False,False,True,,,,4,,,https://www.effy.fr/renovation-energetique/dpe-d-classe-energetique-la-plus-repandue
devis chaudiere gaz,250,1,261,True,True,True,,,,2,,,https://www.effy.fr/travaux-energetique/chauffage/chaudiere/prix-chaudiere-gaz
pompe à chaleur panasonic,350,0,84,False,True,True,,,,3,,,https://www.effy.fr/travaux-energetique/chauffage/pompe-a-chaleur/panasonic
consommation vmc par jour,100,0,,False,False,True,,,,1,,,https://www.effy.fr/travaux-energetique/ventilation/vmc-consommation
isolation combles rampants,150,0,59,False,False,True,,,,1,,,https://www.effy.fr/travaux-energetique/isolation/isolation-combles/rampants-definition
dépannage pompe à chaleur,400,0,79,True,False,True,,,,3,,,https://www.effy.fr/travaux-energetique/chauffage/pompe-a-chaleur/assurance/depannage
classement dpe,800,3,6,False,False,True,,,,6,,,https://www.effy.fr/renovation-energetique/dpe-d-classe-energetique-la-plus-repandue
inclinaison idéale panneau solaire,100,2,27,False,False,True,,,,1,,,https://www.effy.fr/travaux-energetique/solaire/inclinaison-panneau-solaire
prix pompe à chaleur air-eau pour 80 m2,100,0,,False,False,True,,,,1,,,https://www.effy.fr/travaux-energetique/chauffage/pompe-a-chaleur/prix-d-une-pompe-a-chaleur/maison-80m2
pompe à chaleur air-eau réversible prix,100,1,111,False,True,True,,,,1,,,https://www.effy.fr/travaux-energetique/chauffage/pompe-a-chaleur/reversible-prix
panneau solaire comment ça marche,150,6,14,False,False,True,,,,1,,,https://www.effy.fr/travaux-energetique/solaire/fonctionnement-panneaux-solaire
prix pompe à chaleur air air,100,0,78,False,False,True,,,,1,,,https://www.effy.fr/travaux-energetique/chauffage/pompe-a-chaleur/prix-pac-air-air
meilleur chauffage electrique,300,2,8,False,True,True,,,,5,,,https://www.effy.fr/renovation-energetique/chauffage/radiateur/meilleur-radiateur-electrique
isolation à 1 €,100,3,154,False,False,True,,,,1,,,https://www.effy.fr/travaux-energetique/isolation/isolation-1-euro
isolant entre chevron,200,0,32,False,False,True,,,,2,,,https://www.effy.fr/travaux-energetique/isolation/isolation-toit/chevrons
comment marche un panneau solaire,150,7,40,False,False,True,,,,1,,,https://www.effy.fr/travaux-energetique/solaire/fonctionnement-panneaux-solaire
aide etat pompe a chaleur air air,100,3,295,False,False,True,,,,1,,,https://www.effy.fr/aide-energetique/pac-air-air
tarif vmc,100,0,25,False,True,True,,,,1,,,https://www.effy.fr/travaux-energetique/ventilation/vmc-simple-flux/prix
quel inclinaison panneau solaire,100,3,20,False,False,True,,,,1,,,https://www.effy.fr/travaux-energetique/solaire/inclinaison-panneau-solaire
meilleur isolant toiture,200,0,13,False,False,True,,,,3,,,https://www.effy.fr/travaux-energetique/isolation/isolation-toit/materiaux-isolants
maison ecologique a energie positive,100,0,32,False,False,True,,,,1,,,https://www.effy.fr/renovation-energetique/maison-bepos
prix isolation extérieur maison 100m2,900,0,93,False,False,True,,,,8,,,https://www.effy.fr/renovation-energetique/maison-phenix/prix/isolation-exterieur-100m2
cout d un dpe,100,0,48,False,False,True,,,,1,,,https://www.effy.fr/renovation-energetique/prix-dpe
puissance panneaux solaire,100,6,45,False,False,True,,,,1,,,https://www.effy.fr/infos-renovation-energetique/puissance-kit-solaire-autoconsommation
fonctionnement groupe de sécurité chauffe eau,250,0,1,False,False,True,,,,2,,,https://www.effy.fr/travaux-energetique/chauffe-eau/groupe-de-securite
rénovation de toiture,500,6,39,False,False,True,,,,6,,,https://www.effy.fr/travaux-energetique/isolation/isolation-toit/toiture-terrasse/aides/renovation
devis renovation maison,500,1,336,False,True,True,,,,6,,,https://www.effy.fr/travaux-energetique/renovation-globale/prix
kit solaire 3000w,350,0,47,False,True,True,,,,5,,,https://www.effy.fr/travaux-energetique/solaire/panneau-solaire-photovoltaique/que-peut-on-alimenter-avec-un-panneau-solaire-3000w
vmc double flux meilleur rapport qualité prix,100,0,,False,True,True,,,,1,,,https://www.effy.fr/travaux-energetique/ventilation/vmc-double-flux/meilleure
location panneaux solaires,400,6,348,False,True,True,,,,4,,,https://www.effy.fr/travaux-energetique/solaire/panneau-solaire-photovoltaique/location
isolation exterieur a 1€,250,0,279,False,False,True,,,,2,,,https://www.effy.fr/travaux-energetique/isolation/isolation-murs/par-l-exterieur/1-euro
chauffe-eau solaire 200 litres prix,450,2,49,False,True,True,,,,2,,,https://www.effy.fr/travaux-energetique/chauffe-eau/prix-chauffe-eau-solaire
isolation a 1 euros,70,3,202,False,False,True,,,,1,,,https://www.effy.fr/travaux-energetique/isolation/isolation-1-euro
prix d'une vmc simple flux,100,0,5,False,True,True,,,,1,,,https://www.effy.fr/travaux-energetique/ventilation/vmc-simple-flux/prix
cout dpe maison,300,0,50,False,False,True,,,,1,,,https://www.effy.fr/renovation-energetique/prix-dpe
isolation exterieur enduit,150,0,70,False,False,True,,,,1,,,https://www.effy.fr/travaux-energetique/isolation/isolation-murs/enduit
panneau monocristallin ou polycristallin,100,4,19,False,False,True,,,,1,,,https://www.effy.fr/travaux-energetique/solaire/panneau-solaire-photovoltaique/monocristallin-ou-polycristallin
interdiction de location dpe,100,6,9,False,False,True,,,,1,,,https://www.effy.fr/renovation-energetique/quel-dpe-pour-louer/calendrier-interdiction
ma prime rénov poêle à bois,100,1,104,False,False,True,,,,1,,,https://www.effy.fr/aide-energetique/ma-prime-renov/poele-a-bois
cout changement chaudiere gaz,80,1,95,False,False,True,,,,1,,,https://www.effy.fr/travaux-energetique/chauffage/chaudiere/prix-chaudiere-gaz
aide pour chauffe eau thermodynamique,100,3,141,False,False,True,,,,1,,,https://www.effy.fr/aide-energetique/chauffe-eau-thermodynamique
puissance panneau photovoltaique,250,12,76,False,False,True,,,,3,,,https://www.effy.fr/infos-renovation-energetique/puissance-kit-solaire-autoconsommation
panasonic pompe a chaleur,400,0,84,False,True,True,,,,3,,,https://www.effy.fr/travaux-energetique/chauffage/pompe-a-chaleur/panasonic
devis vmc double flux,200,0,305,False,True,True,,,,2,,,https://www.effy.fr/travaux-energetique/ventilation/vmc-double-flux/prix
isolation combles 1€,250,2,179,False,False,True,,,,4,,,https://www.effy.fr/travaux-energetique/isolation/isolation-1-euro
interdiction louer dpe,90,4,6,False,False,True,,,,1,,,https://www.effy.fr/renovation-energetique/quel-dpe-pour-louer/calendrier-interdiction
quand mettre chauffage,60,0,,False,False,True,,,,1,,,https://www.effy.fr/renovation-energetique/chauffage/quand-allumer-et-eteindre-le-chauffage
isolation sous rampants,100,2,41,False,False,True,,,,1,,,https://www.effy.fr/travaux-energetique/isolation/isolation-combles/rampants-definition
chaudière gaz prix,700,1,61,False,True,True,,,,4,,,https://www.effy.fr/travaux-energetique/chauffage/chaudiere/prix-chaudiere-gaz
refaire sa toiture gratuitement,200,0,105,False,False,True,,,,4,,,https://www.effy.fr/travaux-energetique/isolation/isolation-toit/prix-1euro
borne de recharge voiture electrique,800,10,72,False,True,True,,,,8,,,https://www.effy.fr/renovation-energetique/borne-recharge-voiture-electrique
meilleure vmc simple flux,70,0,8,False,True,True,,,,1,,,https://www.effy.fr/travaux-energetique/ventilation/vmc-simple-flux/meilleure
aide renovation toiture,350,44,82,False,False,True,,,,4,,,https://www.effy.fr/travaux-energetique/isolation/isolation-toit/toiture-terrasse/aides/renovation
installation pompe a chaleur,3300,1,32,False,False,True,,,,2,5,,https://www.effy.fr/travaux-energetique/chauffage/pompe-a-chaleur/installation
chaudière gaz fonctionnement,100,0,11,False,False,True,,,,1,,,https://www.effy.fr/travaux-energetique/chauffage/chaudiere/chaudiere-gaz/fonctionnement-d-une-chaudiere-gaz
faut il nettoyer les panneaux solaires,300,6,15,False,False,True,,,,3,,,https://www.effy.fr/travaux-energetique/solaire/nettoyage-panneau-solaire
prix chauffe-eau solaire 300 litres,1000,2,49,False,True,True,,,,9,,,https://www.effy.fr/travaux-energetique/chauffe-eau/prix-chauffe-eau-solaire
panneau solaire 3000w,450,1,70,True,True,True,,,,5,,,https://www.effy.fr/travaux-energetique/solaire/panneau-solaire-photovoltaique/que-peut-on-alimenter-avec-un-panneau-solaire-3000w
prix d une pompe a chaleur,500,0,86,False,True,True,,,,2,,,https://www.effy.fr/magazine/actualite/pompes-chaleur-ou-en-sont-les-marches-francais-et-europeen
comment isoler des rampants inaccessibles,60,0,48,False,False,True,,,,1,,,https://www.effy.fr/travaux-energetique/isolation/isoler-rampants-inaccessibles
isolation rampants toiture,100,2,113,False,False,True,,,,1,,,https://www.effy.fr/travaux-energetique/isolation/isolation-combles/rampants-definition
meilleures pompes à chaleur air eau,90,1,53,False,True,True,,,,1,,,https://www.effy.fr/renovation-energetique/chauffage/pompe-a-chaleur/meilleure-pompe-a-chaleur-air-eau
isolation exterieure,700,4,187,False,True,True,,,,10,3,,https://www.effy.fr/travaux-energetique/isolation/isolation-murs/par-l-exterieur/quel-isolant
station de recharge pour véhicules électriques,350,9,47,False,True,True,,,,6,,,https://www.effy.fr/renovation-energetique/borne-recharge-voiture-electrique
energie d,150,0,22,False,False,True,,,,1,,,https://www.effy.fr/renovation-energetique/dpe-d-classe-energetique-la-plus-repandue
calculer rendement panneau solaire,60,12,149,False,False,True,,,,1,,,https://www.effy.fr/travaux-energetique/solaire/rendement-panneau
quelle inclinaison pour panneau solaire,90,3,21,False,False,True,,,,1,,,https://www.effy.fr/travaux-energetique/solaire/inclinaison-panneau-solaire
faut il laisser la vmc en permanence,60,0,,False,False,True,,,,1,,,https://www.effy.fr/travaux-energetique/ventilation/vmc-consommation
devis isolation interieur,200,2,414,False,True,True,,,,2,,,https://www.effy.fr/travaux-energetique/isolation/isolation-murs/par-l-interieur/prix
pression eau pompe a chaleur,90,0,,False,False,True,,,,1,,,https://www.effy.fr/travaux-energetique/chauffage/pompe-a-chaleur/perte-de-puissance
prix depose cuve fioul,90,1,65,False,False,True,,,,1,,,https://www.effy.fr/travaux-energetique/chauffage/chaudiere/depose-cuve-fioul
prix moyen isolation exterieur,150,0,105,False,False,True,,,,3,,,https://www.effy.fr/travaux-energetique/isolation/isolation-murs/par-l-exterieur/prix
combien coûte un diagnostic dpe,90,1,52,False,False,True,,,,1,,,https://www.effy.fr/renovation-energetique/prix-dpe
conditions pour installer une pompe à chaleur,90,1,126,False,False,True,,,,1,,,https://www.effy.fr/travaux-energetique/chauffage/pompe-a-chaleur/installation
combien coute un dpe maison,250,1,47,False,False,True,,,,3,,,https://www.effy.fr/renovation-energetique/prix-dpe
cout diagnostic energetique,100,2,50,False,False,True,,,,1,,,https://www.effy.fr/renovation-energetique/prix-dpe
désembouage chaudière gaz prix,80,0,60,False,False,True,,,,1,,,https://www.effy.fr/travaux-energetique/chauffage/desembouage
qui appeler pour enlever une cuve à fioul,80,0,52,False,False,True,,,,1,,,https://www.effy.fr/travaux-energetique/chauffage/chaudiere/depose-cuve-fioul
ravalement facade isolation exterieure,80,0,,False,False,True,,,,1,,,https://www.effy.fr/travaux-energetique/isolation/ravalement-de-facade
cee chauffe eau thermodynamique,80,0,108,False,False,True,,,,1,,,https://www.effy.fr/aide-energetique/chauffe-eau-thermodynamique/prime-cee
prix vmc simple flux,450,0,5,False,True,True,,,,5,,,https://www.effy.fr/travaux-energetique/ventilation/vmc-simple-flux/prix
vmc obligatoire salle de bain,60,0,,False,False,True,,,,1,,,https://www.effy.fr/travaux-energetique/ventilation/vmc/salle-de-bain
calcul rendement panneaux solaires,80,11,149,False,False,True,,,,1,,,https://www.effy.fr/travaux-energetique/solaire/rendement-panneau
isolation combles perdus prix m2,70,1,96,False,False,True,,,,1,,,https://www.effy.fr/travaux-energetique/isolation/isolation-combles/combles-perdus-prix
isoler son garage,150,0,13,False,False,True,,,,2,,,https://www.effy.fr/travaux-energetique/comment-isoler-un-garage
contrat entretien pompe a chaleur,500,0,103,False,True,True,,,,8,,,https://www.effy.fr/travaux-energetique/chauffage/pompe-a-chaleur/prix-entretien
cout isolation interieur,250,0,71,False,False,True,,,,3,,,https://www.effy.fr/travaux-energetique/isolation/isolation-murs/par-l-interieur/prix
moyen de chauffage le moins cher,100,1,84,False,False,True,,,,1,,,https://www.effy.fr/travaux-energetique/chauffage/chauffage-le-plus-economique
dépannage poêle à granulés,200,0,58,False,False,True,,,,2,,,https://www.effy.fr/travaux-energetique/chauffage/poele/poele-granules/depannage
ravalement de facade,1200,5,114,False,False,True,,,,9,,,https://www.effy.fr/travaux-energetique/isolation/ravalement-de-facade
combien coute une isolation extérieure,150,1,93,False,False,True,,,,3,,,https://www.effy.fr/travaux-energetique/isolation/isolation-murs/par-l-exterieur/prix
isolant sous rampant,80,2,144,False,False,True,,,,1,,,https://www.effy.fr/travaux-energetique/isolation/isolation-combles/rampants-definition
installer un poele a granule,250,0,58,False,False,True,,,,5,,,https://www.effy.fr/travaux-energetique/chauffage/poele/poele-a-granules/installation
quand rallumer chauffage,80,0,,False,False,True,,,,1,,,https://www.effy.fr/renovation-energetique/chauffage/quand-allumer-et-eteindre-le-chauffage
isolation murs exterieurs,150,12,122,False,False,True,,,,3,1,,https://www.effy.fr/travaux-energetique/isolation/isolation-murs/par-l-exterieur
instalation vmc,100,0,102,False,False,True,,,,1,,,https://www.effy.fr/travaux-energetique/ventilation/vmc-comment-l-installer
chaudiere air eau prix,70,2,134,False,True,True,,,,1,,,https://www.effy.fr/travaux-energetique/chauffage/pompe-a-chaleur/prix-pac-air-eau
prix installation chauffe eau solaire,80,3,81,False,False,True,,,,1,,,https://www.effy.fr/travaux-energetique/chauffe-eau/prix-chauffe-eau-solaire
dpe interdiction de louer,80,1,5,False,False,True,,,,1,,,https://www.effy.fr/renovation-energetique/quel-dpe-pour-louer/calendrier-interdiction
panneaux solaires hybrides,150,5,134,False,True,True,,,,3,,,https://www.effy.fr/travaux-energetique/solaire/panneau-solaire-hybride
nettoyage photovoltaique,200,6,33,False,False,True,,,,4,,,https://www.effy.fr/travaux-energetique/solaire/nettoyage-panneau-solaire
coût isolation combles,80,0,148,False,False,True,,,,1,,,https://www.effy.fr/travaux-energetique/isolation/isolation-combles/combles-perdus-prix
prix du dpe,70,2,51,False,False,True,,,,1,,,https://www.effy.fr/renovation-energetique/prix-dpe
vmc puissance,60,0,,False,False,True,,,,1,,,https://www.effy.fr/travaux-energetique/ventilation/vmc-consommation
consommation chaudière à granulés,70,0,15,False,False,True,,,,1,,,https://www.effy.fr/travaux-energetique/chauffage/chaudiere/consommation-granules
ma prime renov rose,200,0,71,False,False,True,,,,2,,,https://www.effy.fr/aide-energetique/ma-prime-renov/rose
isolation des combles 1 euro,150,2,186,False,False,True,,,,3,,,https://www.effy.fr/travaux-energetique/isolation/isolation-1-euro
ravalement façade,450,4,114,False,False,True,,,,5,,,https://www.effy.fr/travaux-energetique/isolation/ravalement-de-facade
meilleure pompe a chaleur,150,1,53,False,True,True,,,,3,,,https://www.effy.fr/renovation-energetique/chauffage/pompe-a-chaleur/meilleure-pompe-a-chaleur-air-eau
prix d'une pompe à chaleur air eau,400,2,101,False,True,True,,,,3,,,https://www.effy.fr/travaux-energetique/chauffage/pompe-a-chaleur/prix-pac-air-eau
combien coûte une vmc double flux,70,0,35,False,True,True,,,,1,,,https://www.effy.fr/travaux-energetique/ventilation/vmc-double-flux/prix
pompe a chaleur,56000,13,153,False,False,True,,,,,1,,https://france-renov.gouv.fr/renovation/chauffage/pompe-chaleur-maison
rge,13000,56,61,False,False,True,,,,,1,,https://france-renov.gouv.fr/annuaires-professionnels/artisan-rge-architecte
pompe à chaleur,18000,21,117,False,True,True,,,,,3,,https://france-renov.gouv.fr/renovation/chauffage/pompe-chaleur-maison
chauffe eau thermodynamique,31000,9,16,False,False,True,,,,,3,,https://france-renov.gouv.fr/renovation/chauffage/chauffe-eau-thermodynamique-maison
entreprise rge,2200,34,94,False,False,True,,,,,1,,https://france-renov.gouv.fr/annuaires-professionnels/artisan-rge-architecte
poele a granule,29000,21,40,False,True,True,,,,,5,,https://france-renov.gouv.fr/renovation/chauffage/poele-granules
annuaire rge,1500,34,36,False,False,True,,,,,1,,https://france-renov.gouv.fr/annuaires-professionnels/artisan-rge-architecte
isolation thermique,5700,11,34,False,False,True,,,,,1,,https://france-renov.gouv.fr/renovation/isolation
chauffe eau solaire,12000,6,64,False,True,True,,,,,3,,https://france-renov.gouv.fr/renovation/chauffage/chauffe-eau-solaire
chauffage solaire,3200,7,14,False,False,True,,,,,1,,https://france-renov.gouv.fr/renovation/chauffage/solaire
artisan rge,1100,31,128,False,False,True,,,,,1,,https://france-renov.gouv.fr/annuaires-professionnels/artisan-rge-architecte
isolation extérieure maison,1600,2,189,False,False,True,,,,,1,,https://france-renov.gouv.fr/renovation/isolation/murs-maison
maprimeadapt,800,43,102,False,False,True,,,,,1,,https://france-renov.gouv.fr/aides/maprimeadapt
isolation thermique par l'extérieur,1400,8,136,False,False,True,,,,,1,,https://france-renov.gouv.fr/renovation/isolation/murs-maison
isolation maison,1300,12,161,False,False,True,,,,,1,,https://france-renov.gouv.fr/renovation/isolation
pompe chaleur,1500,22,117,False,True,True,,,,,1,,https://france-renov.gouv.fr/renovation/chauffage/pompe-chaleur-maison
poêle à granulés,16000,11,39,False,True,True,,,,,8,,https://france-renov.gouv.fr/renovation/chauffage/poele-granules
rge entreprise,700,47,94,False,False,True,,,,,1,,https://france-renov.gouv.fr/annuaires-professionnels/artisan-rge-architecte
chauffe-eau thermodynamique,7100,7,25,True,True,True,,,,,3,,https://france-renov.gouv.fr/renovation/chauffage/chauffe-eau-thermodynamique-maison
francerenov,600,6,162,False,False,True,,,,,1,,https://france-renov.gouv.fr/
artisans rge,600,46,128,False,False,True,,,,,1,,https://france-renov.gouv.fr/annuaires-professionnels/artisan-rge-architecte
isolation combles perdus,2000,2,108,False,False,True,,,,,1,,https://france-renov.gouv.fr/renovation/isolation/combles-perdus
france renov gouv,800,66,152,False,False,True,,,,,1,,https://france-renov.gouv.fr/
isolation des murs,600,8,31,False,False,True,,,,,1,,https://france-renov.gouv.fr/renovation/isolation/murs-maison
ventilation,4300,4,35,False,True,True,,,,,2,,https://france-renov.gouv.fr/renovation/vmc
renovation energetique,500,70,179,False,False,True,,,,,1,,https://france-renov.gouv.fr/renovation/energetique
isolation mur exterieur,2200,5,109,False,False,True,,,,,3,,https://france-renov.gouv.fr/renovation/isolation/murs-maison
aide pompe à chaleur,2300,55,224,False,False,True,,,,,3,,https://mesaides.france-renov.gouv.fr/
pompes à chaleur,2000,17,117,False,False,True,,,,,3,,https://france-renov.gouv.fr/renovation/chauffage/pompe-chaleur-maison
isolation comble,1100,4,124,False,False,True,,,,,1,,https://france-renov.gouv.fr/renovation/isolation/combles-maison
pompe a chaleur air air,7100,8,111,False,True,True,,,,,7,,https://france-renov.gouv.fr/renovation/chauffage/pompe-chaleur-maison
comment isoler un mur extérieur,250,0,6,False,False,True,,,,,1,,https://france-renov.gouv.fr/renovation/isolation/murs-copropriete
monte escalier electrique,2000,12,338,False,True,True,,,,,4,,https://france-renov.gouv.fr/renovation/autonomie-adapter/monte-escaliers
type de chauffage,500,8,40,False,False,True,,,,,1,,https://france-renov.gouv.fr/renovation/chauffage
chauffage pac,700,16,22,False,False,True,,,,,1,,https://france-renov.gouv.fr/renovation/chauffage/pompe-chaleur-maison
renovation maison,6700,16,48,False,False,True,,,,,4,,https://france-renov.gouv.fr/
renovation appartement,2400,6,60,False,False,True,,,,,5,,https://france-renov.gouv.fr/
ma prime rénov simulation,400,57,158,False,False,True,,,,,1,,https://france-renov.gouv.fr/aides/simulation
aide isolation combles,250,12,141,False,False,True,,,,,1,,https://france-renov.gouv.fr/renovation/isolation/combles-maison
simulation prime renov,400,47,236,False,False,True,,,,,1,,https://france-renov.gouv.fr/aides/simulation
renovation globale,400,20,223,False,False,True,,,,,1,,https://france-renov.gouv.fr/la-renovation-globale
isolation garage,1500,0,19,False,False,True,,,,,4,,https://france-renov.gouv.fr/renovation/isolation/sous-sol-garage
professionnel rge,250,45,132,False,False,True,,,,,1,,https://france-renov.gouv.fr/annuaires-professionnels/artisan-rge-architecte
qualification rge,600,41,59,False,False,True,,,,,1,,https://france-renov.gouv.fr/annuaires-professionnels/artisan-rge-architecte
vmc double flux fonctionnement,250,0,1,False,False,True,,,,,1,,https://france-renov.gouv.fr/ventilation/ventilation-double-flux
fonctionnement vmc double flux,200,2,1,False,False,True,,,,,1,,https://france-renov.gouv.fr/ventilation/ventilation-double-flux
renov,450,68,23,False,False,True,,,,,2,,https://france-renov.gouv.fr/
renovation,3000,69,70,False,False,True,,,,,3,,https://france-renov.gouv.fr/
isolation thermique extérieure,1400,1,139,False,False,True,,,,,3,,https://france-renov.gouv.fr/renovation/isolation/murs-maison
isolation des combles perdus,800,0,108,False,False,True,,,,,1,,https://france-renov.gouv.fr/renovation/isolation/combles-perdus
maprimerenov simulation,350,19,241,False,False,True,,,,,1,,https://france-renov.gouv.fr/aides/simulation
isolation des murs extérieurs,350,4,109,False,False,True,,,,,1,,https://france-renov.gouv.fr/renovation/isolation/murs-maison
france renov.gouv.fr,400,59,165,False,False,True,,,,,1,,https://france-renov.gouv.fr/
aide pompe a chaleur,1100,36,304,False,False,True,,,,,3,,https://mesaides.france-renov.gouv.fr/
aide renovation energetique,800,63,151,False,False,True,,,,,3,,https://mesaides.france-renov.gouv.fr/
entreprises rge,150,33,94,False,False,True,,,,,1,,https://france-renov.gouv.fr/annuaires-professionnels/artisan-rge-architecte
pompe a chaleur maison,400,0,146,False,False,True,,,,,1,,https://france-renov.gouv.fr/renovation/chauffage/pompe-chaleur-maison
fonctionnement pompe a chaleur,2500,3,6,False,False,True,,,,,4,,https://france-renov.gouv.fr/renovation/chauffage/pompe-chaleur-maison
cee edf,5000,43,92,False,False,True,,,,,6,,https://france-renov.gouv.fr/aides/cee
ventilation simple flux,300,0,3,True,True,True,,,,,1,,https://france-renov.gouv.fr/renovation/vmc/maison
travaux renovation energetique,350,51,158,False,False,True,,,,,1,,https://france-renov.gouv.fr/renovation/energetique
liste rge,150,31,40,False,False,True,,,,,1,,https://france-renov.gouv.fr/annuaires-professionnels/artisan-rge-architecte
temperature chauffage,150,3,5,False,False,True,,,,,1,,https://france-renov.gouv.fr/bons-gestes-energetiques/chauffage
aide changement fenetre,1100,49,102,False,False,True,,,,,3,,https://mesaides.france-renov.gouv.fr/
liste entreprise rge,150,28,61,False,False,True,,,,,1,,https://france-renov.gouv.fr/annuaires-professionnels/artisan-rge-architecte
chauffe-eau solaire,2000,6,75,False,False,True,,,,,3,,https://france-renov.gouv.fr/renovation/chauffage/chauffe-eau-solaire
mon accompagnateur renov,300,14,143,False,False,True,,,,,1,,https://france-renov.gouv.fr/mon-accompagnateur-renov
ballon eau chaude solaire,1100,7,63,False,False,True,,,,,2,,https://france-renov.gouv.fr/renovation/chauffage/chauffe-eau-solaire
simulation ma prime rénov,250,72,159,False,False,True,,,,,1,,https://france-renov.gouv.fr/aides/simulation
combles perdus,800,4,121,False,False,True,,,,,1,,https://france-renov.gouv.fr/renovation/isolation/combles-perdus
fonctionnement d'une pompe à chaleur,250,3,6,False,False,True,,,,,1,,https://france-renov.gouv.fr/renovation/chauffage/pompe-chaleur-maison
ballon solaire,1600,7,87,False,False,True,,,,,4,,https://france-renov.gouv.fr/renovation/chauffage/chauffe-eau-solaire
prime renov simulation,250,48,218,False,False,True,,,,,1,,https://france-renov.gouv.fr/aides/simulation
isolation par l'intérieur,900,2,47,False,False,True,,,,,3,,https://france-renov.gouv.fr/renovation/isolation/murs-interieurs-appartement
isolation plafond garage,1800,0,16,False,False,True,,,,,8,,https://france-renov.gouv.fr/renovation/isolation/sous-sol-garage
maprime renov,700,78,148,False,False,True,,,,,4,,https://france-renov.gouv.fr/aides/mpr
pompe à chaleur air eau,4100,17,133,False,True,True,,,,,5,,https://france-renov.gouv.fr/renovation/chauffage/pompe-chaleur-maison
aide renovation,600,72,151,False,False,True,,,,,2,,https://mesaides.france-renov.gouv.fr/
travaux de renovation,900,28,25,False,False,True,,,,,3,,https://france-renov.gouv.fr/renovation
renov habitat,900,7,131,False,False,True,,,,,1,,https://france-renov.gouv.fr/
isolation toiture terrasse,350,0,73,False,False,True,,,,,1,,https://france-renov.gouv.fr/renovation/isolation/toitures-terrasses
chauffage thermodynamique,900,6,38,False,False,True,,,,,3,,https://france-renov.gouv.fr/renovation/chauffage/chauffe-eau-thermodynamique-maison
chauffage au gaz,1000,0,21,False,True,True,,,,,3,,https://france-renov.gouv.fr/renovation/chauffage/gaz-appartement
aide cee pompe a chaleur,300,26,267,False,False,True,,,,,1,,https://france-renov.gouv.fr/aides/cee
renovation fenetre,350,3,106,False,True,True,,,,,1,,https://france-renov.gouv.fr/renovation/isolation/portes-fenetres-maison
simul'aides,100,70,74,False,False,True,,,,,1,,https://france-renov.gouv.fr/aides/simulation
france renovation,450,5,27,False,False,True,,,,,1,,https://france-renov.gouv.fr/
entreprise rge autour de moi,600,30,120,False,False,True,,,,,2,,https://france-renov.gouv.fr/annuaires-professionnels/artisan-rge-architecte
isolation par l'extérieur maison,200,6,178,False,False,True,,,,,1,,https://france-renov.gouv.fr/renovation/isolation/murs-maison
comment fonctionne une pompe a chaleur,300,0,10,False,False,True,,,,,1,,https://france-renov.gouv.fr/renovation/chauffage/pompe-chaleur-maison
societe rge,150,45,112,False,False,True,,,,,1,,https://france-renov.gouv.fr/annuaires-professionnels/artisan-rge-architecte
cee pompe à chaleur,300,1,219,False,False,True,,,,,1,,https://france-renov.gouv.fr/aides/cee
rge isolation,200,24,119,False,False,True,,,,,1,,https://france-renov.gouv.fr/annuaires-professionnels/artisan-rge-architecte
aide cee,900,47,162,False,False,True,,,,,2,,https://france-renov.gouv.fr/aides/cee
travaux d'isolation,250,26,44,False,False,True,,,,,3,,https://france-renov.gouv.fr/renovation/isolation
simulateur ma prime renov,200,72,159,False,False,True,,,,,1,,https://france-renov.gouv.fr/aides/simulation
où trouver la liste des artisan rge,250,31,62,False,False,True,,,,,1,,https://france-renov.gouv.fr/annuaires-professionnels/artisan-rge-architecte
simulation aide renovation,200,29,304,False,False,True,,,,,1,,https://mesaides.france-renov.gouv.fr/
certificat rge,500,40,55,False,False,True,,,,,1,,https://france-renov.gouv.fr/annuaires-professionnels/artisan-rge-architecte
rge annuaire,200,28,36,False,False,True,,,,,1,,https://france-renov.gouv.fr/annuaires-professionnels/artisan-rge-architecte
couvreur rge autour de moi,250,24,217,False,False,True,,,,,1,,https://france-renov.gouv.fr/annuaires-professionnels/artisan-rge-architecte
c'est quoi une pompe à chaleur,250,11,18,False,False,True,,,,,1,,https://france-renov.gouv.fr/renovation/chauffage/pompe-chaleur-maison
comment isoler un mur,600,6,6,False,False,True,,,,,2,,https://france-renov.gouv.fr/renovation/isolation/murs-maison
annuaire artisan rge,150,34,28,False,False,True,,,,,1,,https://france-renov.gouv.fr/annuaires-professionnels/artisan-rge-architecte
france renove,250,4,126,False,False,True,,,,,1,,https://france-renov.gouv.fr/
aide ma prime renov,200,80,103,False,False,True,,,,,1,,https://france-renov.gouv.fr/aides/maprimerenov
installation pompe à chaleur,3000,1,22,False,False,True,,,,,7,,https://france-renov.gouv.fr/renovation/chauffage/pompe-chaleur-maison
prim renov,600,66,123,False,False,True,,,,,3,,https://mesaides.france-renov.gouv.fr/simulation
isoler un garage,800,0,12,False,False,True,,,,,4,,https://france-renov.gouv.fr/renovation/isolation/sous-sol-garage
différents types de chauffage,100,4,32,False,False,True,,,,,1,,https://france-renov.gouv.fr/renovation/chauffage
aide isolation,600,66,168,False,False,True,,,,,3,,https://mesaides.france-renov.gouv.fr/
pompe à chaleur air air,3400,5,94,False,False,True,,,,,7,,https://france-renov.gouv.fr/renovation/chauffage/pompe-chaleur-maison
liste des artisans rge,100,27,28,False,False,True,,,,,1,,https://france-renov.gouv.fr/annuaires-professionnels/artisan-rge-architecte
maprimerénov simulation,200,49,158,False,False,True,,,,,1,,https://france-renov.gouv.fr/aides/simulation
installateur rge,150,42,127,False,False,True,,,,,1,,https://france-renov.gouv.fr/annuaires-professionnels/artisan-rge-architecte
ma prime renov.gouv.fr,700,69,134,False,False,True,,,,,5,,https://france-renov.gouv.fr/
isolation facade,300,6,146,False,True,True,,,,,3,,https://france-renov.gouv.fr/renovation/isolation/murs-maison
thermodynamique chauffe eau,800,5,16,False,False,True,,,,,3,,https://france-renov.gouv.fr/renovation/chauffage/chauffe-eau-thermodynamique-maison
isolation par exterieur,500,7,214,False,False,True,,,,,3,,https://france-renov.gouv.fr/renovation/isolation/murs-maison
isolation de combles,250,1,144,False,False,True,,,,,1,,https://france-renov.gouv.fr/renovation/isolation/combles-maison
ma prime renov pompe a chaleur,450,67,255,False,False,True,,,,,3,,https://mesaides.france-renov.gouv.fr/aides/ma-prime-renov/Pompe%20%C3%A0%20chaleur%20air%2Feau
travaux renovation maison,300,23,52,False,False,True,,,,,1,,https://france-renov.gouv.fr/
simulation aide pompe à chaleur,150,32,,False,False,True,,,,,1,,https://mesaides.france-renov.gouv.fr/
isoler les combles,500,4,124,False,False,True,,,,,1,,https://france-renov.gouv.fr/renovation/isolation/combles-maison
aide rénovation énergétique,300,70,148,False,False,True,,,,,2,,https://mesaides.france-renov.gouv.fr/
depose cuve fioul,200,0,67,False,False,True,,,,,1,,https://france-renov.gouv.fr/renovation/chauffage/depose-cuve-fioul
certification rge,800,39,55,False,False,True,,,,,4,,https://france-renov.gouv.fr/annuaires-professionnels/artisan-rge-architecte
vmc simple flux hygroréglable,4600,0,6,False,True,True,,,,,11,,https://france-renov.gouv.fr/renovation/vmc/maison
certificat d'économie d'énergie,1500,33,109,False,False,True,,,,,8,,https://france-renov.gouv.fr/aides/cee
ma prime renove,600,66,142,False,False,True,,,,,5,,https://mesaides.france-renov.gouv.fr/simulation
aide pour changer baignoire en douche,100,0,79,False,False,True,,,,,1,,https://france-renov.gouv.fr/renovation/autonomie-adapter/baignoire-douche-appartement
isolation des combles perdus par soufflage,200,2,104,False,False,True,,,,,1,,https://france-renov.gouv.fr/renovation/isolation/combles-maison
logo france renov,150,0,,False,False,True,,,,,1,,https://france-renov.gouv.fr/charte-MAR
comment fonctionne un chauffe eau thermodynamique,200,2,5,False,False,True,,,,,1,,https://france-renov.gouv.fr/renovation/chauffage/chauffe-eau-thermodynamique-maison
isolation par l4exterieur,150,10,171,False,False,True,,,,,1,,https://france-renov.gouv.fr/renovation/isolation/murs-maison
comment isoler un mur intérieur,700,2,6,False,False,True,,,,,4,,https://france-renov.gouv.fr/renovation/isolation/murs-maison
primeadapt,70,28,,False,False,True,,,,,1,,https://france-renov.gouv.fr/aides/maprimeadapt
fonctionnement chauffe eau thermodynamique,300,7,4,False,False,True,,,,,1,,https://france-renov.gouv.fr/renovation/chauffage/chauffe-eau-thermodynamique-maison
isolation extérieur maison,250,3,189,False,False,True,,,,,1,,https://france-renov.gouv.fr/renovation/isolation/murs-maison
isolation par l exterieur,250,2,178,False,False,True,,,,,1,,https://france-renov.gouv.fr/renovation/isolation/murs-maison
simulateur prime renov,150,48,147,False,False,True,,,,,1,,https://france-renov.gouv.fr/aides/simulation
audit énergétique rge,200,3,105,False,False,True,,,,,1,,https://france-renov.gouv.fr/preparer-projet/dpe-audit
travaux renovation,600,67,26,False,False,True,,,,,3,,https://france-renov.gouv.fr/renovation
isoler un mur intérieur,800,2,25,False,False,True,,,,,5,,https://france-renov.gouv.fr/renovation/isolation/murs-interieurs-appartement
france renov habitat,250,11,84,False,False,True,,,,,1,,https://france-renov.gouv.fr/
ma prime logement décent,200,6,,False,False,True,,,,,1,,https://france-renov.gouv.fr/aides/ma-prime-logement-decent
comment isoler les combles,350,3,41,False,False,True,,,,,2,,https://france-renov.gouv.fr/renovation/isolation/combles-maison
isolation des murs par l'intérieur,1100,4,55,False,False,True,,,,,4,,https://france-renov.gouv.fr/renovation/isolation/murs-interieurs-appartement
annuaire entreprise rge,150,34,27,False,False,True,,,,,1,,https://france-renov.gouv.fr/annuaires-professionnels/artisan-rge-architecte
prime renov gouv,500,79,142,False,False,True,,,,,5,,https://france-renov.gouv.fr/
quel isolant pour les combles,150,2,18,False,False,True,,,,,1,,https://france-renov.gouv.fr/renovation/isolation/combles-maison
vmc c'est quoi,250,4,5,False,False,True,,,,,1,,https://france-renov.gouv.fr/ventilation/ventilation-double-flux
simulation maprimerenov,150,66,137,False,False,True,,,,,1,,https://france-renov.gouv.fr/aides/simulation
renovation energétique,150,18,,False,False,True,,,,,1,,https://france-renov.gouv.fr/renovation/energetique
isoler un mur,500,1,26,False,False,True,,,,,3,,https://france-renov.gouv.fr/renovation/isolation/murs-maison
isolation exterieure maison,150,2,189,False,False,True,,,,,1,,https://france-renov.gouv.fr/renovation/isolation/murs-maison
entreprise rge isolation,150,24,179,False,False,True,,,,,1,,https://france-renov.gouv.fr/annuaires-professionnels/artisan-rge-architecte
liste artisan rge,70,30,74,False,False,True,,,,,1,,https://france-renov.gouv.fr/annuaires-professionnels/artisan-rge-architecte
ma prim renov,500,77,148,False,False,True,,,,,4,,https://france-renov.gouv.fr/aides/mpr
ma prime renov chauffe eau thermodynamique,150,0,125,False,False,True,,,,,1,,https://mesaides.france-renov.gouv.fr/aides/ma-prime-renov/Chauffe-eau%20thermodynamique
pompe a chameur,150,13,197,False,False,True,,,,,1,,https://france-renov.gouv.fr/renovation/chauffage/pompe-chaleur-maison
france-renov,60,4,,False,False,True,,,,,1,,https://france-renov.gouv.fr/
accompagnateur renov,100,5,159,False,False,True,,,,,1,,https://france-renov.gouv.fr/mon-accompagnateur-renov
isolation maison par l'extérieur,150,2,143,False,False,True,,,,,1,,https://france-renov.gouv.fr/renovation/isolation/murs-maison
isoler combles,400,6,124,False,False,True,,,,,2,,https://france-renov.gouv.fr/renovation/isolation/combles-maison
aide pour renovation,60,81,151,False,False,True,,,,,1,,https://mesaides.france-renov.gouv.fr/
chaudiere a pellet,700,2,58,False,True,True,,,,,6,,https://france-renov.gouv.fr/renovation/chauffage/chaudiere-granules
isolation toiture,4700,2,26,False,False,True,,,,,12,,https://france-renov.gouv.fr/renovation/isolation/toitures-terrasses
trouver artisan rge,150,11,30,False,False,True,,,,,1,,https://france-renov.gouv.fr/annuaires-professionnels/artisan-rge-architecte
bareme prime renov,150,43,60,False,False,True,,,,,1,,https://france-renov.gouv.fr/bareme
plombier rge autour de moi,150,16,81,False,False,True,,,,,1,,https://france-renov.gouv.fr/annuaires-professionnels/artisan-rge-architecte
renovation de maison,250,6,25,False,False,True,,,,,3,,https://france-renov.gouv.fr/
ma.prime renov,400,76,136,False,False,True,,,,,4,,https://mesaides.france-renov.gouv.fr/simulation
prime renovation,300,78,123,False,False,True,,,,,3,,https://mesaides.france-renov.gouv.fr/simulation
a quoi sert une pompe a chaleur,200,2,18,False,False,True,,,,,1,,https://france-renov.gouv.fr/renovation/chauffage/pompe-chaleur-maison
label rge,800,53,49,False,False,True,,,,,4,,https://france-renov.gouv.fr/annuaires-professionnels/artisan-rge-architecte
aide douche senior,450,19,91,False,True,True,,,,,3,,https://france-renov.gouv.fr/aides/maprimeadapt
chauffage pompe à chaleur,1100,14,25,False,False,True,,,,,3,,https://france-renov.gouv.fr/renovation/chauffage/pompe-chaleur-maison
isolation mur extérieur,500,5,109,False,False,True,,,,,3,,https://france-renov.gouv.fr/renovation/isolation/murs-maison
ma prime adapt gouvernement,150,43,86,False,False,True,,,,,1,,https://france-renov.gouv.fr/aides/maprimeadapt
chauffe eau panneau solaire,200,3,83,True,True,True,,,,,1,,https://france-renov.gouv.fr/renovation/chauffage/chauffe-eau-solaire
france rénov annuaire rge,90,45,29,False,False,True,,,,,1,,https://france-renov.gouv.fr/annuaires-professionnels/artisan-rge-architecte
devis rge,150,1,241,True,True,True,,,,,1,,https://france-renov.gouv.fr/annuaires-professionnels/artisan-rge-architecte
isoler mur exterieur,200,3,109,False,False,True,,,,,2,,https://france-renov.gouv.fr/renovation/isolation/murs-maison
qu'est ce qu'une pompe à chaleur,150,12,13,False,False,True,,,,,1,,https://france-renov.gouv.fr/renovation/chauffage/pompe-chaleur-maison
prime rénov,300,64,123,False,False,True,,,,,3,,https://mesaides.france-renov.gouv.fr/simulation
pompe à chaleur installation,1000,12,25,False,False,True,,,,,7,,https://france-renov.gouv.fr/renovation/chauffage/pompe-chaleur-maison
ballon d'eau chaude solaire,450,3,67,False,True,True,,,,,3,,https://france-renov.gouv.fr/renovation/chauffage/chauffe-eau-solaire
isolation exterieur rge,150,11,391,False,False,True,,,,,2,,https://france-renov.gouv.fr/annuaires-professionnels/artisan-rge-architecte
installateur rge pompe à chaleur autour de moi,150,18,280,True,False,True,,,,,2,,https://france-renov.gouv.fr/annuaires-professionnels/artisan-rge-architecte
isolation des combles soufflage,100,1,180,False,False,True,,,,,1,,https://france-renov.gouv.fr/renovation/isolation/combles-maison
aide pour pompe a chaleur,600,36,304,False,False,True,,,,,6,,https://mesaides.france-renov.gouv.fr/
systeme de chauffage,300,6,22,False,False,True,,,,,3,,https://france-renov.gouv.fr/renovation/chauffage
espace conseil france renov,100,24,28,False,False,True,,,,,1,,https://france-renov.gouv.fr/preparer-projet/trouver-conseiller
pompes a chaleur,500,24,153,False,False,True,,,,,3,,https://france-renov.gouv.fr/renovation/chauffage/pompe-chaleur-maison
pompe à chaleur c'est quoi,150,11,29,False,False,True,,,,,1,,https://france-renov.gouv.fr/renovation/chauffage/pompe-chaleur-maison
isolation thermique mur intérieur,300,3,12,False,False,True,,,,,3,,https://france-renov.gouv.fr/renovation/isolation/murs-interieurs-appartement
cee prime,600,52,115,False,False,True,,,,,3,,https://france-renov.gouv.fr/aides/cee
isoler des combles,350,3,124,False,False,True,,,,,2,,https://france-renov.gouv.fr/renovation/isolation/combles-maison
isolation thermique par l extérieur,150,7,141,False,False,True,,,,,1,,https://france-renov.gouv.fr/renovation/isolation/murs-maison
ma prime renov',250,64,,False,False,True,,,,,3,,https://mesaides.france-renov.gouv.fr/simulation
prime renov pompe a chaleur,450,64,61,False,False,True,,,,,3,,https://mesaides.france-renov.gouv.fr/aides/ma-prime-renov/Pompe%20%C3%A0%20chaleur%20air%2Feau
ma prime rénov contact,300,12,92,False,False,True,,,,,4,,https://france-renov.gouv.fr/contact
liste artisans rge,60,31,24,False,False,True,,,,,1,,https://france-renov.gouv.fr/annuaires-professionnels/artisan-rge-architecte
travaux de renovation energetique,150,19,132,False,False,True,,,,,1,,https://france-renov.gouv.fr/renovation/energetique
chauffagiste rge,70,30,121,False,False,True,,,,,1,,https://france-renov.gouv.fr/annuaires-professionnels/artisan-rge-architecte
que veut dire vmc,300,2,4,False,False,True,,,,,1,,https://france-renov.gouv.fr/renovation/vmc
isolation murs interieur,350,1,25,False,False,True,,,,,3,,https://france-renov.gouv.fr/renovation/isolation/murs-interieurs-appartement
aide amélioration habitat personnes âgées,150,22,71,False,False,True,,,,,1,,https://france-renov.gouv.fr/aides/maprimeadapt
maprimerenov copropriété,150,17,43,False,False,True,,,,,1,,https://france-renov.gouv.fr/aides/maprimerenov-copropriete
comment savoir si une entreprise est rge,100,46,40,False,False,True,,,,,1,,https://france-renov.gouv.fr/annuaires-professionnels/artisan-rge-architecte
simulation aide ma prime renov,100,50,,False,False,True,,,,,1,,https://france-renov.gouv.fr/aides/simulation
certificats d'économie d'énergie,500,31,109,False,False,True,,,,,5,,https://france-renov.gouv.fr/aides/cee
principe d'une pompe à chaleur,70,3,6,False,False,True,,,,,1,,https://france-renov.gouv.fr/renovation/chauffage/pompe-chaleur-maison
pompe a chaleure,150,28,166,False,False,True,,,,,1,,https://france-renov.gouv.fr/renovation/chauffage/pompe-chaleur-maison
audit rge,100,14,92,False,False,True,,,,,1,,https://france-renov.gouv.fr/annuaires-professionnels/artisan-rge-architecte
artisan rge photovoltaïque,150,3,286,False,False,True,,,,,1,,https://france-renov.gouv.fr/annuaires-professionnels/artisan-rge-architecte
renovation global,100,11,183,False,False,True,,,,,1,,https://france-renov.gouv.fr/la-renovation-globale
renovation thermique,200,21,132,False,False,True,,,,,1,,https://france-renov.gouv.fr/renovation/energetique
isolation combles aménageables,700,5,58,False,False,True,,,,,5,,https://france-renov.gouv.fr/renovation/isolation/combles-maison
renovation chauffage,150,3,140,False,False,True,,,,,1,,https://france-renov.gouv.fr/renovation/chauffage
entreprise renovation energetique,150,9,192,False,False,True,,,,,2,,https://france-renov.gouv.fr/annuaires-professionnels/artisan-rge-architecte
prime renove,450,65,113,False,False,True,,,,,5,,https://mesaides.france-renov.gouv.fr/simulation
isolation interieur appartement,150,1,64,False,False,True,,,,,1,,https://france-renov.gouv.fr/renovation/isolation/murs-interieurs-appartement
aides financières énergie,150,57,86,False,False,True,,,,,1,,https://france-renov.gouv.fr/aides/maprimerenov
quelle isolation pour les combles perdus,150,0,60,False,False,True,,,,,1,,https://france-renov.gouv.fr/renovation/isolation/combles-maison
qu'est-ce qu'un chauffe-eau thermodynamique,150,10,11,False,False,True,,,,,1,,https://france-renov.gouv.fr/renovation/chauffage/chauffe-eau-thermodynamique-maison
chauffe eau thermodynamique fonctionnement,250,2,4,False,False,True,,,,,1,,https://france-renov.gouv.fr/renovation/chauffage/chauffe-eau-thermodynamique-maison
france renov gouv fr,150,12,165,False,False,True,,,,,1,,https://france-renov.gouv.fr/
la prime renov,350,66,113,False,False,True,,,,,3,,https://france-renov.gouv.fr/aides/mpr
simulation aide poêle à granulés,200,29,99,False,False,True,,,,,2,,https://france-renov.gouv.fr/aides/simulation
trouver un artisan rge,60,32,113,False,False,True,,,,,1,,https://france-renov.gouv.fr/annuaires-professionnels/artisan-rge-architecte
refaire isolation maison,100,12,123,False,False,True,,,,,1,,https://france-renov.gouv.fr/renovation/isolation
menuisier rge autour de moi,100,22,116,False,True,True,,,,,2,,https://france-renov.gouv.fr/annuaires-professionnels/artisan-rge-architecte
isolation interieure,250,2,68,False,True,True,,,,,3,,https://france-renov.gouv.fr/renovation/isolation/murs-interieurs-appartement
isolation logement,150,18,130,False,False,True,,,,,1,,https://france-renov.gouv.fr/renovation/isolation
travaux isolation thermique,150,15,144,False,False,True,,,,,1,,https://france-renov.gouv.fr/renovation/isolation
ma prime adapte,150,31,99,False,False,True,,,,,1,,https://france-renov.gouv.fr/aides/maprimeadapt
c'est quoi une vmc,150,5,6,False,False,True,,,,,1,,https://france-renov.gouv.fr/ventilation/ventilation-double-flux
renovation interieur,600,2,126,False,True,True,,,,,3,,https://france-renov.gouv.fr/
différent type de chauffage pour maison,150,2,69,False,False,True,,,,,1,,https://france-renov.gouv.fr/renovation/chauffage
trouver un professionnel rge,50,33,2,False,False,True,,,,,1,,https://france-renov.gouv.fr/annuaires-professionnels/artisan-rge-architecte
aide isolation comble,50,0,137,False,False,True,,,,,1,,https://france-renov.gouv.fr/renovation/isolation/combles-maison
isolation intérieure des murs,300,2,25,False,False,True,,,,,3,,https://france-renov.gouv.fr/renovation/isolation/murs-interieurs-appartement
prime renov chauffe eau thermodynamique,100,1,110,False,False,True,,,,,1,,https://mesaides.france-renov.gouv.fr/aides/ma-prime-renov/Chauffe-eau%20thermodynamique
ma prime rénov propriétaire bailleur conditions,100,1,47,False,False,True,,,,,1,,https://france-renov.gouv.fr/proprietaire-bailleur
la pompe a chaleur,100,12,126,False,False,True,,,,,1,,https://france-renov.gouv.fr/renovation/chauffage/pompe-chaleur-maison
installation ventilation,200,0,58,False,False,True,,,,,1,,https://france-renov.gouv.fr/renovation/vmc
simulation prim renov,90,49,,False,False,True,,,,,1,,https://france-renov.gouv.fr/aides/simulation
plaquiste rge autour de moi,100,5,95,False,False,True,,,,,1,,https://france-renov.gouv.fr/annuaires-professionnels/artisan-rge-architecte
ma prime renov.gouv.fr simulation,150,47,197,False,False,True,,,,,2,,https://france-renov.gouv.fr/aides/simulation
simulateur aide renovation,90,20,181,False,False,True,,,,,1,,https://mesaides.france-renov.gouv.fr/
a combien mettre le chauffage la nuit,100,0,,False,False,True,,,,,1,,https://france-renov.gouv.fr/bons-gestes-energetiques/chauffage
chauffagiste rge autour de moi,100,22,112,False,False,True,,,,,2,,https://france-renov.gouv.fr/annuaires-professionnels/artisan-rge-architecte
aides maprimerenov,90,80,,False,False,True,,,,,1,,https://france-renov.gouv.fr/aides/maprimerenov
aides renovation energetique,200,63,,False,False,True,,,,,2,,https://mesaides.france-renov.gouv.fr/
remplacement chauffage,100,6,241,False,False,True,,,,,1,,https://france-renov.gouv.fr/renovation/chauffage
ma prime renov numero de telephone,100,9,77,False,False,True,,,,,1,,https://france-renov.gouv.fr/contact
entreprise rge paris,80,27,106,False,False,True,,,,,1,,https://france-renov.gouv.fr/annuaires-professionnels/artisan-rge-architecte
c'est quoi vmc,100,2,8,False,False,True,,,,,1,,https://france-renov.gouv.fr/ventilation/ventilation-double-flux
renovation énergétique,200,59,185,False,False,True,,,,,2,,https://france-renov.gouv.fr/renovation/energetique
aides pompe a chaleur,700,55,304,False,False,True,,,,,5,,https://mesaides.france-renov.gouv.fr/
aide prime renov,250,77,122,False,False,True,,,,,3,,https://mesaides.france-renov.gouv.fr/simulation
ma.prime.adapt,40,38,,False,False,True,,,,,1,,https://france-renov.gouv.fr/aides/maprimeadapt
renovation energetique maison,250,49,166,False,False,True,,,,,2,,https://france-renov.gouv.fr/renovation/energetique
la prime adapt,100,34,37,False,False,True,,,,,1,,https://france-renov.gouv.fr/aides/maprimeadapt
entreprise isolation,900,5,20,False,False,True,,,,,6,,https://france-renov.gouv.fr/annuaires-professionnels/artisan-rge-architecte
annuaire rge france renov,60,29,26,False,False,True,,,,,1,,https://france-renov.gouv.fr/annuaires-professionnels/artisan-rge-architecte
prime cee pompe a chaleur,500,28,236,False,False,True,,,,,5,,https://france-renov.gouv.fr/aides/cee
isolation plancher bas,1000,2,58,False,False,True,,,,,8,,https://france-renov.gouv.fr/renovation/isolation/planchers-rdc-cave-copropriete
enlèvement cuve à fioul,150,0,64,False,False,True,,,,,2,,https://france-renov.gouv.fr/renovation/chauffage/depose-cuve-fioul
plombier rge,70,22,85,False,False,True,,,,,1,,https://france-renov.gouv.fr/annuaires-professionnels/artisan-rge-architecte
renovation de fenetre,150,2,98,False,False,True,,,,,2,,https://france-renov.gouv.fr/renovation/isolation/portes-fenetres-maison
isolation par l extérieur,150,0,178,False,False,True,,,,,1,,https://france-renov.gouv.fr/renovation/isolation/murs-maison
chaudiere a granules,300,4,65,False,True,True,,,,,3,,https://france-renov.gouv.fr/renovation/chauffage/chaudiere-granules
aide chauffe eau thermodynamique,450,1,131,False,False,True,,,,,5,,https://mesaides.france-renov.gouv.fr/aides/ma-prime-renov/Chauffe-eau%20thermodynamique
pompe chaleur maison,100,2,157,False,False,True,,,,,1,,https://france-renov.gouv.fr/renovation/chauffage/pompe-chaleur-maison
artisan rge autour de moi,100,0,108,False,False,True,,,,,1,,https://france-renov.gouv.fr/annuaires-professionnels/artisan-rge-architecte
aide pour aménagement salle de bain pour handicapé,100,8,88,False,False,True,,,,,1,,https://france-renov.gouv.fr/aides/maprimeadapt
chaudiere a granule,1500,2,61,False,True,True,,,,,5,,https://france-renov.gouv.fr/renovation/chauffage/chaudiere-granules
ma prime adapt handicap,100,31,50,False,False,True,,,,,1,,https://france-renov.gouv.fr/aides/maprimeadapt
cee energie,500,46,110,False,False,True,,,,,3,,https://france-renov.gouv.fr/aides/cee
simulation aide anah,80,71,143,False,False,True,,,,,1,,https://france-renov.gouv.fr/aides/simulation
simulation prime rénov,80,48,174,False,False,True,,,,,1,,https://france-renov.gouv.fr/aides/simulation
prime rénovation globale,100,60,127,False,False,True,,,,,1,,https://france-renov.gouv.fr/aides/maprimerenov-renovation-ampleur
aides rénovation,100,79,151,False,False,True,,,,,2,,https://mesaides.france-renov.gouv.fr/
ma prime adapt',100,36,,False,False,True,,,,,1,,https://france-renov.gouv.fr/aides/maprimeadapt
vmc double flux principe,100,2,12,False,False,True,,,,,1,,https://france-renov.gouv.fr/ventilation/ventilation-double-flux
rge pompe a chaleur,100,58,248,False,False,True,,,,,1,,https://france-renov.gouv.fr/annuaires-professionnels/artisan-rge-architecte
isolation extérieur copropriété,100,0,73,False,False,True,,,,,1,,https://france-renov.gouv.fr/renovation/isolation/murs-copropriete
france renov contact,70,12,26,False,False,True,,,,,1,,https://france-renov.gouv.fr/contact
rénovation énergetique,90,31,121,False,False,True,,,,,1,,https://france-renov.gouv.fr/renovation/energetique
aide gouvernementale pour douche senior,500,22,89,False,False,True,,,,,5,,https://france-renov.gouv.fr/aides/maprimeadapt
isolation murs exterieur,80,6,109,False,False,True,,,,,1,,https://france-renov.gouv.fr/renovation/isolation/murs-maison
ma prime rénov téléphone,350,60,102,False,False,True,,,,,4,,https://france-renov.gouv.fr/contact
france renov simulation,60,81,185,False,False,True,,,,,1,,https://france-renov.gouv.fr/aides/simulation
pompe.a.chaleur,100,30,,False,False,True,,,,,1,,https://france-renov.gouv.fr/renovation/chauffage/pompe-chaleur-maison
maprimeadapt’,30,38,,False,False,True,,,,,1,,https://france-renov.gouv.fr/aides/maprimeadapt
artisan rge isolation,150,13,126,False,True,True,,,,,1,,https://france-renov.gouv.fr/annuaires-professionnels/artisan-rge-architecte
comment isoler un appartement,70,0,28,False,False,True,,,,,1,,https://france-renov.gouv.fr/renovation/isolation/murs-interieurs-appartement
rge artisan,60,28,93,False,False,True,,,,,1,,https://france-renov.gouv.fr/annuaires-professionnels/artisan-rge-architecte
entreprise renovation habitat,100,43,94,False,True,True,,,,,2,,https://france-renov.gouv.fr/
pro rge,40,30,105,False,False,True,,,,,1,,https://france-renov.gouv.fr/annuaires-professionnels/artisan-rge-architecte
chauffe eau thermodynamique c'est quoi,100,1,10,False,False,True,,,,,1,,https://france-renov.gouv.fr/renovation/chauffage/chauffe-eau-thermodynamique-maison
comment isoler des combles,150,3,29,False,False,True,,,,,2,,https://france-renov.gouv.fr/renovation/isolation/combles-maison
renovation isolation exterieur,100,16,163,False,False,True,,,,,1,,https://france-renov.gouv.fr/renovation/isolation/murs-maison
isolation des murs exterieur,90,6,109,False,False,True,,,,,1,,https://france-renov.gouv.fr/renovation/isolation/murs-maison
pompe a chaleur renovation,70,1,200,False,False,True,,,,,1,,https://france-renov.gouv.fr/renovation/chauffage/pompe-chaleur-maison
travaux isolation maison,150,13,184,False,False,True,,,,,1,,https://france-renov.gouv.fr/renovation/isolation
isolation garage plafond,450,0,16,False,False,True,,,,,5,,https://france-renov.gouv.fr/renovation/isolation/sous-sol-garage
isolation plafond sous sol,600,0,33,False,False,True,,,,,9,,https://france-renov.gouv.fr/renovation/isolation/sous-sol-garage
ma prime renov vmc,80,1,99,False,False,True,,,,,1,,https://france-renov.gouv.fr/renovation/vmc
france renov',90,4,,False,False,True,,,,,1,,https://france-renov.gouv.fr/
dépose cuve à fioul,90,0,56,False,False,True,,,,,1,,https://france-renov.gouv.fr/renovation/chauffage/depose-cuve-fioul
ma prime rénov simulation fenêtre,150,72,120,False,False,True,,,,,3,,https://france-renov.gouv.fr/aides/simulation
compteur calories chauffage,90,0,86,False,False,True,,,,,1,,https://france-renov.gouv.fr/regulation/equiper-votre-copropriete-de-compteurs-calorifiques
chauffe eau solaire individuel,450,2,68,False,True,True,,,,,3,,https://france-renov.gouv.fr/renovation/chauffage/chauffe-eau-solaire
entreprise renovation,600,1,111,False,True,True,,,,,7,,https://france-renov.gouv.fr/annuaires-professionnels/artisan-rge-architecte
