competitor,url,keywords_paid,segment_match,url_intent_hint
effy,https://www.effy.fr/lp/generique/aides/prime-cee,507,yes,landing_page
effy,https://www.effy.fr/guide/aides-renovation,483,yes,aide
effy,https://www.effy.fr/lp/isolation/isolation-des-murs/isolation-exterieure/aides-newform,425,yes,landing_page
effy,https://www.effy.fr/parcours/1/travaux-aides/logement-type?theme=clim&climatisation,393,yes,funnel_devis
effy,https://www.effy.fr/parcours/1/travaux-aides,243,yes,funnel_devis
effy,https://www.effy.fr/prime-effy-lp,172,yes,aide
effy,https://www.effy.fr/,144,no,other
effy,https://www.effy.fr/lp/isolation/isolation-des-combles/1-euro-newform,129,yes,landing_page
effy,https://www.effy.fr/travaux-energetique/isolation/isolation-murs/moisissure-mur,108,yes,travaux
effy,https://www.effy.fr/boutique/collections/all,58,no,other
effy,https://www.effy.fr/nos-offres/prime-effy,58,yes,aide
effy,https://www.effy.fr/lp/chauffage/pab-pag-newform,44,yes,landing_page
effy,https://www.effy.fr/parcours/1/travaux-aides/,36,yes,funnel_devis
effy,https://www.effy.fr/lp/isolation/fenetres-newform,33,yes,landing_page
effy,http://effy.fr/parcours/1/travaux-aides/,30,yes,funnel_devis
effy,https://www.effy.fr/aide-energetique/ma-prime-renov/bareme,29,yes,aide
effy,https://www.effy.fr/lp/chauffage/pompe-a-chaleur/pompe-a-chaleur-air-eau-newform,27,yes,landing_page
effy,https://www.effy.fr/travaux-energetique/isolation/isolation-murs/par-l-exterieur/faire-isolation-exterieure-soi-meme,24,yes,travaux
effy,https://www.effy.fr/aide-energetique/eco-ptz,22,yes,aide
effy,https://www.effy.fr/renovation-energetique/etiquette-energie-logement,22,yes,other
effy,https://www.effy.fr/travaux-energetique/isolation/isolation-murs/par-l-interieur/sans-perdre-de-place,21,yes,travaux
effy,https://web.effy.fr/pro/contactez-nous,19,no,other
effy,https://www.effy.fr/aide-energetique/ma-prime-renov/poele-a-granules,19,yes,aide
effy,https://www.effy.fr/renovation-energetique/zoom-sur-la-methode-de-calcul-en-2022,18,yes,other
effy,https://www.effy.fr/lp/chauffage/chauffe-eau-thermodynamique-newform,18,yes,landing_page
effy,https://www.effy.fr/lp/chauffage/clim-newform,16,yes,landing_page
effy,https://www.effy.fr/travaux-energetique/isolation/isolation-phonique,14,yes,travaux
effy,https://www.effy.fr/travaux-energetique/chauffage/pompe-a-chaleur/pac-air-air-ou-climatisation,13,yes,travaux
effy,https://www.effy.fr/travaux-energetique/chauffe-eau/capacite,13,yes,travaux
effy,https://www.effy.fr/aide-energetique/volets-roulants,12,yes,aide
effy,https://www.effy.fr/renovation-energetique/residence-secondaire-aides,12,yes,other
effy,https://www.effy.fr/aide-energetique/anah,11,yes,aide
effy,https://www.effy.fr/lp/chauffage/insert-cheminee-newform,11,yes,landing_page
effy,https://www.effy.fr/aide-energetique/anah/faq,10,yes,aide
effy,https://www.effy.fr/aide-energetique/ma-prime-renov/ventilation-double-flux,10,yes,aide
effy,https://www.effy.fr/travaux-energetique/isolation/isolation-toit/toiture-terrasse/aides/renovation,10,yes,aide
effy,https://www.effy.fr/travaux-energetique/chauffage/pompe-a-chaleur/geothermie-prix,10,yes,travaux
effy,https://www.effy.fr/aide-energetique/prime-energie/qui-peut-obtenir-la-prime-cee,10,yes,aide
effy,https://www.effy.fr/aide-energetique/climatisation-reversible,9,yes,aide
effy,https://www.effy.fr/lp/generique/aides/ma-prime-renov-v2,9,yes,landing_page
effy,https://www.effy.fr/travaux-energetique/climatisation/clim-reversible/consommation,9,yes,travaux
effy,https://www.effy.fr/magazine/prix-energie-electricite,9,yes,content
effy,https://www.effy.fr/parcours/1/travaux-aides?theme=fenetre&aides,9,yes,funnel_devis
effy,https://www.effy.fr/travaux-energetique/solaire/difference-chauffage-solaire-et-photovoltaique,8,yes,travaux
effy,https://www.effy.fr/travaux-energetique/chauffage/pompe-a-chaleur/fonctionnement-pompe-a-chaleur,8,yes,travaux
effy,https://www.effy.fr/magazine/actualite/cheque-energie-2025,8,yes,content
effy,https://www.effy.fr/aide-energetique/ma-prime-renov/poele-a-bois,8,yes,aide
effy,https://www.effy.fr/renovation-energetique/calcul-performance-energetique,8,yes,other
effy,https://www.effy.fr/travaux-energetique/climatisation/devis,7,yes,funnel_devis
effy,https://www.effy.fr/travaux-energetique/climatisation/clim-reversible/meilleure,7,yes,travaux
effy,https://www.effy.fr/parcours/1/travaux-aides?theme=fenetre,7,yes,funnel_devis
effy,https://www.effy.fr/renovation-energetique/chauffage/radiateur/meilleur-radiateur-electrique,7,yes,other
effy,https://www.effy.fr/travaux-energetique/chauffage/poele/calculer-sa-consommation-de-pellet,7,yes,travaux
effy,https://www.effy.fr/travaux-energetique/ventilation/vmc/comment-choisir,7,yes,travaux
effy,https://www.effy.fr/travaux-energetique/ventilation/vmc-comment-l-installer,7,yes,travaux
effy,https://www.effy.fr/magazine/actualite/leasing-social-voitures,7,yes,content
effy,https://www.effy.fr/travaux-energetique/chauffage/cheminee/foyer-ferme-vs-insert,7,yes,travaux
effy,https://www.effy.fr/travaux-energetique/chauffage/pompe-a-chaleur/daikin,7,yes,travaux
effy,https://www.effy.fr/aide-energetique/prime-energie,7,yes,aide
effy,https://www.effy.fr/magazine/impots-2024-puis-je-deduire-mes-travaux-de-renovation-energetique,6,yes,content
effy,https://www.effy.fr/aide-energetique/chauffe-eau-thermodynamique,6,yes,aide
effy,https://www.effy.fr/aide-energetique/ma-prime-renov/travaux-eligibles,6,yes,aide
effy,https://www.effy.fr/travaux-energetique/chauffage/poele/poele-bois-installation,6,yes,travaux
effy,https://www.effy.fr/nos-offres/bilan-energetique-gratuit-etiquette-climat,6,yes,other
effy,https://www.effy.fr/travaux-energetique/solaire/panneau-solaire-photovoltaique/monocristallin-ou-polycristallin,6,yes,travaux
effy,https://www.effy.fr/renovation-energetique/aides-proprietaire-bailleur,6,yes,aide
effy,https://www.effy.fr/travaux-energetique/chauffage/pompe-a-chaleur/viessmann,6,yes,travaux
effy,https://www.effy.fr/aide-energetique/cheque-energie,6,yes,aide
effy,https://www.effy.fr/travaux-energetique/chauffage/radiateur/calcul-puissance-de-chauffe-radiateur,6,yes,travaux
effy,https://www.effy.fr/aide-energetique/porte-entree,6,yes,aide
effy,https://www.effy.fr/travaux-energetique/chauffage/pompe-a-chaleur/mitsubishi,6,yes,travaux
effy,https://www.effy.fr/lp/chauffage/chaudiere/chaudiere-bois-newform,6,yes,landing_page
effy,https://www.effy.fr/renovation-energetique/bilan-energetique-maison,5,yes,other
effy,https://www.effy.fr/aide-energetique/fenetre,5,yes,aide
effy,https://www.effy.fr/economies-energie/chauffe-eau-thermodynamique/prix-economies,5,yes,other
effy,https://www.effy.fr/travaux-energetique/chauffage/pompe-a-chaleur/consommation-electrique/maison-100m2,5,yes,travaux
effy,https://www.effy.fr/travaux-energetique/solaire/pergola-panneau-solaire,5,yes,travaux
effy,https://www.effy.fr/renovation-energetique/audit-energetique/obligatoire,5,yes,other
effy,https://www.effy.fr/travaux-energetique/chauffage/quel-bois-de-chauffage-choisir,5,yes,travaux
effy,https://www.effy.fr/travaux-energetique/isolation/isolation-murs/par-l-exterieur/quel-isolant,5,yes,travaux
effy,https://www.effy.fr/travaux-energetique/chauffage/poele/comparatif-bois-granules,5,yes,travaux
effy,https://www.effy.fr/aide-energetique/renovation-globale,5,yes,aide
effy,https://www.effy.fr/travaux-energetique/chauffage/chaudiere/prix-chaudiere-granules,5,yes,travaux
effy,https://www.effy.fr/travaux-energetique/solaire/batterie-virtuelle,5,yes,travaux
effy,https://www.effy.fr/aide-energetique/aides-panneaux-solaires,5,yes,aide
effy,https://www.effy.fr/travaux-energetique/chauffage/poele/prix-poele-granules,5,yes,travaux
effy,https://www.effy.fr/travaux-energetique/isolation/isolation-murs/par-l-interieur/prix,5,yes,travaux
effy,https://www.effy.fr/travaux-energetique/isolation/isolation-toit/materiaux-isolants,5,yes,travaux
effy,https://www.effy.fr/travaux-energetique/chauffage/pompe-a-chaleur/puissance,5,yes,travaux
effy,https://www.effy.fr/aide-energetique/ma-prime-renov/rose,4,yes,aide
effy,https://www.effy.fr/travaux-energetique/chauffe-eau/chauffe-eau-electrique,4,yes,travaux
effy,https://www.effy.fr/travaux-energetique/ventilation/vmc-double-flux/meilleure,4,yes,travaux
effy,https://www.effy.fr/travaux-energetique/isolation/isolation-sol/isolation-sols-dessus-ou-dessous,4,yes,travaux
effy,https://www.effy.fr/lp/chauffage/clim-newform%7Bignore%7D?utm_campaign=%7B_campaignname%7D&utm_content=%7B_adgroupname%7D&utm_term=%7Bkeyword%7D&utm_source=google&utm_medium=cpc,4,yes,landing_page
effy,https://www.effy.fr/renovation-energetique/consommation-electrique-moyenne-maison,4,yes,other
effy,https://www.effy.fr/travaux-energetique/chauffage/pompe-a-chaleur/hitachi,4,yes,travaux
effy,https://www.effy.fr/magazine/passoires-thermiques-quels-risques-en-louant-apres-interdiction-2025,4,yes,content
effy,https://www.effy.fr/travaux-energetique/solaire/nettoyage-panneau-solaire,4,yes,travaux
effy,https://www.effy.fr/aide-energetique/ma-prime-renov/fenetres-parois-vitrees,4,yes,aide
effy,https://www.effy.fr/renovation-energetique/unites-mesure-energie-kw-kwh-kwc-quelle-difference,4,yes,other
effy,https://www.effy.fr/nous-connaitre/notre-espace-presse,4,no,other
effy,https://www.effy.fr/aide-energetique/prime-energie/pac-air-air,4,yes,aide
effy,https://www.effy.fr/parcours/1/travaux-aides?theme=fenetre&fenetredetoit,4,yes,funnel_devis
effy,https://www.effy.fr/travaux-energetique/isolation/isolant/laine-de-verre-vs-laine-de-roche,4,yes,travaux
effy,https://www.effy.fr/travaux-energetique/chauffage/Pac-ou-poele-granules,4,yes,travaux
effy,https://www.effy.fr/renovation-energetique/budget-renovation-maison,4,yes,other
effy,https://www.effy.fr/lp/isolation,4,yes,landing_page
effy,https://www.effy.fr/travaux-energetique/isolation/isolation-murs/par-l-interieur/quel-isolant,4,yes,travaux
effy,https://www.effy.fr/travaux-energetique/chauffage/pompe-a-chaleur/lg,4,yes,travaux
effy,https://www.effy.fr/aide-energetique/ma-prime-renov/comment-ca-marche,4,yes,aide
effy,https://www.effy.fr/travaux-energetique/chauffage/chauffe-eau-electrique/consommation,4,yes,travaux
effy,https://www.effy.fr/travaux-energetique/isolation/fenetre/quel-materiau-choisir,4,yes,travaux
effy,https://www.effy.fr/magazine/proprietaire-dun-logement-classe-g-que-puis-je-faire-avec,4,yes,content
effy,https://www.effy.fr/renovation-energetique/audit-energetique-prix,4,yes,other
effy,https://www.effy.fr/a-propos/notre-equipe,4,no,other
effy,https://www.effy.fr/renovation-energetique/compteur-linky,4,yes,other
effy,https://www.effy.fr/travaux-energetique/chauffage/cheminee/insert/installation,3,yes,travaux
effy,https://www.effy.fr/travaux-energetique/renovation-globale/permis-de-construction,3,yes,travaux
effy,https://www.effy.fr/renovation-energetique/chauffage/pompe-a-chaleur/meilleure-pompe-a-chaleur-air-eau,3,yes,other
effy,https://www.effy.fr/travaux-energetique/chauffage/pompe-a-chaleur/dysfonctionnement-pac-ne-chauffe-pas,3,yes,travaux
effy,https://www.effy.fr/aide-energetique/ma-prime-renov/pompe-a-chaleur-air-eau,3,yes,aide
effy,https://www.effy.fr/travaux-energetique/climatisation/clim-reversible/prix,3,yes,travaux
effy,https://www.effy.fr/magazine/prix-energie-chauffage-bois,3,yes,content
effy,https://www.effy.fr/travaux-energetique/chauffage/systeme-solaire-combine,3,yes,travaux
effy,https://www.effy.fr/travaux-energetique/isolation/fenetre,3,yes,travaux
effy,https://www.effy.fr/aide-energetique/ma-prime-renov/jaune,3,yes,aide
effy,https://www.effy.fr/travaux-energetique/chauffage/pompe-a-chaleur/toshiba,3,yes,travaux
effy,https://www.effy.fr/renovation-energetique/humidite-maison/odeurs,3,yes,other
effy,https://www.effy.fr/travaux-energetique/isolation/isolation-toit/chevrons,3,yes,travaux
effy,https://www.effy.fr/travaux-energetique/isolation/isolation-murs/par-l-interieur,3,yes,travaux
effy,https://www.effy.fr/lp/generique/aides/prime-energie,3,yes,landing_page
effy,https://www.effy.fr/renovation-energetique/logement-indecent-quels-travaux,3,yes,other
effy,https://www.effy.fr/travaux-energetique/solaire/tuile-solaire,3,yes,travaux
effy,https://www.effy.fr/travaux-energetique/solaire/prix-kwh-electricite,3,yes,travaux
effy,https://www.effy.fr/travaux-energetique/isolation/isolation-sol/maison-ancienne,3,yes,travaux
effy,https://www.effy.fr/aide-energetique/tva-travaux-differents-taux,3,yes,aide
effy,https://www.effy.fr/travaux-energetique/chauffage/poele/poele-a-granules/installation,3,yes,travaux
effy,https://www.effy.fr/travaux-energetique/chauffage/poele/consommation-granules,3,yes,travaux
effy,https://www.effy.fr/aide-energetique/prime-energie/bois,3,yes,aide
effy,https://www.effy.fr/travaux-energetique/isolation/isolation-murs/par-l-exterieur,3,yes,travaux
effy,https://www.effy.fr/travaux-energetique/isolation/pont-thermique,3,yes,travaux
effy,https://www.effy.fr/travaux-energetique/chauffage/chauffe-eau-thermodynamique/fonctionnement,3,yes,travaux
effy,https://www.effy.fr/travaux-energetique/solaire/rendement-panneau,3,yes,travaux
effy,https://www.effy.fr/travaux-energetique/isolation/fenetre/volet-roulant,3,yes,travaux
effy,https://www.effy.fr/renovation-energetique/confort-thermique/ete/store-banne,3,yes,other
effy,https://www.effy.fr/travaux-energetique/chauffage/chaudiere/chaudiere-gaz-entretien,3,yes,travaux
effy,https://www.effy.fr/travaux-energetique/ventilation/vmc-double-flux,3,yes,travaux
effy,https://www.effy.fr/travaux-energetique/chauffage/pompe-a-chaleur/pac-air-air/climatisation-appartement,3,yes,travaux
effy,https://www.effy.fr/aide-energetique/ma-prime-renov/isolation-murs-interieur,3,yes,aide
effy,https://www.effy.fr/travaux-energetique/isolation/isolation-murs/en-pierre,3,yes,travaux
effy,https://www.effy.fr/travaux-energetique/isolation/fenetre/velux-fenetre-toit,3,yes,travaux
effy,https://www.effy.fr/travaux-energetique/chauffage/pompe-a-chaleur/nibe,3,yes,travaux
effy,https://www.effy.fr/aide-energetique/aides-regionales-locales/occitanie,3,yes,aide
effy,https://www.effy.fr/aides-renovation-lp,3,yes,aide
effy,https://www.effy.fr/travaux-energetique/solaire/choisir-des-batteries/calcul-panneau-solaire,3,yes,travaux
effy,https://www.effy.fr/travaux-energetique/chauffage/poele/ou-placer-poele-a-bois,3,yes,travaux
effy,https://www.effy.fr/travaux-energetique/solaire/prix-installation-panneaux/financement/recuperation-tva,2,yes,travaux
effy,https://www.effy.fr/travaux-energetique/ventilation/puit-canadien,2,yes,travaux
effy,https://www.effy.fr/guide/bouclier-tarifaire,2,no,other
effy,https://www.effy.fr/aide-energetique/tva-reduite,2,yes,aide
effy,https://www.effy.fr/magazine/prix-energie-gaz,2,yes,content
effy,https://www.effy.fr/travaux-energetique/chauffage/radiateur/radiateur-a-inertie,2,yes,travaux
effy,https://www.effy.fr/renovation-energetique/maison-phenix,2,yes,other
effy,https://www.effy.fr/travaux-energetique/chauffage/chaudiere/chaudiere-granules,2,yes,travaux
effy,https://www.effy.fr/magazine/impots-2024-que-declarer-pour-vos-panneaux-solaires-et-votre-electricite,2,yes,content
effy,https://www.effy.fr/aide-energetique/ma-prime-renov/bleu,2,yes,aide
effy,https://www.effy.fr/travaux-energetique/isolation/isolation-murs/humide,2,yes,travaux
effy,https://www.effy.fr/aide-energetique/ma-prime-renov/plafonds-ressources,2,yes,aide
effy,https://www.effy.fr/travaux-energetique/isolation/isolation-murs/par-l-interieur-ou-par-l-exterieur-que-choisir,2,yes,travaux
effy,https://www.effy.fr/travaux-energetique/isolation/coefficient-resistance-thermique,2,yes,travaux
effy,https://www.effy.fr/travaux-energetique/chauffage/chaudiere/prix-chaudiere-gaz,2,yes,travaux
effy,https://www.effy.fr/aide-energetique/ma-prime-renov/depose-cuve-fioul,2,yes,aide
effy,https://www.effy.fr/magazine/actualite/taxe-fonciere-renovation,2,yes,content
effy,https://www.effy.fr/travaux-energetique/chauffage/poele/les-bonnes-raisons-d-installer-un-poele-a-granules,2,yes,travaux
effy,https://www.effy.fr/magazine/pompesa-chaleur-le-vraifaux-de-leur-consommation-electrique,2,yes,content
effy,https://www.effy.fr/travaux-energetique/climatisation/clim-reversible,2,yes,travaux
effy,https://www.effy.fr/travaux-energetique/ventilation/vmc-double-flux/aides,2,yes,aide
effy,https://www.effy.fr/nos-offres/devis-artisan-rge,2,yes,funnel_devis
effy,https://www.effy.fr/travaux-energetique/chauffage/poele/poele-granules-da-old,2,yes,travaux
effy,https://www.effy.fr/parcours/2/travaux-aides/logement-type?theme=clim&climatisation,2,yes,funnel_devis
effy,https://www.effy.fr/a-propos/qui-sommes-nous,2,no,other
effy,https://www.effy.fr/travaux-energetique/isolation/isolation-murs/par-l-exterieur/prix,2,yes,travaux
effy,https://www.effy.fr/travaux-energetique/chauffe-eau/chauffe-eau-thermodynamique/meilleur,2,yes,travaux
effy,https://www.effy.fr/travaux-energetique/isolation/isolation-combles/rampants-definition,2,yes,travaux
effy,https://www.effy.fr/travaux-energetique/chauffe-eau/prix-chauffe-eau-solaire,2,yes,travaux
effy,https://www.effy.fr/travaux-energetique/chauffage/chaudiere/quelle-chaudiere-pour-plancher-chauffant,2,yes,travaux
effy,https://www.effy.fr/travaux-energetique/isolation/fenetre/triple-vitrage,2,yes,travaux
effy,https://www.effy.fr/travaux-energetique/isolation/fenetre/anti-effraction,2,yes,travaux
effy,https://www.effy.fr/travaux-energetique/chauffage/chaudiere/consommation-granules,2,yes,travaux
effy,https://www.effy.fr/aide-energetique/pac-geothermique,2,yes,aide
effy,https://www.effy.fr/travaux-energetique/chauffage/pompe-a-chaleur/dimensionnement,2,yes,travaux
effy,https://www.effy.fr/travaux-energetique/isolation/fenetre/condensation,2,yes,travaux
effy,https://www.effy.fr/travaux-energetique/isolation/fenetre/double-vitrage,2,yes,travaux
effy,https://www.effy.fr/aide-energetique/aide-pret-caf,2,yes,aide
effy,https://www.effy.fr/travaux-energetique/solaire/panneau-solaire-photovoltaique/taxe-fonciere,2,yes,travaux
effy,https://www.effy.fr/travaux-energetique/chauffage/pompe-a-chaleur/thermor,2,yes,travaux
effy,https://www.effy.fr/renovation-energetique/reglementation-thermique,2,yes,other
effy,https://www.effy.fr/travaux-energetique/solaire/panneau-solaire-hybride,2,yes,travaux
effy,https://www.effy.fr/travaux-energetique/isolation/fenetre/volet-solaire,2,yes,travaux
effy,https://www.effy.fr/magazine/eco-pret-taux-zero-quelles-banques-le-distribuent-le-plus,2,yes,content
travaux,https://www.travaux.com/,267,yes,other
travaux,https://www.travaux.com/professionnel/inscription,129,yes,other
travaux,https://www.travaux.com/service-pro/inscription/acquisition,121,yes,other
travaux,https://www.travaux.com/professionnel/inscription/appel-d-offres,57,yes,other
travaux,https://www.travaux.com/bricolage/bricoleur-petits-travaux-professionnels,52,yes,other
travaux,https://www.travaux.com/publiez-votre-projet/peinture-interieur?professionname=peintres,37,yes,other
travaux,https://www.travaux.com/professionnel/inscription?utm_campaign=commentcamarche,33,yes,other
travaux,https://www.travaux.com/publiez-votre-projet/portail,32,yes,other
travaux,https://www.travaux.com/publiez-votre-projet/vmc,31,yes,other
travaux,https://www.travaux.com/publiez-votre-projet/entretien-de-jardin-et-d-espaces-verts?professionname=jardiniers,30,yes,other
travaux,https://www.travaux.com/publier-un-projet/ma%C3%A7on,20,yes,other
travaux,https://www.travaux.com/service-pro/activation/acquisition/profession/11,20,yes,other
travaux,https://www.travaux.com/professionnel/inscription/sem-cleaners,18,yes,other
travaux,https://www.travaux.com/publiez-votre-projet/cloture?professionname=Cl%C3%B4turistes,15,yes,other
travaux,https://www.travaux.com/service-pro/activation/acquisition,14,yes,other
travaux,https://www.travaux.com/professionnel/inscription?utm_campaign=conseil,13,yes,other
travaux,https://www.travaux.com/publiez-votre-projet/elagage?professionname=elagueurs,13,yes,other
travaux,https://www.travaux.com/post-service-request/renovation-appartement-maison,12,yes,other
travaux,https://www.travaux.com/service-pro/inscription/acquisition%7Bignore%7D?cq_src=google_ads&cq_cmp=%7Bcampaignid%7D&cq_con=%7Badgroupid%7D&cq_term=%7Bkeyword%7D&cq_med=%7Badtype%7D&cq_plac=%7Bplacement%7D&cq_net=%7Bnetwork%7D&cq_plt=gp,12,yes,other
travaux,https://www.travaux.com/publier-un-projet/electricien,12,yes,other
travaux,https://www.travaux.com/%7Bignore%7D?cq_src=google_ads&cq_cmp=%7Bcampaignid%7D&cq_con=%7Badgroupid%7D&cq_term=%7Bkeyword%7D&cq_med=%7Badtype%7D&cq_plac=%7Bplacement%7D&cq_net=%7Bnetwork%7D&cq_plt=gp,11,yes,other
travaux,https://www.travaux.com/publiez-votre-projet/installation-renovation-salle-de-bains?professionname=artisans%20pour%20votre%20salle%20de%20bains,11,yes,travaux
travaux,https://www.travaux.com/publiez-votre-projet/chauffe-eau,11,yes,other
travaux,https://www.travaux.com/publiez-votre-projet/nettoyage-lavage-de-vitres?professionname=laveurs%20de%20vitres,10,yes,other
travaux,https://www.travaux.com/publiez-votre-projet/climatisation?professionname=installateurs%20de%20climatisation,10,yes,other
travaux,https://www.travaux.com/professionnel/inscription/bricoleur-petits-travaux,9,yes,other
travaux,https://www.travaux.com/publiez-votre-projet/eclairage-interieur,9,yes,other
travaux,https://www.travaux.com/service-pro/activation/acquisition?professionId=39,9,yes,other
travaux,https://www.travaux.com/publiez-votre-projet/pose-d-un-parquet?professionname=parqueteurs,7,yes,other
travaux,https://www.travaux.com/publiez-votre-projet/menage-nettoyage-de-locaux?professionname=professionnels%20du%20nettoyage,7,yes,other
travaux,https://www.travaux.com/service-pro/activation/acquisition/profession/12,7,yes,other
travaux,https://www.travaux.com/construction-renovation-maison/guide-des-prix/prix-dun-mur-parpaing,7,yes,other
travaux,https://www.travaux.com/construction-renovation-maison/guide-des-prix/construction,6,yes,other
travaux,https://www.travaux.com/publiez-votre-projet/dallage,6,yes,other
travaux,https://www.travaux.com/blog/become-a-partner,6,yes,content
travaux,https://www.travaux.com/professionnel/inscription/macon,6,yes,other
travaux,https://www.travaux.com/publiez-votre-projet/paratonnerre-parafoudre,6,yes,other
travaux,https://www.travaux.com/sols-carrelage/guide-des-prix/prix-pose-de-carrelage,6,yes,other
travaux,https://www.travaux.com/professionnel/inscription/appel-d-offres%7Bignore%7D?cq_src=google_ads&cq_cmp=%7Bcampaignid%7D&cq_con=%7Badgroupid%7D&cq_term=%7Bkeyword%7D&cq_med=%7Badtype%7D&cq_plac=%7Bplacement%7D&cq_net=%7Bnetwork%7D&cq_plt=gp,5,yes,other
travaux,https://www.travaux.com/construction-renovation-maison/macon-professionnels,5,yes,other
travaux,https://www.travaux.com/professionnel/inscription?utm_campaign=infos,5,yes,other
travaux,https://www.travaux.com/publiez-votre-projet/eclairage-exterieur,5,yes,other
travaux,https://www.travaux.com/publiez-votre-projet/entretien-de-jardin-et-d-espaces-verts?professionname=jardiniers%7Bignore%7D&cq_src=google_ads&cq_cmp=%7Bcampaignid%7D&cq_con=%7Badgroupid%7D&cq_term=%7Bkeyword%7D&cq_med=%7Badtype%7D&cq_plac=%7Bplacement%7D&cq_net=%7Bnetwork%7D&cq_plt=gp,5,yes,other
travaux,https://www.travaux.com/professionnel/inscription?utm_campaign=exemple,5,yes,other
travaux,https://www.travaux.com/publiez-votre-projet/profession/plombier,4,yes,other
travaux,https://www.travaux.com/publiez-votre-projet/construction-maison,4,yes,other
travaux,https://www.travaux.com/publiez-votre-projet/crepis-enduit-de-facade?professionname=sp%C3%A9cialistes%20des%20enduits%20et%20cr%C3%A9pis,4,yes,other
travaux,https://www.travaux.com/construction-renovation-maison/guide-des-prix/facade,4,yes,other
travaux,https://www.travaux.com/publiez-votre-projet/architecte-construction-renovation?professionname=architectes,4,yes,other
travaux,https://www.travaux.com/couverture-toiture/guide-des-prix/prix-de-linstallation-dune-toiture-neuve,4,yes,other
travaux,https://www.travaux.com/publiez-votre-projet/demoussage?professionname=entreprises%20de%20D%C3%A9moussage,4,yes,other
travaux,https://www.travaux.com/electricite/guide-des-prix/prix-dune-installation-electrique-neuve,4,yes,other
travaux,https://www.travaux.com/demolition-evacuation/guide-des-prix/prix-dun-terrassier,4,yes,other
travaux,https://www.travaux.com/publiez-votre-projet/ravalement-de-facade?professionname=fa%C3%A7adiers,4,yes,other
travaux,https://www.travaux.com/publiez-votre-projet/isolation-thermique?professionname=entreprises%20sp%C3%A9cialis%C3%A9es%20en%20isolation%20thermique,4,yes,other
travaux,https://www.travaux.com/publiez-votre-projet/installation-electrique?professionname=%C3%A9lectriciens,3,yes,travaux
travaux,https://www.travaux.com/construction-renovation-maison/guide-des-prix/prix-dune-renovation-de-salle-de-bains,3,yes,other
travaux,https://www.travaux.com/publiez-votre-projet/demolition?professionname=experts%20en%20d%C3%A9molition,3,yes,other
travaux,https://www.travaux.com/comment-ca-marche,3,yes,other
travaux,https://www.travaux.com/service-pro/activation/acquisition/profession/1,3,yes,other
travaux,https://www.travaux.com/publiez-votre-projet/construction-garage?professionname=constructeurs%20de%20garage,3,yes,other
travaux,https://www.travaux.com/publiez-votre-projet/renovation-appartement-maison?professionname=entreprises%20de%20r%C3%A9novation,3,yes,other
travaux,https://www.travaux.com/service-pro/activation/acquisition/profession/17,3,yes,other
travaux,https://www.travaux.com/publiez-votre-projet/gouttieres,3,yes,other
travaux,https://www.travaux.com/publiez-votre-projet/nettoyage-industriel-evacuation-de-gravats,3,yes,other
travaux,https://www.travaux.com/publiez-votre-projet/plaques-de-platre-placo?professionname=pl%C3%A2triers-plaquistes,3,yes,other
travaux,https://www.travaux.com/publiez-votre-projet/isolation-thermique,3,yes,other
travaux,https://www.travaux.com/professionnel/inscription/sem-cleaners%7Bignore%7D?cq_src=google_ads&cq_cmp=%7Bcampaignid%7D&cq_con=%7Badgroupid%7D&cq_term=%7Bkeyword%7D&cq_med=%7Badtype%7D&cq_plac=%7Bplacement%7D&cq_net=%7Bnetwork%7D&cq_plt=gp,3,yes,other
travaux,https://www.travaux.com/couverture-toiture/guide-des-prix/combien-coute-la-renovation-de-toiture,3,yes,other
travaux,https://www.travaux.com/publiez-votre-projet/bardage,3,yes,other
travaux,https://www.travaux.com/climatisation/guide-des-prix/prix-de-la-pose-dun-climatiseur,3,yes,other
travaux,https://www.travaux.com/jardin-et-exterieur/guide-des-prix/prix-goudronnage-bitume,3,yes,other
travaux,https://www.travaux.com/jardin-et-exterieur/guide-des-prix/prix-de-taille-de-haies,3,yes,other
travaux,https://www.travaux.com/jardin-et-exterieur/guide-des-prix/prix-de-tonte-de-la-pelouse,3,yes,other
travaux,https://www.travaux.com/publiez-votre-projet/architecte-paysagiste,3,yes,other
travaux,https://www.travaux.com/sols-carrelage/guide-des-prix/prix-de-pose-dun-sol-resine,3,yes,other
travaux,https://www.travaux.com/electricite/guide-des-prix/prix-dun-electricien,3,yes,other
travaux,https://www.travaux.com/publiez-votre-projet/installation-renovation-salle-de-bains?professionname=artisans%20pour%20votre%20salle%20de%20bains%7Bignore%7D&cq_src=google_ads&cq_cmp=%7Bcampaignid%7D&cq_con=%7Badgroupid%7D&cq_term=%7Bkeyword%7D&cq_med=%7Badtype%7D&cq_plac=%7Bplacement%7D&cq_net=%7Bnetwork%7D&cq_plt=gp,3,yes,travaux
travaux,https://www.travaux.com/publiez-votre-projet/elagage?professionname=elagueurs%7Bignore%7D&cq_src=google_ads&cq_cmp=%7Bcampaignid%7D&cq_con=%7Badgroupid%7D&cq_term=%7Bkeyword%7D&cq_med=%7Badtype%7D&cq_plac=%7Bplacement%7D&cq_net=%7Bnetwork%7D&cq_plt=gp,2,yes,other
travaux,https://www.travaux.com/couverture-toiture/guide-des-prix/prix-dun-nettoyage-dune-toiture,2,yes,other
travaux,https://www.travaux.com/couverture-toiture/guide-des-prix/prix-gouttiere-en-aluminium,2,yes,other
travaux,https://www.travaux.com/electricite/guide-des-prix/prix-de-mise-aux-normes-dun-tableau-electrique,2,yes,other
travaux,https://www.travaux.com/publiez-votre-projet/renovation-parquet-poncage-vitrification,2,yes,other
travaux,https://www.travaux.com/isolation/guide-des-prix/prix-de-lisolation-en-polyurethane,2,yes,other
travaux,https://www.travaux.com/plomberie/guide-des-prix/prix-de-linstallation-dune-fosse-septique,2,yes,other
travaux,https://www.travaux.com/publiez-votre-projet/installation-renovation-cuisine?professionname=Cuisinistes,2,yes,travaux
travaux,https://www.travaux.com/service-pro/activation/acquisition?professionId=11%7Bignore%7D&cq_src=google_ads&cq_cmp=%7Bcampaignid%7D&cq_con=%7Badgroupid%7D&cq_term=%7Bkeyword%7D&cq_med=%7Badtype%7D&cq_plac=%7Bplacement%7D&cq_net=%7Bnetwork%7D&cq_plt=gp,2,yes,other
travaux,https://www.travaux.com/professionnel/inscription/professionnel-nettoyage-batiment,2,yes,other
travaux,https://www.travaux.com/publier-un-projet/menuisier,2,yes,other
travaux,https://www.travaux.com/electricite/guide-des-prix/prix-renovation-electrique,2,yes,other
travaux,https://www.travaux.com/jardin-et-exterieur/guide-des-prix/prix-de-lelagage-arbres,2,yes,other
travaux,https://www.travaux.com/peinture/guide-des-prix/prix-pose-peinture,2,yes,other
travaux,https://www.travaux.com/publiez-votre-projet/etancheite-toiture-terrasse?professionname=entreprises%20sp%C3%A9cialis%C3%A9es%20en%20isolation%20et%20%C3%A9tanch%C3%A9it%C3%A9%7Bignore%7D&cq_src=google_ads&cq_cmp=%7Bcampaignid%7D&cq_con=%7Badgroupid%7D&cq_term=%7Bkeyword%7D&cq_med=%7Badtype%7D&cq_plac=%7Bplacement%7D&cq_net=%7Bnetwork%7D&cq_plt=gp,2,yes,other
travaux,https://www.travaux.com/plomberie/articles/l-installation-d-une-fosse-septique-combien-ca-coute,2,yes,other
travaux,https://www.travaux.com/sols-carrelage/guide-des-prix/prix-beton-imprime,2,yes,other
travaux,https://www.travaux.com/construction-renovation-maison/guide-des-prix/prix-raccordement-tout-a-legout,2,yes,other
travaux,https://www.travaux.com/publiez-votre-projet/demolition?professionname=experts%20en%20d%C3%A9molition%7Bignore%7D&cq_src=google_ads&cq_cmp=%7Bcampaignid%7D&cq_con=%7Badgroupid%7D&cq_term=%7Bkeyword%7D&cq_med=%7Badtype%7D&cq_plac=%7Bplacement%7D&cq_net=%7Bnetwork%7D&cq_plt=gp,2,yes,other
travaux,https://www.travaux.com/publiez-votre-projet/elagage?professionname=entreprises%20d'abattage%20d'arbre,2,yes,other
travaux,https://www.travaux.com/platre/guide-des-prix/prix-du-crepis-facade,2,yes,other
travaux,https://www.travaux.com/publiez-votre-projet/pose-ou-renovation-d-un-carrelage?professionname=carreleurs,2,yes,other
travaux,https://www.travaux.com/publiez-votre-projet/etancheite-toiture-terrasse?professionname=entreprises%20sp%C3%A9cialis%C3%A9es%20en%20isolation%20et%20%C3%A9tanch%C3%A9it%C3%A9,2,yes,other
travaux,https://www.travaux.com/construction-renovation-maison/guide-des-prix/prix-du-ravalement-de-facade,2,yes,other
travaux,https://www.travaux.com/publiez-votre-projet/isolation-thermique?professionname=entreprises%20sp%C3%A9cialis%C3%A9es%20en%20isolation%20thermique%7Bignore%7D&cq_src=google_ads&cq_cmp=%7Bcampaignid%7D&cq_con=%7Badgroupid%7D&cq_term=%7Bkeyword%7D&cq_med=%7Badtype%7D&cq_plac=%7Bplacement%7D&cq_net=%7Bnetwork%7D&cq_plt=gp,2,yes,other
travaux,https://www.travaux.com/publier-un-projet/ma%C3%A7on%7Bignore%7D?cq_src=google_ads&cq_cmp=%7Bcampaignid%7D&cq_con=%7Badgroupid%7D&cq_term=%7Bkeyword%7D&cq_med=%7Badtype%7D&cq_plac=%7Bplacement%7D&cq_net=%7Bnetwork%7D&cq_plt=gp,2,yes,other
travaux,https://www.travaux.com/salles-de-bain-sanitaires/guide-des-prix/prix-de-linstallation-remplacement-dun-wc,2,yes,other
travaux,https://www.travaux.com/construction-renovation-maison/guide-des-prix/prix-dun-garage-en-parpaing,2,yes,other
travaux,https://www.travaux.com/service-pro/activation/acquisition?professionId=29,2,yes,other
travaux,https://www.travaux.com/jardin-et-exterieur/guide-des-prix/prix-du-debroussaillage,2,yes,other
travaux,https://www.travaux.com/publier-un-projet/terrassier-assainisseur%7Bignore%7D?cq_src=google_ads&cq_cmp=%7Bcampaignid%7D&cq_con=%7Badgroupid%7D&cq_term=%7Bkeyword%7D&cq_med=%7Badtype%7D&cq_plac=%7Bplacement%7D&cq_net=%7Bnetwork%7D&cq_plt=gp,2,yes,other
travaux,https://www.travaux.com/construction-renovation-maison/guide-des-prix/prix-dune-surelevation-de-maison,2,yes,other
travaux,https://www.travaux.com/construction-renovation-maison/guide-des-prix/prix-dune-surelevation-de-maison%7Bignore%7D?cq_src=google_ads&cq_cmp=%7Bcampaignid%7D&cq_con=%7Badgroupid%7D&cq_term=%7Bkeyword%7D&cq_med=%7Badtype%7D&cq_plac=%7Bplacement%7D&cq_net=%7Bnetwork%7D&cq_plt=gp,2,yes,other
travaux,https://www.travaux.com/construction-renovation-maison/guide-des-prix/prix-bureau-detude-structure,2,yes,other
travaux,https://www.travaux.com/publiez-votre-projet/isolation-phonique-acoustique?professionname=entreprises%20sp%C3%A9cialis%C3%A9es%20en%20isolation%20phonique,2,yes,other
travaux,https://www.travaux.com/publier-un-projet/terrassier-assainisseur,2,yes,other
travaux,https://www.travaux.com/sem/prix-peintre,2,yes,other
travaux,https://www.travaux.com/publiez-votre-projet/climatisation?professionname=installateurs%20de%20climatisation%7Bignore%7D&cq_src=google_ads&cq_cmp=%7Bcampaignid%7D&cq_con=%7Badgroupid%7D&cq_term=%7Bkeyword%7D&cq_med=%7Badtype%7D&cq_plac=%7Bplacement%7D&cq_net=%7Bnetwork%7D&cq_plt=gp,2,yes,other
travaux,https://www.travaux.com/professionnel/inscription/sem-gardeners,2,yes,other
travaux,https://www.travaux.com/construction-renovation-maison/guide-des-prix/prix-travaux-de-gros-oeuvre,2,yes,other
travaux,https://www.travaux.com/publiez-votre-projet/pose-renovation-terrasse-en-bois?professionname=artisans%20experts%20en%20terrasses,2,yes,other
travaux,https://www.travaux.com/jardin-et-exterieur/guide-des-prix/prix-de-la-pose-dune-cloture,2,yes,other
travaux,https://www.travaux.com/publiez-votre-projet/peinture-interieur?professionname=peintres%7Bignore%7D&cq_src=google_ads&cq_cmp=%7Bcampaignid%7D&cq_con=%7Badgroupid%7D&cq_term=%7Bkeyword%7D&cq_med=%7Badtype%7D&cq_plac=%7Bplacement%7D&cq_net=%7Bnetwork%7D&cq_plt=gp,2,yes,other
travaux,https://www.travaux.com/jardin-et-exterieur/guide-des-prix/prix-goudronnage-enrobe,2,yes,other
travaux,https://www.travaux.com/publiez-votre-projet/installation-renovation-couverture-toiture?professionname=couvreurs,2,yes,travaux
travaux,https://www.travaux.com/climatisation/guide-des-prix/prix-de-lentretien-dune-climatisation,2,yes,other
travaux,https://www.travaux.com/publiez-votre-projet/vmc?professionname=experts%20VMC,2,yes,other
travaux,https://www.travaux.com/publiez-votre-projet/peinture-interieur?professionname=peintres&locationname=Roche-sur-Yon,1,yes,other
travaux,https://www.travaux.com/bricolage/bricoleur-petits-travaux-professionnels/jardin,1,yes,other
travaux,https://www.travaux.com/nettoyage/guide-des-prix/prix-lessivage-de-murs-de-plafonds%7Bignore%7D?cq_src=google_ads&cq_cmp=%7Bcampaignid%7D&cq_con=%7Badgroupid%7D&cq_term=%7Bkeyword%7D&cq_med=%7Badtype%7D&cq_plac=%7Bplacement%7D&cq_net=%7Bnetwork%7D&cq_plt=gp,1,yes,other
travaux,https://www.travaux.com/?cq_src=google_ads&cq_cmp=10628046629&cq_con=170014974173&cq_term=estimation%20travaux&cq_med=&cq_plac=&cq_net=g&cq_plt=gp&gad_source=1&gad_campaignid=10628046629&gbraid=0AAAAADyjgR0NKxnU4YVrNQkfBbUkwUntF&gclid=EAIaIQobChMIq-Op1IuYlAMV6GdIAB1A5AQEEAAYAiACEgKclPD_BwE,1,yes,other
travaux,https://www.travaux.com/sem/prix-electricien?cq_src=google_ads&cq_cmp=9451326662&cq_con=169069970590&cq_term=prix%20electricien&cq_med=&cq_plac=&cq_net=g&cq_plt=gp&gad_source=1&gad_campaignid=9451326662&gbraid=0AAAAADyjgR0aLWibe9cXZ6KQPAiFF6eON&gclid=EAIaIQobChMIut7K3bSlkwMVyZKDBx2cNQM8EAAYAiAEEgLDG_D_BwE,1,yes,other
travaux,https://www.travaux.com/jardin-et-exterieur/guide-des-prix/prix-de-la-pose-dune-cloture?cq_src=google_ads&cq_cmp=6514044413&cq_con=170014974613&cq_term=tarif%20pose%20de%20cl%C3%B4ture&cq_med=&cq_plac=&cq_net=g&cq_plt=gp&gad_source=1&gad_campaignid=6514044413&gbraid=0AAAAADyjgR3doo1nEBlRuwnJgfpWwUXCI&gclid=EAIaIQobChMI3-W9t5eTkwMVQrcDAB012QrxEAAYAiAEEgLqTvD_BwE,1,yes,other
travaux,https://www.travaux.com/?cq_src=google_ads&cq_cmp=70182979&cq_con=17299140739&cq_term=artisan%20petit%20travaux&cq_med=&cq_plac=&cq_net=g&cq_plt=gp&gad_source=1&gad_campaignid=70182979&gbraid=0AAAAADyjgR0xnygbkR6MvQ5I92PBjhdYr&gclid=EAIaIQobChMIg9q1q6eClAMVUcp5BB11mhS2EAAYAiAEEgLJYvD_BwE,1,yes,other
travaux,https://www.travaux.com/couverture-toiture/charpentier-professionnels/chatellerault,1,yes,other
travaux,https://www.travaux.com/ascenseurs/guide-des-prix/reparation-monte-escalier,1,yes,other
travaux,https://www.travaux.com/service-pro/inscription/acquisition?cq_src=google_ads&cq_cmp=20666580408&cq_con=161485517471&cq_term=offre%20mission%20auto%20entrepreneur&cq_med=&cq_plac=&cq_net=g&cq_plt=gp&gad_source=1&gad_campaignid=20666580408&gbraid=0AAAAADh4jETb1g0vM7gv_Ev-gNT5OiHzk&gclid=EAIaIQobChMImqv2mY_qkwMVWF3_AR2ScBRgEAAYAiAEEgICBvD_BwE,1,yes,other
travaux,https://www.travaux.com/salles-de-bain-sanitaires/jobs/installation-douche-italienne,1,yes,travaux
travaux,https://www.travaux.com/service-pro/inscription/acquisition?cq_src=google_ads&cq_cmp=20666580408&cq_con=161485517471&cq_term=travail%20pour%20auto%20entrepreneur&cq_med=&cq_plac=&cq_net=g&cq_plt=gp&gad_source=1&gad_campaignid=20666580408&gbraid=0AAAAADh4jESP9lx1G7zuaagaZg4EITBVf&gclid=EAIaIQobChMIzoWLpb2LkwMVa1BIAB1TUi5JEAAYASAEEgKfYvD_BwE,1,yes,other
travaux,https://www.travaux.com/bricolage/bricoleur-petits-travaux-professionnels?cq_src=google_ads&cq_cmp=23252481337&cq_con=193653897812&cq_term=entraide%20entre%20voisin%20gratuit&cq_med=&cq_plac=&cq_net=g&cq_plt=gp&gad_source=1&gad_campaignid=23252481337&gbraid=0AAAAADyjgR1ruWpE5FoEOMpptuQ63XusG&gclid=EAIaIQobChMI0-SAuOSSlAMV_JNmAh1wQQEzEAAYASADEgIhi_D_BwE,1,yes,other
travaux,https://www.travaux.com/bricolage/bricoleur-petits-travaux-professionnels?cq_src=google_ads&cq_cmp=23252481337&cq_con=193653897772&cq_term=aide%20entre%20voisin&cq_med=&cq_plac=&cq_net=g&cq_plt=gp&gad_source=1&gad_campaignid=23252481337&gbraid=0AAAAADyjgR1d3vGW6149GQCFEPvhVd9PU&gclid=EAIaIQobChMIuYzWo7qFlAMVNYDCCB1jjhLSEAAYAiAEEgIs9PD_BwE,1,yes,other
travaux,https://www.travaux.com/plomberie/plombier-professionnels/sable-sur-sarthe,1,yes,other
travaux,https://www.travaux.com/publiez-votre-projet/climatisation?professionname=installateurs%20de%20climatisation&cq_src=google_ads&cq_cmp=21170622930&cq_con=159299082205&cq_term=poseur%20de%20clim&cq_med=&cq_plac=&cq_net=g&cq_plt=gp&gad_source=1&gad_campaignid=21170622930&gbraid=0AAAAADyjgR2kLaVRVP1JPdQP9pRzOYmMJ&gclid=EAIaIQobChMI_oXb6e3ykwMVqjpECB1ahzi2EAAYASAFEgJEJfD_BwE,1,yes,other
travaux,https://www.travaux.com/bricolage/bricoleur-petits-travaux-professionnels?cq_src=google_ads&cq_cmp=23252481337&cq_con=193653897812&cq_term=entraide%20entre%20voisin%20gratuit&cq_med=&cq_plac=&cq_net=g&cq_plt=gp&gad_source=1&gad_campaignid=23252481337&gbraid=0AAAAADyjgR1ruWpE5FoEOMpptuQ63XusG&gclid=EAIaIQobChMI0-SAuOSSlAMV_JNmAh1wQQEzEAAYASAEEgJcnfD_BwE,1,yes,other
travaux,https://www.travaux.com/nettoyage/guide-des-prix/prix-dune-femme-de-menage,1,yes,other
travaux,https://www.travaux.com/plomberie/articles/l-installation-d-une-fosse-septique-combien-ca-coute%7Bignore%7D?cq_src=google_ads&cq_cmp=%7Bcampaignid%7D&cq_con=%7Badgroupid%7D&cq_term=%7Bkeyword%7D&cq_med=%7Badtype%7D&cq_plac=%7Bplacement%7D&cq_net=%7Bnetwork%7D&cq_plt=gp,1,yes,other
travaux,https://www.travaux.com/professionnel/inscription/appel-d-offres?cq_src=google_ads&cq_cmp=21480644395&cq_con=171720712024&cq_term=appel%20d%20offre&cq_med=&cq_plac=&cq_net=g&cq_plt=gp&gad_source=1&gad_campaignid=21480644395&gbraid=0AAAAADh4jEQodm_fwDlvYP3abk_qNnCz7&gclid=EAIaIQobChMIpcf5m8uTlAMVX5tQBh1XOxW0EAAYAiACEgL0JfD_BwE,1,yes,other
travaux,https://www.travaux.com/post-service-request/fenetre-porte-fenetre,1,yes,other
travaux,https://www.travaux.com/bricolage/bricoleur-petits-travaux-professionnels?cq_src=google_ads&cq_cmp=23252481337&cq_con=193653897772&cq_term=entraide%20travaux&cq_med=&cq_plac=&cq_net=g&cq_plt=gp&gad_source=1&gad_campaignid=23252481337&gbraid=0AAAAADyjgR1mGaP6VycC-hmyvQj3MuHks&gclid=EAIaIQobChMIvqPqhs-LlAMVZY7CCB1jVCIwEAAYASADEgJKMfD_BwE,1,yes,other
travaux,https://www.travaux.com/publiez-votre-projet/plomberie-neuf-et-renovation?professionname=Plombiers&cq_src=google_ads&cq_cmp=20646995209&cq_con=162883319983&cq_term=plombier%20france&cq_med=&cq_plac=&cq_net=g&cq_plt=gp&gad_source=1&gad_campaignid=20646995209&gbraid=0AAAAADyjgR3WsFWhRSD70i66vJELGVHR5&gclid=EAIaIQobChMIrvf9pMiGlAMVpYCDBx16GDwKEAAYAiAEEgJEVPD_BwE,1,yes,other
travaux,https://www.travaux.com/isolation/articles/isolation-lexterieur-isolant-choisir,1,yes,other
travaux,https://www.travaux.com/service-pro/activation/acquisition?professionId=39&cq_src=google_ads&cq_cmp=20461154332&cq_con=155435484947&cq_term=mission%20freelance%20architecte%20d%20int%C3%A9rieur&cq_med=&cq_plac=&cq_net=g&cq_plt=gp&gad_source=1&gad_campaignid=20461154332&gbraid=0AAAAADh4jEQ8NI0VgOhFXjkGZ5I-1cAWH&gclid=EAIaIQobChMI2rbTy9GClAMVcCCDAx0e0y4YEAAYAiADEgLiA_D_BwE,1,yes,other
travaux,https://www.travaux.com/publiez-votre-projet/peinture-interieur?professionname=peintres&cq_src=google_ads&cq_cmp=70180579&cq_con=162669783254&cq_term=peintre%20rh%C3%B4ne&cq_med=&cq_plac=&cq_net=g&cq_plt=gp&gad_source=1&gad_campaignid=70180579&gbraid=0AAAAADyjgR2uqZOcpg9Iqu2NfZ9U1Tg_1&gclid=EAIaIQobChMIjdO959KTlAMV3ZGDBx34Ljb4EAAYASACEgKpCPD_BwE,1,yes,other
travaux,https://www.travaux.com/bricolage/serrurier-professionnels/fecamp,1,yes,other
travaux,https://www.travaux.com/plomberie/plombier-professionnels/artigues-pres-bordeaux,1,yes,other
travaux,https://www.travaux.com/professionnel/inscription/ascensoriste,1,yes,other
travaux,https://www.travaux.com/ebenisterie/menuisier-professionnels,1,yes,other
travaux,https://www.travaux.com/professionnel/inscription/appel-d-offres?cq_src=google_ads&cq_cmp=21480644395&cq_con=171720712024&cq_term=appel%20d%20offre&cq_med=&cq_plac=&cq_net=g&cq_plt=gp&gad_source=1&gad_campaignid=21480644395&gbraid=0AAAAADh4jEQodm_fwDlvYP3abk_qNnCz7&gclid=EAIaIQobChMIpcf5m8uTlAMVX5tQBh1XOxW0EAAYAiADEgKG4fD_BwE,1,yes,other
travaux,https://www.travaux.com/publiez-votre-projet/installation-renovation-salle-de-bains?professionname=artisans%20pour%20votre%20salle%20de%20bains&cq_src=google_ads&cq_cmp=19589016433&cq_con=162883319743&cq_term=artisan%20pour%20salle%20de%20bain&cq_med=&cq_plac=&cq_net=g&cq_plt=gp&gad_source=1&gad_campaignid=19589016433&gbraid=0AAAAADyjgR05WuEqgMUXTeqnnlaFqN3Ag&gclid=EAIaIQobChMI7PyShZuClAMVx5dQBh2G3TdqEAAYAiADEgLc2vD_BwE,1,yes,travaux
travaux,https://www.travaux.com/?cq_src=google_ads&cq_cmp=70182979&cq_con=17299140739&cq_term=artisan%20petit%20travaux&cq_med=&cq_plac=&cq_net=g&cq_plt=gp&gad_source=1&gad_campaignid=70182979&gbraid=0AAAAADyjgR0xnygbkR6MvQ5I92PBjhdYr&gclid=EAIaIQobChMIg9q1q6eClAMVUcp5BB11mhS2EAAYAiADEgKzt_D_BwE,1,yes,other
travaux,https://www.travaux.com/service-pro/activation/acquisition?professionId=22,1,yes,other
travaux,https://www.travaux.com/publiez-votre-projet/peinture-interieur?professionname=peintres&cq_src=google_ads&cq_cmp=70180579&cq_con=131116729867&cq_term=devis%20enduit%20peinture&cq_med=&cq_plac=&cq_net=g&cq_plt=gp&gad_source=1&gad_campaignid=70180579&gbraid=0AAAAADyjgR3KBGVvu9shljdBhT1R4slMX&gclid=EAIaIQobChMIo7vIqdSPlAMVa4BLBR2f5SnWEAAYASADEgLpvPD_BwE,1,yes,other
travaux,https://www.travaux.com/publiez-votre-projet/installation-electrique?professionname=%C3%A9lectriciens%7Bignore%7D&cq_src=google_ads&cq_cmp=%7Bcampaignid%7D&cq_con=%7Badgroupid%7D&cq_term=%7Bkeyword%7D&cq_med=%7Badtype%7D&cq_plac=%7Bplacement%7D&cq_net=%7Bnetwork%7D&cq_plt=gp,1,yes,travaux
travaux,https://www.travaux.com/publiez-votre-projet/cloture?professionname=Cl%C3%B4turistes&cq_src=google_ads&cq_cmp=6514044413&cq_con=77772599189&cq_term=poseur%20de%20cloture&cq_med=&cq_plac=&cq_net=g&cq_plt=gp&gad_source=1&gad_campaignid=6514044413&gbraid=0AAAAADyjgR3O_7bK433gFtUqdE75rllac&gclid=EAIaIQobChMIur_oiuOYlAMVgtgWBR22JwhmEAAYAiADEgIUwPD_BwE,1,yes,other
travaux,https://www.travaux.com/publiez-votre-projet/entretien-de-jardin-et-d-espaces-verts?professionname=jardiniers&locationname=Quimper&cq_src=google_ads&cq_cmp=254372899&cq_con=162669783814&cq_term=jardinier%20quimper&cq_med=&cq_plac=&cq_net=g&cq_plt=gp&gad_source=1&gad_campaignid=254372899&gbraid=0AAAAADyjgR0GwZJiQ2tuXrjiMP2ak0riq&gclid=EAIaIQobChMIz6nqwLeXlAMV-LlaBR2ulBDZEAAYAiAEEgLVk_D_BwE,1,yes,other
travaux,https://www.travaux.com/demolition-evacuation/guide-des-prix/prix-desamiantage%7Bignore%7D?cq_src=google_ads&cq_cmp=%7Bcampaignid%7D&cq_con=%7Badgroupid%7D&cq_term=%7Bkeyword%7D&cq_med=%7Badtype%7D&cq_plac=%7Bplacement%7D&cq_net=%7Bnetwork%7D&cq_plt=gp,1,yes,other
travaux,https://www.travaux.com/?cq_src=google_ads&cq_cmp=23252541325&cq_con=189212319060&cq_term=bilik&cq_med=&cq_plac=&cq_net=g&cq_plt=gp&gad_source=1&gad_campaignid=23252541325&gbraid=0AAAAADyjgR0c0SO5oNyefv_d_nVUcZLeB&gclid=EAIaIQobChMIh63W-5-JlAMV9z0IBR0tSAGCEAAYASADEgIJUvD_BwE,1,yes,other
travaux,https://www.travaux.com/publiez-votre-projet/architecte-construction-renovation?professionname=architectes&cq_src=google_ads&cq_cmp=254261659&cq_con=51804069788&cq_term=devis%20architecte%20gratuit&cq_med=&cq_plac=&cq_net=g&cq_plt=gp&gad_source=1&gad_campaignid=254261659&gbraid=0AAAAADyjgR058At8jjNTsap6Mzytqips_&gclid=EAIaIQobChMIiZCxtbHqkwMVRlRIAB2KEgLfEAAYAiAEEgI7ovD_BwE,1,yes,other
travaux,https://www.travaux.com/publiez-votre-projet/isolation-thermique?cq_src=google_ads&cq_cmp=20840291903&cq_con=159393808714&cq_term=isolation%20des%20murs%20int%C3%A9rieurs&cq_med=&cq_plac=&cq_net=g&cq_plt=gp&gad_source=1&gad_campaignid=20840291903&gbraid=0AAAAADyjgR0MncmDWy7HQ54m7tDySK7If&gclid=EAIaIQobChMIwq21gZ2MlAMVU0P_AR1owBUPEAAYAiAEEgIus_D_BwE,1,yes,other
travaux,https://www.travaux.com/?cq_src=google_ads&cq_cmp=20339365578&cq_con=150624853323&cq_term=leroy%20merlin&cq_med=&cq_plac=&cq_net=g&cq_plt=gp&gad_source=1&gad_campaignid=20339365578&gbraid=0AAAAADyjgR1aYP9s-mUZQLH-xiWjZU-9h&gclid=EAIaIQobChMIkNTl2v2fkwMVKgfUAR1ZlBzCEAAYAiADEgLI_fD_BwE,1,yes,other
travaux,https://www.travaux.com/construction-renovation-maison/guide-des-prix/prix-dun-conduit-de-cheminee,1,yes,other
travaux,https://www.travaux.com/service-pro/activation/acquisition/profession/29,1,yes,other
travaux,https://www.travaux.com/sem/prix-electricien,1,yes,other
travaux,https://www.travaux.com/publiez-votre-projet/construction-garage?professionname=constructeurs%20de%20garage&cq_src=google_ads&cq_cmp=16137487594&cq_con=132684857003&cq_term=garage%20construction&cq_med=&cq_plac=&cq_net=g&cq_plt=gp&gad_source=1&gad_campaignid=16137487594&gbraid=0AAAAADyjgR1JPY6MxYYmRObYX6mTHpE06&gclid=EAIaIQobChMI3fT6rp6skwMV6ClECB2fcDHVEAAYAiAEEgJjM_D_BwE,1,yes,other
travaux,https://www.travaux.com/sols-carrelage/guide-des-prix/prix-beton-imprime%7Bignore%7D?cq_src=google_ads&cq_cmp=%7Bcampaignid%7D&cq_con=%7Badgroupid%7D&cq_term=%7Bkeyword%7D&cq_med=%7Badtype%7D&cq_plac=%7Bplacement%7D&cq_net=%7Bnetwork%7D&cq_plt=gp,1,yes,other
travaux,https://www.travaux.com/chauffage/jobs/desembouage-circuit-de-chauffage,1,yes,other
travaux,https://www.travaux.com/professionnel/inscription/appel-d-offres?cq_src=google_ads&cq_cmp=21480644395&cq_con=171720712024&cq_term=appel%20offre%20march%C3%A9%20public&cq_med=&cq_plac=&cq_net=g&cq_plt=gp&gad_source=1&gad_campaignid=21480644395&gbraid=0AAAAADh4jESMTTZ-Cso0GqNa_vOzbk7eh&gclid=EAIaIQobChMIruminO2XlAMVWChECB0F6wFEEAAYAiADEgIOyPD_BwE,1,yes,other
travaux,https://www.travaux.com/professionnel/inscription/electricien?cq_src=google_ads&cq_cmp=20666580408&cq_con=155267016432&cq_term=travail%20%C3%A9lectricit%C3%A9&cq_med=&cq_plac=&cq_net=g&cq_plt=gp&gad_source=1&gad_campaignid=20666580408&gbraid=0AAAAADh4jETcqbozRCRlo4SWL01P-QiP1&gclid=EAIaIQobChMImL-AhsGblAMV5wR7Bx0xsQ5gEAAYAiAFEgKIHfD_BwE,1,yes,other
travaux,https://www.travaux.com/nettoyage/guide-des-prix/prix-lessivage-de-murs-de-plafonds,1,yes,other
travaux,https://www.travaux.com/couverture-toiture/couvreur-professionnels/boulogne-sur-mer,1,yes,other
travaux,https://www.travaux.com/peinture/articles/estimer-le-prix-de-la-peinture-interieure-dune-maison,1,yes,other
travaux,https://www.travaux.com/platre/plaquiste-platrier-professionnels?page=1419,1,yes,other
travaux,https://www.travaux.com/service-pro/inscription/acquisition?cq_src=google_ads&cq_cmp=20666580408&cq_con=161485517471&cq_term=site%20de%20travail%20entre%20particulier&cq_med=&cq_plac=&cq_net=g&cq_plt=gp&gad_source=1&gad_campaignid=20666580408&gbraid=0AAAAADh4jETZzaZYp1sGvqvzCMB8NS0D2&gclid=EAIaIQobChMIwsPH3K7xkwMVwSzUAR3gORppEAAYASAEEgLEvPD_BwE,1,yes,other
travaux,https://www.travaux.com/service-pro/inscription/acquisition?cq_src=google_ads&cq_cmp=21480644395&cq_con=171720711544&cq_term=trouver%20chantier&cq_med=&cq_plac=&cq_net=g&cq_plt=gp&gad_source=1&gad_campaignid=21480644395&gbraid=0AAAAADh4jESiWNaHoB3UQzYqEHZU4bDMS&gclid=EAIaIQobChMIk-bvju6MlAMV7tJEBx1B2DL3EAAYASACEgJq3vD_BwE,1,yes,other
travaux,https://www.travaux.com/professionnel/inscription/professionnel-second-oeuvre,1,yes,other
travaux,https://www.travaux.com/publiez-votre-projet/viabilisation-raccordements-egout-eau-electricite,1,yes,other
travaux,https://www.travaux.com/publiez-votre-projet/installation-renovation-salle-de-bains?professionname=artisans%20pour%20votre%20salle%20de%20bains&cq_src=google_ads&cq_cmp=23569586085&cq_con=194088211915&cq_term=plombier%20renovation%20salle%20de%20bain&cq_med=&cq_plac=&cq_net=g&cq_plt=gp&gad_source=1&gad_campaignid=23569586085&gbraid=0AAAAADyjgR26XK-pk7unyrIHjmas6VcF5&gclid=EAIaIQobChMIuJ3NksmDkwMVmKn9BR2TJzzdEAAYASAEEgLcn_D_BwE,1,yes,travaux
travaux,https://www.travaux.com/ebenisterie/menuisier-professionnels/paris-18,1,yes,other
travaux,https://www.travaux.com/publiez-votre-projet/remplacement-de-vitre?professionname=vitriers,1,yes,other
travaux,https://www.travaux.com/?cq_src=google_ads&cq_cmp=23569581585&cq_con=193416897277&cq_term=entreprise%20generale%20de%20batiment&cq_med=&cq_plac=&cq_net=g&cq_plt=gp&gad_source=1&gad_campaignid=23569581585&gbraid=0AAAAADyjgR0wieaxvJLfsrDNyll_1Upk6&gclid=EAIaIQobChMI_6eNuIzrkwMVckt_AB3hpwmWEAAYAiADEgLD5PD_BwE,1,yes,other
travaux,https://www.travaux.com/construction-renovation-maison/guide-des-prix/prix-consolidation-fondation-maison,1,yes,other
travaux,https://www.travaux.com/service-pro/inscription/acquisition?cq_src=google_ads&cq_cmp=21480644395&cq_con=171720711544&cq_term=entreprise%20chantier&cq_med=&cq_plac=&cq_net=g&cq_plt=gp&gad_source=1&gad_campaignid=21480644395&gbraid=0AAAAADh4jESTq90rAT3-KNI-EDxC-ruOr&gclid=EAIaIQobChMIrOS5tIjskwMVoMh5BB3pkSM6EAAYAiAEEgJyx_D_BwE,1,yes,other
travaux,https://www.travaux.com/trouvez-un-artisan/lyon-01,1,yes,other
travaux,https://www.travaux.com/plomberie/plombier-professionnels/romans-sur-isere?page=6,1,yes,other
travaux,https://www.travaux.com/isolation/guide-des-prix/prix-de-lisolation-des-murs,1,yes,other
travaux,https://www.travaux.com/construction-renovation-maison/articles/architecte,1,yes,other
travaux,https://www.travaux.com/chauffage/articles/la-geothermie-comment-ca-fonctionne,1,yes,other
travaux,https://www.travaux.com/service-pro/inscription/acquisition?cq_src=google_ads&cq_cmp=21480644395&cq_con=171720711544&cq_term=annonce%20artisan&cq_med=&cq_plac=&cq_net=g&cq_plt=gp&gad_source=1&gad_campaignid=21480644395&gbraid=0AAAAADh4jESQ7Lps9r-1fmB8IRKjJELN_&gclid=EAIaIQobChMIsL3zouizkwMVGwAGAB3ujQzsEAAYAiAFEgIktfD_BwE,1,yes,other
travaux,https://www.travaux.com/publiez-votre-projet/installation-renovation-salle-de-bains,1,yes,travaux
travaux,https://www.travaux.com/construction-renovation-maison/guide-des-prix/prix-du-bardage-facade,1,yes,other
travaux,https://www.travaux.com/publiez-votre-projet/peinture-interieur?professionname=peintres&cq_src=google_ads&cq_cmp=70180579&cq_con=162669783254&cq_term=peintre%20rh%C3%B4ne&cq_med=&cq_plac=&cq_net=g&cq_plt=gp&gad_source=1&gad_campaignid=70180579&gbraid=0AAAAADyjgR2uqZOcpg9Iqu2NfZ9U1Tg_1&gclid=EAIaIQobChMIjdO959KTlAMV3ZGDBx34Ljb4EAAYASADEgJ09vD_BwE,1,yes,other
travaux,https://www.travaux.com/plomberie/plombier-professionnels/tarascon-sur-ariege,1,yes,other
engiehs,https://www.engie-homeservices.fr/particulier/entretien/chaudiere-gaz,292,yes,other
engiehs,https://www.engie-homeservices.fr/particulier/landing/installation-pompe-a-chaleur-air-eau,206,yes,travaux
engiehs,https://www.engie-homeservices.fr/particulier/landing/installation-chaudiere-gaz,176,yes,travaux
engiehs,https://www.engie-homeservices.fr/particulier/entretien/pompe-a-chaleur-air-eau,54,yes,other
engiehs,https://www.engie-homeservices.fr/particulier/landing/installation-chaudiere-gaz%7Bignore%7D?campaign=SEA_GADS_NA_SEA&utm_source=SEA_Google&utm_medium=cpc&utm_campaign=%7B_dscampaign%7D&utm_term=%7Bkeyword%7D&utm_device=%7Bdevice%7D&utm_match=%7Bmatchtype%7D&utm_network=%7Bnetwork%7D,53,yes,travaux
engiehs,https://www.engie-homeservices.fr/particulier/landing/installation-pompe-a-chaleur-air-eau%7Bignore%7D?campaign=SEA_GADS_NA_SEA&utm_source=SEA_Google&utm_medium=cpc&utm_campaign=%7B_dscampaign%7D&utm_term=%7Bkeyword%7D&utm_device=%7Bdevice%7D&utm_match=%7Bmatchtype%7D&utm_network=%7Bnetwork%7D,52,yes,travaux
engiehs,https://www.engie-homeservices.fr/,48,no,other
engiehs,https://www.engie-homeservices.fr/particulier/installation/pompe-a-chaleur-air-eau,39,yes,travaux
engiehs,https://www.engie-homeservices.fr/particulier/installation/adoucisseur-d-eau,37,no,travaux
engiehs,https://www.engie-homeservices.fr/particulier/entretien/chaudiere-gaz%7Bignore%7D?campaign=SEA_GADS_NA_SEA&utm_source=SEA_Google&utm_medium=cpc&utm_campaign=%7B_dscampaign%7D&utm_term=%7Bkeyword%7D&utm_device=%7Bdevice%7D&utm_match=%7Bmatchtype%7D&utm_network=%7Bnetwork%7D,37,yes,other
engiehs,https://www.engie-homeservices.fr/particulier/depannage/chaudiere-gaz,29,yes,other
engiehs,https://www.engie-homeservices.fr/particulier/entretien/pompe-a-chaleur-air-eau%7Bignore%7D?campaign=SEA_GADS_NA_SEA&utm_source=SEA_Google&utm_medium=cpc&utm_campaign=%7B_dscampaign%7D&utm_term=%7Bkeyword%7D&utm_device=%7Bdevice%7D&utm_match=%7Bmatchtype%7D&utm_network=%7Bnetwork%7D,21,yes,other
engiehs,https://www.engie-homeservices.fr/%7Bignore%7D?campaign=SEA_GADS_NA_SEA&utm_source=SEA_Google&utm_medium=cpc&utm_campaign=%7B_dscampaign%7D&utm_term=%7Bkeyword%7D&utm_device=%7Bdevice%7D&utm_match=%7Bmatchtype%7D&utm_network=%7Bnetwork%7D,18,no,other
engiehs,https://www.engie-homeservices.fr/particulier/installation/chaudiere-gaz,9,yes,travaux
engiehs,https://www.engie-homeservices.fr/particulier/entretien/chauffe-eau,8,yes,other
engiehs,https://www.engie-homeservices.fr/particulier/entretien/adoucisseur-eau,7,no,other
engiehs,https://www.engie-homeservices.fr/particulier/depanner-pompe-a-chaleur,6,yes,other
engiehs,https://www.engie-homeservices.fr/particulier/installation/pompe-a-chaleur-air-eau?campaign=SEA_GADS_NA_SEAPac&utm_source=SEA&utm_medium=lien&utm_campaign=sea,4,yes,travaux
engiehs,https://www.engie-homeservices.fr/particulier/entretien/chaudiere-fioul,4,yes,other
engiehs,https://www.engie-homeservices.fr/particulier/installation/adoucisseur-d-eau%7Bignore%7D?campaign=SEA_GADS_NA_SEA&utm_source=SEA_Google&utm_medium=cpc&utm_campaign=%7B_dscampaign%7D&utm_term=%7Bkeyword%7D&utm_device=%7Bdevice%7D&utm_match=%7Bmatchtype%7D&utm_network=%7Bnetwork%7D,4,no,travaux
engiehs,https://www.engie-homeservices.fr/particulier/installation/pompe-a-chaleur-hybride,3,yes,travaux
engiehs,https://www.engie-homeservices.fr/particulier/entretien/adoucisseur-eau%7Bignore%7D?campaign=SEA_GADS_NA_SEA&utm_source=SEA_Google&utm_medium=cpc&utm_campaign=%7B_dscampaign%7D&utm_term=%7Bkeyword%7D&utm_device=%7Bdevice%7D&utm_match=%7Bmatchtype%7D&utm_network=%7Bnetwork%7D,3,no,other
engiehs,https://www.engie-homeservices.fr/particulier/entretien/climatisateur-reversible,2,no,other
engiehs,https://www.engie-homeservices.fr/particulier/installation/pompe-a-chaleur-hybride%7Bignore%7D?campaign=SEA_GADS_NA_SEA&utm_source=SEA_Google&utm_medium=cpc&utm_campaign=%7B_dscampaign%7D&utm_term=%7Bkeyword%7D&utm_device=%7Bdevice%7D&utm_match=%7Bmatchtype%7D&utm_network=%7Bnetwork%7D,2,yes,travaux
engiehs,https://www.engie-homeservices.fr/particulier/entretien/chauffe-eau%7Bignore%7D?campaign=SEA_GADS_NA_SEA&utm_source=SEA_Google&utm_medium=cpc&utm_campaign=%7B_dscampaign%7D&utm_term=%7Bkeyword%7D&utm_device=%7Bdevice%7D&utm_match=%7Bmatchtype%7D&utm_network=%7Bnetwork%7D,2,yes,other
engiehs,https://www.engie-homeservices.fr/particulier/landing/installation-chaudiere-gaz?campaign=SEA_GADS_NA_SEA&utm_source=SEA_Google&utm_medium=cpc&utm_campaign=[EHS]_SEA_GG_HM_Chaudi%C3%A8re_Gaz_Prospecting&utm_term=chaudi%C3%A8re&utm_device=c&utm_match=p&utm_network=g&gad_source=1&gad_campaignid=22255110157&gbraid=0AAAAADzkN3dE8liCLuQq8GNmOj759HKXj&gclid=EAIaIQobChMI8oCaqpWJlAMV-YNaBR1sqiudEAAYAiAFEgIOJfD_BwE,1,yes,travaux
engiehs,https://www.engie-homeservices.fr/particulier/entretien/chaudiere-gaz?campaign=SEA_GADS_NA_SEA&utm_source=SEA_Google&utm_medium=cpc&utm_campaign=[EHS]_SEA_GG_HM_Perf_MAX_Entretien_Chaudi%C3%A8re_Gaz_Prospecting&utm_term=&utm_device=c&utm_match=&utm_network=x&gad_source=1&gad_campaignid=22286799358&gbraid=0AAAAADzkN3e3IhsSyCc-RpjCw3YUzqroi&gclid=EAIaIQobChMIu6rPrqbskwMV9KeDBx3jEwKoEAAYAiADEgJYW_D_BwE,1,yes,other
engiehs,https://www.engie-homeservices.fr/particulier/landing/installation-pompe-a-chaleur-air-eau?campaign=SEA_GADS_NA_SEA&utm_source=SEA_Google&utm_medium=cpc&utm_campaign=[EHS]_SEA_GG_HM_PAC_AE_Prospecting&utm_term=pac%20air%20eau&utm_device=c&utm_match=p&utm_network=g&gad_source=1&gad_campaignid=22255110619&gbraid=0AAAAADzkN3cedQ7CQEk1Vg5zYIlU3swWk&gclid=EAIaIQobChMIpPaPmquBlAMVBUp_AB0cnRRNEAAYAiAFEgJMYPD_BwE,1,yes,travaux
engiehs,https://www.engie-homeservices.fr/particulier/landing/installation-pompe-a-chaleur-air-eau?campaign=SEA_GADS_NA_SEA&utm_source=SEA_Google&utm_medium=cpc&utm_campaign=[EHS]_SEA_GG_HM_PAC_AE_Prospecting&utm_term=chauffagiste%20pompe%20%C3%A0%20chaleur&utm_device=c&utm_match=p&utm_network=g&gad_source=1&gad_campaignid=22255110619&gbraid=0AAAAADzkN3cFtM-NPD974IC85W-_EEQdb&gclid=EAIaIQobChMIoPLap4GGlAMVhwWHAx21tzMzEAAYAiADEgK6w_D_BwE,1,yes,travaux
engiehs,https://www.engie-homeservices.fr/particulier/landing/installation-pompe-a-chaleur-air-eau?campaign=SEA_GADS_NA_SEA&utm_source=SEA_Google&utm_medium=cpc&utm_campaign=[EHS]_SEA_GG_HM_PAC_AE_Prospecting&utm_term=pompe%20chaleur%20air%20eau&utm_device=c&utm_match=p&utm_network=g&gad_source=1&gad_campaignid=22255110619&gbraid=0AAAAADzkN3cedQ7CQEk1Vg5zYIlU3swWk&gclid=EAIaIQobChMIgcScx76AlAMVvsM8Ah3neTezEAAYAiAGEgIWX_D_BwE,1,yes,travaux
engiehs,https://www.engie-homeservices.fr/particulier/landing/installation-chaudiere-gaz?campaign=SEA_GADS_NA_SEA&utm_source=SEA_Google&utm_medium=cpc&utm_campaign=[EHS]_SEA_GG_HM_Chaudi%C3%A8re_Gaz_Prospecting&utm_term=chaudi%C3%A8re%20basse%20temp%C3%A9rature&utm_device=c&utm_match=p&utm_network=g&gad_source=1&gad_campaignid=22255110157&gbraid=0AAAAADzkN3dE8liCLuQq8GNmOj759HKXj&gclid=EAIaIQobChMI0aih3ZmIlAMV2qb9BR0SICtxEAAYASAFEgLo3vD_BwE,1,yes,travaux
engiehs,https://www.engie-homeservices.fr/particulier/entretien/chaudiere-gaz?campaign=SEA_GADS_NA_SEA&utm_source=SEA_Google&utm_medium=cpc&utm_campaign=[EHS]_SEA_GG_HM_Perf_MAX_Entretien_Chaudi%C3%A8re_Gaz_Prospecting&utm_term=&utm_device=c&utm_match=&utm_network=x&gad_source=1&gad_campaignid=22286799358&gbraid=0AAAAADzkN3edST14DInEXYpHXZ4Li85gX&gclid=EAIaIQobChMI9ciQx6-YlAMVC5eDBx10LhWVEAAYAiACEgJiHvD_BwE,1,yes,other
engiehs,https://www.engie-homeservices.fr/particulier/entretien/chaudiere-gaz?campaign=SEA_GADS_NA_SEA&utm_source=SEA_Google&utm_medium=cpc&utm_campaign=[EHS]_SEA_GG_HM_Entretien_Chaudi%C3%A8re_Gaz_Prospecting&utm_term=maintenance%20chaudi%C3%A8re&utm_device=c&utm_match=p&utm_network=g&gad_source=1&gad_campaignid=22255110142&gbraid=0AAAAADzkN3dDsrAmxV3jFhgsmGi20-4F6&gclid=EAIaIQobChMIq8aZuJDqkwMVR6SDBx2sAgK3EAAYASADEgLQ_vD_BwE,1,yes,other
engiehs,https://www.engie-homeservices.fr/particulier/landing/installation-chaudiere-gaz?campaign=SEA_GADS_NA_SEA&utm_source=SEA_Google&utm_medium=cpc&utm_campaign=[EHS]_SEA_GG_HM_Chaudi%C3%A8re_Gaz_Prospecting&utm_term=chaudi%C3%A8re%20gaz&utm_device=c&utm_match=p&utm_network=g&gad_source=1&gad_campaignid=22255110157&gbraid=0AAAAADzkN3dwA6tNFtMASP9UPcutyQ8b9&gclid=EAIaIQobChMI9qvEwOeDlAMVRGlBAh01MTykEAAYASAFEgJiXvD_BwE,1,yes,travaux
engiehs,https://www.engie-homeservices.fr/particulier/landing/installation-chaudiere-gaz?campaign=SEA_GADS_NA_SEA&utm_source=SEA_Google&utm_medium=cpc&utm_campaign=[EHS]_SEA_GG_HM_Chaudi%C3%A8re_Gaz_Prospecting&utm_term=devis%20chaudi%C3%A8re&utm_device=c&utm_match=e&utm_network=g&gad_source=1&gad_campaignid=22255110157&gbraid=0AAAAADzkN3dvRRRT5hNRyP9x3Z8NhW4y8&gclid=EAIaIQobChMIvNbA7arrkwMV4J2DBx1jLy0YEAAYAiAEEgIhq_D_BwE,1,yes,travaux
engiehs,https://www.engie-homeservices.fr/particulier/landing/installation-chaudiere-gaz?campaign=SEA_GADS_NA_SEA&utm_source=SEA_Google&utm_medium=cpc&utm_campaign=[EHS]_SEA_GG_HM_Perf_MAX_Chaudi%C3%A8re_Gaz_Prospecting&utm_term=&utm_device=c&utm_match=&utm_network=x&gad_source=1&gad_campaignid=22269931606&gbraid=0AAAAADzkN3cNml2HjTu3bmWIsLpOn6O_f&gclid=EAIaIQobChMI1a2ezPWfkwMVpKJQBh3fGh0vEAAYASADEgLMCfD_BwE,1,yes,travaux
engiehs,https://www.engie-homeservices.fr/particulier/landing/installation-chaudiere-gaz?campaign=SEA_GADS_NA_SEA&utm_source=SEA_Google&utm_medium=cpc&utm_campaign=[EHS]_SEA_GG_HM_Perf_MAX_Chaudi%C3%A8re_Gaz_Prospecting&utm_term=&utm_device=c&utm_match=&utm_network=x&gad_source=1&gad_campaignid=22269931606&gbraid=0AAAAADzkN3ebDlB9fzdt-ioOaujFP-0Ao&gclid=EAIaIQobChMIx_CEuNHukwMVkBaiAx2o_DYhEAAYAiACEgI8ZvD_BwE,1,yes,travaux
engiehs,https://www.engie-homeservices.fr/particulier/entretien/ballon-thermodynamique,1,no,other
engiehs,https://www.engie-homeservices.fr/particulier/entretien/chaudiere-gaz?campaign=SEA_GADS_NA_SEA&utm_source=SEA_Google&utm_medium=cpc&utm_campaign=[EHS]_SEA_GG_HM_Perf_MAX_Entretien_Chaudi%C3%A8re_Gaz_Prospecting&utm_term=&utm_device=c&utm_match=&utm_network=x&gad_source=1&gad_campaignid=22286799358&gbraid=0AAAAADzkN3fYAoXfsZHcCvoyCk-icODqT&gclid=EAIaIQobChMI38uE8PrjkwMV1y8GAB1BoB10EAAYASAREgIfBPD_BwE,1,yes,other
engiehs,https://www.engie-homeservices.fr/particulier/landing/installation-chaudiere-gaz?campaign=SEA_GADS_NA_SEA&utm_source=SEA_Google&utm_medium=cpc&utm_campaign=[EHS]_SEA_GG_HM_Chaudi%C3%A8re_Gaz_Prospecting&utm_term=chaudi%C3%A8re%20gaz&utm_device=c&utm_match=p&utm_network=g&gad_source=1&gad_campaignid=22255110157&gbraid=0AAAAADzkN3dA3WYxXns7W8xKUhYVCKneV&gclid=EAIaIQobChMIlOjSw7mjkwMViLpoCR33MCWsEAAYAiAEEgJ8cvD_BwE,1,yes,travaux
engiehs,https://www.engie-homeservices.fr/particulier/landing/installation-pompe-a-chaleur-air-eau?campaign=SEA_GADS_NA_SEA&utm_source=SEA_Google&utm_medium=cpc&utm_campaign=[EHS]_SEA_GG_HM_PAC_AE_Prospecting&utm_term=pompe%20chaleur%20air%20eau&utm_device=c&utm_match=p&utm_network=g&gad_source=1&gad_campaignid=22255110619&gbraid=0AAAAADzkN3fRPTpoca0GBRnMbhYUN41xD&gclid=EAIaIQobChMI-rrw8P6KlAMVRC3UAR3N3A3OEAAYASAFEgKHhfD_BwE,1,yes,travaux
engiehs,https://www.engie-homeservices.fr/particulier/landing/installation-chaudiere-gaz?campaign=SEA_GADS_NA_SEA&utm_source=SEA_Google&utm_medium=cpc&utm_campaign=[EHS]_SEA_GG_HM_Chaudi%C3%A8re_Gaz_Prospecting&utm_term=co%C3%BBt%20chaudi%C3%A8re&utm_device=c&utm_match=p&utm_network=g&gad_source=1&gad_campaignid=22255110157&gbraid=0AAAAADzkN3dwA6tNFtMASP9UPcutyQ8b9&gclid=EAIaIQobChMIosua1buDlAMVDYjCCB3MVhX3EAAYAiAFEgIS4_D_BwE,1,yes,travaux
engiehs,https://www.engie-homeservices.fr/particulier/installation/adoucisseur-d-eau?campaign=SEA_GADS_NA_SEA&utm_source=SEA_Google&utm_medium=cpc&utm_campaign=[EHS]_SEA_GG_Adoucisseur_Equipements_Prospecting&utm_term=adoucisseur%20eau&utm_device=c&utm_match=p&utm_network=g&gad_source=1&gad_campaignid=22255110154&gbraid=0AAAAADzkN3c-byqassnz-8XGXVv3VrD-d&gclid=EAIaIQobChMIsp2xl6OWlAMVMZFQBh1yYjrVEAAYAiADEgJgR_D_BwE,1,no,travaux
engiehs,https://www.engie-homeservices.fr/particulier/landing/installation-chaudiere-gaz?campaign=SEA_GADS_NA_SEA&utm_source=SEA_Google&utm_medium=cpc&utm_campaign=[EHS]_SEA_GG_HM_Chaudi%C3%A8re_Gaz_Prospecting&utm_term=contrat%20chaudi%C3%A8re&utm_device=c&utm_match=e&utm_network=g&gad_source=1&gad_campaignid=22255110157&gbraid=0AAAAADzkN3dFzTk2AAQ9WsxJvWU-O6B7F&gclid=EAIaIQobChMInYeVmf-4kwMVnIFLBR3LvxqTEAAYASADEgKhqPD_BwE,1,yes,travaux
engiehs,https://www.engie-homeservices.fr/particulier/landing/installation-pompe-a-chaleur-air-eau?campaign=SEA_GADS_NA_SEA&utm_source=SEA_Google&utm_medium=cpc&utm_campaign=[EHS]_SEA_GG_HM_PAC_AE_Prospecting&utm_term=pompe%20chaleur%20air%20eau&utm_device=c&utm_match=p&utm_network=g&gad_source=1&gad_campaignid=22255110619&gbraid=0AAAAADzkN3fRPTpoca0GBRnMbhYUN41xD&gclid=EAIaIQobChMI-rrw8P6KlAMVRC3UAR3N3A3OEAAYASAEEgJyKvD_BwE,1,yes,travaux
engiehs,https://www.engie-homeservices.fr/particulier/landing/installation-chaudiere-gaz?campaign=SEA_GADS_NA_SEA&utm_source=SEA_Google&utm_medium=cpc&utm_campaign=[EHS]_SEA_GG_HM_Chaudi%C3%A8re_Gaz_Prospecting&utm_term=chaudi%C3%A8re%20condensation&utm_device=c&utm_match=p&utm_network=g&gad_source=1&gad_campaignid=22255110157&gbraid=0AAAAADzkN3cjMCZ6Qo-1qAkQXNPjhhDZt&gclid=EAIaIQobChMIwuWt9KqUlAMVVlCRBR0qGiygEAAYAiAFEgKaMfD_BwE,1,yes,travaux
engiehs,https://www.engie-homeservices.fr/particulier/entretien/chaudiere-gaz?campaign=SEA_GADS_NA_SEA&utm_source=SEA_Google&utm_medium=cpc&utm_campaign=[EHS]_SEA_GG_HM_Perf_MAX_Entretien_Chaudi%C3%A8re_Gaz_Prospecting&utm_term=&utm_device=c&utm_match=&utm_network=x&gad_source=1&gad_campaignid=22286799358&gbraid=0AAAAADzkN3fzxEACMG57jUShiyZzP5pcJ&gclid=EAIaIQobChMIzIPx0OKHkwMVWFVIAB1U-BJREAAYASACEgLobfD_BwE,1,yes,other
engiehs,https://www.engie-homeservices.fr/particulier/landing/installation-chaudiere-gaz?campaign=SEA_GADS_NA_SEA&utm_source=SEA_Google&utm_medium=cpc&utm_campaign=[EHS]_SEA_GG_HM_Chaudi%C3%A8re_Gaz_Prospecting&utm_term=chaudi%C3%A8re%20condensation&utm_device=c&utm_match=p&utm_network=g&gad_source=1&gad_campaignid=22255110157&gbraid=0AAAAADzkN3ehQgDXJAqO4vKnDOg64eCQU&gclid=EAIaIQobChMI4vSh8Z2PlAMVnwuiAx1OYyvDEAAYAiAFEgKH4_D_BwE,1,yes,travaux
engiehs,https://www.engie-homeservices.fr/particulier/landing/installation-pompe-a-chaleur-air-eau?campaign=SEA_GADS_NA_SEA&utm_source=SEA_Google&utm_medium=cpc&utm_campaign=[EHS]_SEA_GG_HM_PAC_AE_Prospecting&utm_term=pac%20air%20eau&utm_device=c&utm_match=e&utm_network=g&gad_source=1&gad_campaignid=22255110619&gbraid=0AAAAADzkN3d5ZqXbeviGOoliGCGUl2sGL&gclid=EAIaIQobChMI0d3s8dWPlAMVXFBIAB1_uigZEAAYAiAGEgI7yvD_BwE,1,yes,travaux
engiehs,https://www.engie-homeservices.fr/particulier/installation/adoucisseur-d-eau?campaign=SEA_GADS_NA_SEA&utm_source=SEA_Google&utm_medium=cpc&utm_campaign=[EHS]_SEA_GG_Adoucisseur_Equipements_Prospecting&utm_term=adoucisseur%20eau&utm_device=c&utm_match=p&utm_network=g&gad_source=1&gad_campaignid=22255110154&gbraid=0AAAAADzkN3c-byqassnz-8XGXVv3VrD-d&gclid=EAIaIQobChMIsp2xl6OWlAMVMZFQBh1yYjrVEAAYAiACEgIJPvD_BwE,1,no,travaux
engiehs,https://www.engie-homeservices.fr/particulier/entretien/chaudiere-gaz?campaign=SEA_GADS_NA_SEA&utm_source=SEA_Google&utm_medium=cpc&utm_campaign=[EHS]_SEA_GG_HM_Perf_MAX_Entretien_Chaudi%C3%A8re_Gaz_Prospecting&utm_term=&utm_device=c&utm_match=&utm_network=x&gad_source=1&gad_campaignid=22286799358&gbraid=0AAAAADzkN3fmv8iWe2XM5FZxySZFUeLMp&gclid=EAIaIQobChMI_57uzPnrkwMVJplQBh2kHh_xEAAYAiADEgL2wfD_BwE,1,yes,other
engiehs,https://www.engie-homeservices.fr/particulier/entretien/pompe-a-chaleur-air-eau?campaign=SEA_GADS_NA_SEA&utm_source=SEA_Google&utm_medium=cpc&utm_campaign=[EHS]_SEA_GG_HM_Entretien_PAC_AE_Prospecting&utm_term=maintenance%20pompe%20%C3%A0%20chaleur&utm_device=c&utm_match=p&utm_network=g&gad_source=1&gad_campaignid=22255110148&gbraid=0AAAAADzkN3d_e5Aui71GyyaAtnk1smigb&gclid=EAIaIQobChMI4M_T-6mblAMV8TMIBR33-iIvEAAYAiADEgKeXfD_BwE,1,yes,other
engiehs,https://www.engie-homeservices.fr/particulier/landing/installation-pompe-a-chaleur-air-eau?campaign=SEA_GADS_NA_SEA&utm_source=SEA_Google&utm_medium=cpc&utm_campaign=[EHS]_SEA_GG_HM_PAC_AE_Prospecting&utm_term=pompe%20a%20chaleur&utm_device=c&utm_match=p&utm_network=g&gad_source=1&gad_campaignid=22255110619&gbraid=0AAAAADzkN3egP7CNFgG1OVLteTiG7cnC2&gclid=EAIaIQobChMIv5ne2d_PkwMV4EB_AB05jjMVEAAYAiAGEgJ-SPD_BwE,1,yes,travaux
engiehs,https://www.engie-homeservices.fr/particulier/landing/installation-chaudiere-gaz?campaign=SEA_GADS_NA_SEA&utm_source=SEA_Google&utm_medium=cpc&utm_campaign=[EHS]_SEA_GG_HM_Chaudi%C3%A8re_Gaz_Prospecting&utm_term=co%C3%BBt%20chaudi%C3%A8re&utm_device=c&utm_match=p&utm_network=g&gad_source=1&gad_campaignid=22255110157&gbraid=0AAAAADzkN3dwA6tNFtMASP9UPcutyQ8b9&gclid=EAIaIQobChMIosua1buDlAMVDYjCCB3MVhX3EAAYAiAGEgIPJvD_BwE,1,yes,travaux
engiehs,https://www.engie-homeservices.fr/particulier/landing/installation-pompe-a-chaleur-air-eau?campaign=SEA_GADS_NA_SEA&utm_source=SEA_Google&utm_medium=cpc&utm_campaign=[EHS]_SEA_GG_HM_PAC_AE_Prospecting&utm_term=chauffagiste%20pompe%20%C3%A0%20chaleur&utm_device=c&utm_match=p&utm_network=g&gad_source=1&gad_campaignid=22255110619&gbraid=0AAAAADzkN3cFtM-NPD974IC85W-_EEQdb&gclid=EAIaIQobChMIoPLap4GGlAMVhwWHAx21tzMzEAAYAiAEEgIlMPD_BwE,1,yes,travaux
engiehs,https://www.engie-homeservices.fr/particulier/entretien/chaudiere-gaz?campaign=SEA_GADS_NA_SEA&utm_source=SEA_Google&utm_medium=cpc&utm_campaign=[EHS]_SEA_GG_HM_Perf_MAX_Entretien_Chaudi%C3%A8re_Gaz_Prospecting&utm_term=&utm_device=c&utm_match=&utm_network=x&gad_source=1&gad_campaignid=22286799358&gbraid=0AAAAADzkN3fmv8iWe2XM5FZxySZFUeLMp&gclid=EAIaIQobChMI_57uzPnrkwMVJplQBh2kHh_xEAAYAiACEgKX6vD_BwE,1,yes,other
engiehs,https://www.engie-homeservices.fr/particulier/landing/installation-pompe-a-chaleur-air-eau?campaign=SEA_GADS_NA_SEA&utm_source=SEA_Google&utm_medium=cpc&utm_campaign=[EHS]_SEA_GG_HM_Concurrents_PAC_AE_Prospecting&utm_term=edf%20pompe%20%C3%A0%20chaleur&utm_device=c&utm_match=p&utm_network=g&gad_source=1&gad_campaignid=22255110622&gbraid=0AAAAADzkN3flB9Be-odgfAzwSjxg2tePZ&gclid=EAIaIQobChMIyaSvvsv-kwMVcFNIAB0ApwA1EAAYAiADEgKB0fD_BwE,1,yes,travaux
engiehs,https://www.engie-homeservices.fr/particulier/entretien/chaudiere-gaz?campaign=SEA_GADS_NA_SEA&utm_source=SEA_Google&utm_medium=cpc&utm_campaign=[EHS]_SEA_GG_HM_Entretien_Chaudi%C3%A8re_Gaz_Prospecting&utm_term=maintenance%20chaudi%C3%A8re&utm_device=c&utm_match=p&utm_network=g&gad_source=1&gad_campaignid=22255110142&gbraid=0AAAAADzkN3dDsrAmxV3jFhgsmGi20-4F6&gclid=EAIaIQobChMIq8aZuJDqkwMVR6SDBx2sAgK3EAAYASAEEgLxuPD_BwE,1,yes,other
engiehs,https://www.engie-homeservices.fr/particulier/landing/installation-chaudiere-gaz?campaign=SEA_GADS_NA_SEA&utm_source=SEA_Google&utm_medium=cpc&utm_campaign=[EHS]_SEA_GG_HM_Chaudi%C3%A8re_Gaz_Prospecting&utm_term=chaudi%C3%A8re%20installation&utm_device=c&utm_match=p&utm_network=g&gad_source=1&gad_campaignid=22255110157&gbraid=0AAAAADzkN3dA3WYxXns7W8xKUhYVCKneV&gclid=EAIaIQobChMI262b0qSlkwMVRFBBAh0MCjc6EAAYASAUEgLm5_D_BwE,1,yes,travaux
engiehs,https://www.engie-homeservices.fr/particulier/landing/installation-chaudiere-gaz?campaign=SEA_GADS_NA_SEA&utm_source=SEA_Google&utm_medium=cpc&utm_campaign=[EHS]_SEA_GG_HM_Chaudi%C3%A8re_Gaz_Prospecting&utm_term=chaudi%C3%A8re%20basse%20temp%C3%A9rature&utm_device=c&utm_match=p&utm_network=g&gad_source=1&gad_campaignid=22255110157&gbraid=0AAAAADzkN3dE8liCLuQq8GNmOj759HKXj&gclid=EAIaIQobChMI0aih3ZmIlAMV2qb9BR0SICtxEAAYASAEEgIS1_D_BwE,1,yes,travaux
engiehs,https://www.engie-homeservices.fr/particulier/entretien/chaudiere-gaz?campaign=SEA_GADS_NA_SEA&utm_source=SEA_Google&utm_medium=cpc&utm_campaign=[EHS]_SEA_GG_HM_Perf_MAX_Entretien_Chaudi%C3%A8re_Gaz_Prospecting&utm_term=&utm_device=c&utm_match=&utm_network=x&gad_source=1&gad_campaignid=22286799358&gbraid=0AAAAADzkN3eJ4ZxyOVGxxdlPdJ6tAx1gM&gclid=EAIaIQobChMI093irbmNlAMVBKFaBR2-jhI5EAAYAiAEEgKyHPD_BwE,1,yes,other
engiehs,https://www.engie-homeservices.fr/particulier/entretien/ballon-thermodynamique%7Bignore%7D?campaign=SEA_GADS_NA_SEA&utm_source=SEA_Google&utm_medium=cpc&utm_campaign=%7B_dscampaign%7D&utm_term=%7Bkeyword%7D&utm_device=%7Bdevice%7D&utm_match=%7Bmatchtype%7D&utm_network=%7Bnetwork%7D,1,no,other
engiehs,https://www.engie-homeservices.fr/particulier/entretien/chaudiere-gaz?campaign=SEA_GADS_NA_SEA&utm_source=SEA_Google&utm_medium=cpc&utm_campaign=[EHS]_SEA_GG_HM_Entretien_Chaudi%C3%A8re_Gaz_Prospecting&utm_term=entretien%20chaudiere%20seine-et-marne&utm_device=c&utm_match=p&utm_network=g&gad_source=1&gad_campaignid=22255110142&gbraid=0AAAAADzkN3fVBdKhD3trysvBoJhlCD-fV&gclid=EAIaIQobChMIoPvX_KiWlAMVF2hIAB3NsSICEAAYAiATEgIxmPD_BwE,1,yes,other
engiehs,https://www.engie-homeservices.fr/particulier/entretien/chaudiere-gaz?campaign=SEA_GADS_NA_SEA&utm_source=SEA_Google&utm_medium=cpc&utm_campaign=[EHS]_SEA_GG_HM_Entretien_Chaudi%C3%A8re_Gaz_Prospecting&utm_term=entretien%20chaudiere%20lille&utm_device=c&utm_match=p&utm_network=g&gad_source=1&gad_campaignid=22255110142&gbraid=0AAAAADzkN3fVBdKhD3trysvBoJhlCD-fV&gclid=EAIaIQobChMI_Njymu6VlAMVIWdIAB2jWgJiEAAYAiAVEgKf5fD_BwE,1,yes,other
engiehs,https://www.engie-homeservices.fr/particulier/landing/installation-pompe-a-chaleur-air-eau?campaign=SEA_GADS_NA_SEA&utm_source=SEA_Google&utm_medium=cpc&utm_campaign=[EHS]_SEA_GG_HM_PAC_AE_Prospecting&utm_term=pompe%20a%20chaleur&utm_device=c&utm_match=p&utm_network=g&gad_source=1&gad_campaignid=22255110619&gbraid=0AAAAADzkN3cGGTfqBJROy1kd9eVE9Ddxe&gclid=EAIaIQobChMIorzTi_LYkwMVIktHAR0LCAx3EAAYAiAEEgJ7-vD_BwE,1,yes,travaux
engiehs,https://www.engie-homeservices.fr/particulier/landing/installation-pompe-a-chaleur-air-eau?campaign=SEA_GADS_NA_SEA&utm_source=SEA_Google&utm_medium=cpc&utm_campaign=[EHS]_SEA_GG_HM_PAC_AE_Prospecting&utm_term=pompe%20%C3%A0%20chaleur&utm_device=c&utm_match=p&utm_network=g&gad_source=1&gad_campaignid=22255110619&gbraid=0AAAAADzkN3eU0gKShKNs0H0zu4i0x4pcJ&gclid=EAIaIQobChMI55uz35CZlAMVClJBAh36nz1OEAAYASAEEgJwLfD_BwE,1,yes,travaux
engiehs,https://www.engie-homeservices.fr/particulier/landing/installation-chaudiere-gaz?campaign=SEA_GADS_NA_SEA&utm_source=SEA_Google&utm_medium=cpc&utm_campaign=[EHS]_SEA_GG_HM_Chaudi%C3%A8re_Gaz_Prospecting&utm_term=achat%20chaudiere&utm_device=c&utm_match=p&utm_network=g&gad_source=1&gad_campaignid=22255110157&gbraid=0AAAAADzkN3ebh_mNcvjbvElxzaaACcRqd&gclid=EAIaIQobChMIqqmKsemJkwMVBIlaBR2_kiQHEAAYAiAEEgLv3PD_BwE,1,yes,travaux
engiehs,https://www.engie-homeservices.fr/particulier/entretien/chaudiere-gaz?campaign=SEA_GADS_NA_SEA&utm_source=SEA_Google&utm_medium=cpc&utm_campaign=[EHS]_SEA_GG_HM_Perf_MAX_Entretien_Chaudi%C3%A8re_Gaz_Prospecting&utm_term=&utm_device=c&utm_match=&utm_network=x&gad_source=1&gad_campaignid=22286799358&gbraid=0AAAAADzkN3e3IhsSyCc-RpjCw3YUzqroi&gclid=EAIaIQobChMIu6rPrqbskwMV9KeDBx3jEwKoEAAYAiACEgL3rfD_BwE,1,yes,other
engiehs,https://www.engie-homeservices.fr/particulier/landing/installation-chaudiere-gaz?campaign=SEA_GADS_NA_SEA&utm_source=SEA_Google&utm_medium=cpc&utm_campaign=[EHS]_SEA_GG_HM_Perf_MAX_Chaudi%C3%A8re_Gaz_Prospecting&utm_term=&utm_device=c&utm_match=&utm_network=x&gad_source=1&gad_campaignid=22269931606&gbraid=0AAAAADzkN3ebDlB9fzdt-ioOaujFP-0Ao&gclid=EAIaIQobChMIx_CEuNHukwMVkBaiAx2o_DYhEAAYAiADEgLNYvD_BwE,1,yes,travaux
engiehs,https://www.engie-homeservices.fr/particulier/installation/adoucisseur-d-eau?campaign=SEA_GADS_NA_SEA&utm_source=SEA_Google&utm_medium=cpc&utm_campaign=[EHS]_SEA_GG_Adoucisseur_Equipements_Prospecting&utm_term=adoucisseur%20eau&utm_device=c&utm_match=p&utm_network=g&gad_source=1&gad_campaignid=22255110154&gbraid=0AAAAADzkN3cBB3trm0zbRO-sA6khhq-gE&gclid=EAIaIQobChMI4-eN2fy2kwMVJ0t_AB1IWwCoEAAYAiACEgKXJvD_BwE,1,no,travaux
engiehs,https://www.engie-homeservices.fr/particulier/landing/installation-chaudiere-gaz?campaign=SEA_GADS_NA_SEA&utm_source=SEA_Google&utm_medium=cpc&utm_campaign=[EHS]_SEA_GG_HM_Perf_MAX_Chaudi%C3%A8re_Gaz_Prospecting&utm_term=&utm_device=c&utm_match=&utm_network=x&gad_source=1&gad_campaignid=22269931606&gbraid=0AAAAADzkN3eCZOGuJKxtYptIttlLrSKIQ&gclid=EAIaIQobChMI2v6Lh_DykwMVALVaBR0ZuAugEAAYAiADEgJvEvD_BwE,1,yes,travaux
engiehs,https://www.engie-homeservices.fr/particulier/entretien/pompe-a-chaleur-air-eau?campaign=SEA_GADS_NA_SEA&utm_source=SEA_Google&utm_medium=cpc&utm_campaign=[EHS]_SEA_GG_HM_Entretien_PAC_AE_Prospecting&utm_term=technicien%20entretien%20pompe%20%C3%A0%20chaleur&utm_device=c&utm_match=p&utm_network=g&gad_source=1&gad_campaignid=22255110148&gbraid=0AAAAADzkN3cf3fe1ybpx5RiC7vEy7tBkM&gclid=EAIaIQobChMIsOezybzpkwMVtJZQBh0mPxCJEAAYAiAEEgLkjvD_BwE,1,yes,other
engiehs,https://www.engie-homeservices.fr/particulier/entretien/pompe-a-chaleur-air-eau?campaign=SEA_GADS_NA_SEA&utm_source=SEA_Google&utm_medium=cpc&utm_campaign=[EHS]_SEA_GG_HM_Entretien_PAC_AE_Prospecting&utm_term=technicien%20entretien%20pompe%20%C3%A0%20chaleur&utm_device=c&utm_match=p&utm_network=g&gad_source=1&gad_campaignid=22255110148&gbraid=0AAAAADzkN3cf3fe1ybpx5RiC7vEy7tBkM&gclid=EAIaIQobChMIsOezybzpkwMVtJZQBh0mPxCJEAAYAiADEgIioPD_BwE,1,yes,other
engiehs,https://www.engie-homeservices.fr/particulier/landing/installation-pompe-a-chaleur-air-eau?campaign=SEA_GADS_NA_SEA&utm_source=SEA_Google&utm_medium=cpc&utm_campaign=[EHS]_SEA_GG_HM_Perf_MAX_PAC_AE_Prospecting&utm_term=&utm_device=c&utm_match=&utm_network=x&gad_source=1&gad_campaignid=22269932548&gbraid=0AAAAADzkN3cdLH0i_PZmukXizT9o10yvK&gclid=EAIaIQobChMI2PyLs8qOlAMVa1NIAB3CHzbNEAAYASADEgIEZfD_BwE,1,yes,travaux
engiehs,https://www.engie-homeservices.fr/particulier/entretien/pompe-a-chaleur-air-eau?campaign=SEA_GADS_NA_SEA&utm_source=SEA_Google&utm_medium=cpc&utm_campaign=[EHS]_SEA_GG_HM_Entretien_PAC_AE_Prospecting&utm_term=maintenance%20pompe%20%C3%A0%20chaleur&utm_device=c&utm_match=p&utm_network=g&gad_source=1&gad_campaignid=22255110148&gbraid=0AAAAADzkN3d_e5Aui71GyyaAtnk1smigb&gclid=EAIaIQobChMI4M_T-6mblAMV8TMIBR33-iIvEAAYAiAEEgJqBPD_BwE,1,yes,other
engiehs,https://www.engie-homeservices.fr/particulier/landing/installation-chaudiere-gaz?campaign=SEA_GADS_NA_SEA&utm_source=SEA_Google&utm_medium=cpc&utm_campaign=[EHS]_SEA_GG_HM_Chaudi%C3%A8re_Gaz_Prospecting&utm_term=chaudi%C3%A8re%20gaz%20saunier%20duval&utm_device=c&utm_match=p&utm_network=g&gad_source=1&gad_campaignid=22255110157&gbraid=0AAAAADzkN3dFzTk2AAQ9WsxJvWU-O6B7F&gclid=EAIaIQobChMIw8Pu6Ke4kwMVzk7_AR00zR66EAAYASAEEgIAO_D_BwE,1,yes,travaux
engiehs,https://www.engie-homeservices.fr/particulier/entretien/chaudiere-gaz?campaign=SEA_GADS_NA_SEA&utm_source=SEA_Google&utm_medium=cpc&utm_campaign=[EHS]_SEA_GG_HM_Perf_MAX_Entretien_Chaudi%C3%A8re_Gaz_Prospecting&utm_term=&utm_device=c&utm_match=&utm_network=x&gad_source=1&gad_campaignid=22286799358&gbraid=0AAAAADzkN3eGHkkXpRaHS3cob5SZmzhji&gclid=EAIaIQobChMIrq353pKJlAMVRCzUAR3atizPEAAYASAEEgI1M_D_BwE,1,yes,other
engiehs,https://www.engie-homeservices.fr/particulier/landing/installation-pompe-a-chaleur-air-eau?campaign=SEA_GADS_NA_SEA&utm_source=SEA_Google&utm_medium=cpc&utm_campaign=[EHS]_SEA_GG_HM_Perf_MAX_PAC_AE_Prospecting&utm_term=&utm_device=c&utm_match=&utm_network=x&gad_source=1&gad_campaignid=22269932548&gbraid=0AAAAADzkN3eF4LR-tNg90Qz7IqqMOUm9D&gclid=EAIaIQobChMI6Yi1y8GxkwMVBqlaBR1_TSjLEAAYAiAEEgLeRfD_BwE,1,yes,travaux
engiehs,https://www.engie-homeservices.fr/particulier/installation/adoucisseur-d-eau?campaign=SEA_GADS_NA_SEA&utm_source=SEA_Google&utm_medium=cpc&utm_campaign=[EHS]_SEA_GG_Adoucisseur_Equipements_Prospecting&utm_term=adoucisseur%20eau&utm_device=c&utm_match=p&utm_network=g&gad_source=1&gad_campaignid=22255110154&gbraid=0AAAAADzkN3cBB3trm0zbRO-sA6khhq-gE&gclid=EAIaIQobChMI4-eN2fy2kwMVJ0t_AB1IWwCoEAAYAiADEgJOvfD_BwE,1,no,travaux
engiehs,https://www.engie-homeservices.fr/particulier/landing/installation-chaudiere-gaz?campaign=SEA_GADS_NA_SEA&utm_source=SEA_Google&utm_medium=cpc&utm_campaign=[EHS]_SEA_GG_HM_Chaudi%C3%A8re_Gaz_Prospecting&utm_term=chaudi%C3%A8re&utm_device=c&utm_match=p&utm_network=g&gad_source=1&gad_campaignid=22255110157&gbraid=0AAAAADzkN3dE8liCLuQq8GNmOj759HKXj&gclid=EAIaIQobChMI8oCaqpWJlAMV-YNaBR1sqiudEAAYAiAEEgInofD_BwE,1,yes,travaux
engiehs,https://www.engie-homeservices.fr/particulier/landing/installation-pompe-a-chaleur-air-eau?campaign=SEA_GADS_NA_SEA&utm_source=SEA_Google&utm_medium=cpc&utm_campaign=[EHS]_SEA_GG_HM_PAC_AE_Prospecting&utm_term=pompe%20chaleur%20air%20eau&utm_device=c&utm_match=e&utm_network=g&gad_source=1&gad_campaignid=22255110619&gbraid=0AAAAADzkN3e5r8sJ1sWsnqcWkkhLFa84i&gclid=EAIaIQobChMI9f_HkJTVkwMVwUlHAR2_vADlEAAYAiADEgJf2fD_BwE,1,yes,travaux
engiehs,https://www.engie-homeservices.fr/particulier/landing/installation-pompe-a-chaleur-air-eau?campaign=SEA_GADS_NA_SEA&utm_source=SEA_Google&utm_medium=cpc&utm_campaign=[EHS]_SEA_GG_HM_PAC_AE_Prospecting&utm_term=pompe%20%C3%A0%20chaleur&utm_device=c&utm_match=p&utm_network=g&gad_source=1&gad_campaignid=22255110619&gbraid=0AAAAADzkN3dQLNCROrJLRZTmQGJr3pMZn&gclid=EAIaIQobChMI8-XvubbWkwMVyl3_AR271Qw8EAAYAiAEEgJMbvD_BwE,1,yes,travaux
engiehs,https://www.engie-homeservices.fr/particulier/entretien/chaudiere-gaz?campaign=SEA_GADS_NA_SEA&utm_source=SEA_Google&utm_medium=cpc&utm_campaign=[EHS]_SEA_GG_HM_Perf_MAX_Entretien_Chaudi%C3%A8re_Gaz_Prospecting&utm_term=&utm_device=c&utm_match=&utm_network=x&gad_source=1&gad_campaignid=22286799358&gbraid=0AAAAADzkN3fVCeQZ0FPLBtj48_HoRROjM&gclid=EAIaIQobChMIkvLc2ePykwMVRCXUAR3TqAeOEAAYAiAmEgK0VvD_BwE,1,yes,other
engiehs,https://www.engie-homeservices.fr/particulier/landing/installation-pompe-a-chaleur-air-eau?campaign=SEA_GADS_NA_SEA&utm_source=SEA_Google&utm_medium=cpc&utm_campaign=[EHS]_SEA_GG_HM_PAC_AE_Prospecting&utm_term=entreprise%20pompe%20a%20chaleur&utm_device=c&utm_match=e&utm_network=g&gad_source=1&gad_campaignid=22255110619&gbraid=0AAAAADzkN3dgdHSgpzJ1vYitBA1rChlJv&gclid=EAIaIQobChMIu46a7-r1kwMV8S7UAR2Y4jI5EAAYASASEgI5fvD_BwE,1,yes,travaux
engiehs,https://www.engie-homeservices.fr/particulier/landing/installation-pompe-a-chaleur-air-eau?campaign=SEA_GADS_NA_SEA&utm_source=SEA_Google&utm_medium=cpc&utm_campaign=[EHS]_SEA_GG_HM_PAC_AE_Prospecting&utm_term=installateur%20pompe%20a%20chaleur&utm_device=c&utm_match=p&utm_network=g&gad_source=1&gad_campaignid=22255110619&gbraid=0AAAAADzkN3fx7GioXn_hQlcROBXWp2Sk1&gclid=EAIaIQobChMI4cvhnMLMkwMVQ4laBR17_CSTEAAYASADEgIjx_D_BwE,1,yes,travaux
engiehs,https://www.engie-homeservices.fr/particulier/landing/installation-chaudiere-gaz?campaign=SEA_GADS_NA_SEA&utm_source=SEA_Google&utm_medium=cpc&utm_campaign=[EHS]_SEA_GG_HM_Chaudi%C3%A8re_Gaz_Prospecting&utm_term=meilleure%20chaudiere&utm_device=c&utm_match=p&utm_network=g&gad_source=1&gad_campaignid=22255110157&gbraid=0AAAAADzkN3dA3WYxXns7W8xKUhYVCKneV&gclid=EAIaIQobChMIsuS9iuikkwMVqTNECB1SPiBKEAAYAiAEEgKlwPD_BwE,1,yes,travaux
engiehs,https://www.engie-homeservices.fr/particulier/entretien/chaudiere-gaz?campaign=SEA_GADS_NA_SEA&utm_source=SEA_Google&utm_medium=cpc&utm_campaign=[EHS]_SEA_GG_HM_Perf_MAX_Entretien_Chaudi%C3%A8re_Gaz_Prospecting&utm_term=&utm_device=c&utm_match=&utm_network=x&gad_source=1&gad_campaignid=22286799358&gbraid=0AAAAADzkN3fVCeQZ0FPLBtj48_HoRROjM&gclid=EAIaIQobChMIkvLc2ePykwMVRCXUAR3TqAeOEAAYAiAnEgKfq_D_BwE,1,yes,other
engiehs,https://www.engie-homeservices.fr/particulier/landing/installation-pompe-a-chaleur-air-eau?campaign=SEA_GADS_NA_SEA&utm_source=SEA_Google&utm_medium=cpc&utm_campaign=[EHS]_SEA_GG_Marque_PAC_AE_Prospecting&utm_term=engie%20pompe%20%C3%A0%20chaleur&utm_device=c&utm_match=p&utm_network=g&gad_source=1&gad_campaignid=22207966229&gbraid=0AAAAADzkN3fCiAlZh8mnMoGmXXhUPitzO&gclid=EAIaIQobChMI0f7LlJn1kwMVBx3UAR0J6QpoEAAYAiAEEgL0XPD_BwE,1,yes,travaux
engiehs,https://www.engie-homeservices.fr/particulier/landing/installation-chaudiere-gaz?campaign=SEA_GADS_NA_SEA&utm_source=SEA_Google&utm_medium=cpc&utm_campaign=[EHS]_SEA_GG_HM_Chaudi%C3%A8re_Gaz_Prospecting&utm_term=remplacement%20chaudi%C3%A8re&utm_device=c&utm_match=p&utm_network=g&gad_source=1&gad_campaignid=22255110157&gbraid=0AAAAADzkN3datgWccJryfp2JLi1xIgQNb&gclid=EAIaIQobChMIjo2jyZ39kwMVZTSDAx2yhAoJEAAYAiAFEgL98_D_BwE,1,yes,travaux
engiehs,https://www.engie-homeservices.fr/particulier/landing/installation-chaudiere-gaz?campaign=SEA_GADS_NA_SEA&utm_source=SEA_Google&utm_medium=cpc&utm_campaign=[EHS]_SEA_GG_HM_Chaudi%C3%A8re_Gaz_Prospecting&utm_term=chaudi%C3%A8re%20condensation&utm_device=c&utm_match=p&utm_network=g&gad_source=1&gad_campaignid=22255110157&gbraid=0AAAAADzkN3dH5tOLKTSWimBTARnfh8m9F&gclid=EAIaIQobChMI-uj_wt6TlAMVfNM8Ah1q0BuhEAAYAiAFEgLdCfD_BwE,1,yes,travaux
engiehs,https://www.engie-homeservices.fr/particulier/installation/adoucisseur-d-eau?campaign=SEA_GADS_NA_SEA&utm_source=SEA_Google&utm_medium=cpc&utm_campaign=[EHS]_SEA_GG_Adoucisseur_Equipements_Prospecting&utm_term=adoucisseur%20eau&utm_device=c&utm_match=p&utm_network=g&gad_source=1&gad_campaignid=22255110154&gbraid=0AAAAADzkN3cXbamMFUFfgeLLlS3RX3QXG&gclid=EAIaIQobChMIv7rJ6J-QlAMVuS3UAR1S6g9_EAAYAiADEgJQkfD_BwE,1,no,travaux
engiehs,https://www.engie-homeservices.fr/particulier/landing/installation-pompe-a-chaleur-air-eau?campaign=SEA_GADS_NA_SEA&utm_source=SEA_Google&utm_medium=cpc&utm_campaign=[EHS]_SEA_GG_HM_PAC_AE_Prospecting&utm_term=pompe%20chaleur%20air%20eau&utm_device=c&utm_match=e&utm_network=g&gad_source=1&gad_campaignid=22255110619&gbraid=0AAAAADzkN3e5r8sJ1sWsnqcWkkhLFa84i&gclid=EAIaIQobChMI9f_HkJTVkwMVwUlHAR2_vADlEAAYAiAEEgINSvD_BwE,1,yes,travaux
engiehs,https://www.engie-homeservices.fr/particulier/entretien/chaudiere-gaz?campaign=SEA_GADS_NA_SEA&utm_source=SEA_Google&utm_medium=cpc&utm_campaign=[EHS]_SEA_GG_HM_Perf_MAX_Entretien_Chaudi%C3%A8re_Gaz_Prospecting&utm_term=&utm_device=c&utm_match=&utm_network=x&gad_source=1&gad_campaignid=22286799358&gbraid=0AAAAADzkN3fot7S1AoV1xhFsacNckmMtZ&gclid=EAIaIQobChMIrcOxj7CFkwMVj0b_AR24mTNwEAAYASASEgKDSPD_BwE,1,yes,other
engiehs,https://www.engie-homeservices.fr/particulier/landing/installation-chaudiere-gaz?campaign=SEA_GADS_NA_SEA&utm_source=SEA_Google&utm_medium=cpc&utm_campaign=[EHS]_SEA_GG_HM_Chaudi%C3%A8re_Gaz_Prospecting&utm_term=chaudi%C3%A8re%20gaz&utm_device=c&utm_match=p&utm_network=g&gad_source=1&gad_campaignid=22255110157&gbraid=0AAAAADzkN3dE8liCLuQq8GNmOj759HKXj&gclid=EAIaIQobChMI-YeKue-IlAMVXozCCB1v7R4REAAYASAFEgLc-_D_BwE,1,yes,travaux
engiehs,https://www.engie-homeservices.fr/particulier/landing/installation-chaudiere-gaz?campaign=SEA_GADS_NA_SEA&utm_source=SEA_Google&utm_medium=cpc&utm_campaign=[EHS]_SEA_GG_HM_Chaudi%C3%A8re_Gaz_Prospecting&utm_term=chaudi%C3%A8re%20gaz&utm_device=c&utm_match=p&utm_network=g&gad_source=1&gad_campaignid=22255110157&gbraid=0AAAAADzkN3dwA6tNFtMASP9UPcutyQ8b9&gclid=EAIaIQobChMI9qvEwOeDlAMVRGlBAh01MTykEAAYASAEEgLRiPD_BwE,1,yes,travaux
engiehs,https://www.engie-homeservices.fr/particulier/landing/installation-pompe-a-chaleur-air-eau?campaign=SEA_GADS_NA_SEA&utm_source=SEA_Google&utm_medium=cpc&utm_campaign=[EHS]_SEA_GG_HM_PAC_AE_Prospecting&utm_term=pompe%20a%20chaleur&utm_device=c&utm_match=p&utm_network=g&gad_source=1&gad_campaignid=22255110619&gbraid=0AAAAADzkN3cGGTfqBJROy1kd9eVE9Ddxe&gclid=EAIaIQobChMI-tyJtr_YkwMVJW5HAR2coR2vEAAYAiAGEgKEd_D_BwE,1,yes,travaux
engiehs,https://www.engie-homeservices.fr/particulier/landing/installation-pompe-a-chaleur-air-eau?campaign=SEA_GADS_NA_SEA&utm_source=SEA_Google&utm_medium=cpc&utm_campaign=[EHS]_SEA_GG_HM_Perf_MAX_PAC_AE_Prospecting&utm_term=&utm_device=c&utm_match=&utm_network=x&gad_source=1&gad_campaignid=22269932548&gbraid=0AAAAADzkN3eF4LR-tNg90Qz7IqqMOUm9D&gclid=EAIaIQobChMI6Yi1y8GxkwMVBqlaBR1_TSjLEAAYAiADEgJ9e_D_BwE,1,yes,travaux
engiehs,https://www.engie-homeservices.fr/particulier/landing/installation-chaudiere-gaz?campaign=SEA_GADS_NA_SEA&utm_source=SEA_Google&utm_medium=cpc&utm_campaign=[EHS]_SEA_GG_HM_Chaudi%C3%A8re_Gaz_Prospecting&utm_term=meilleure%20chaudiere&utm_device=c&utm_match=p&utm_network=g&gad_source=1&gad_campaignid=22255110157&gbraid=0AAAAADzkN3eHLv1BF5wIXweI-Cp0BBl-b&gclid=EAIaIQobChMIxqGLqI-YkwMVu3JBAh3HxBBYEAAYASAEEgIfgvD_BwE,1,yes,travaux
engiehs,https://www.engie-homeservices.fr/particulier/entretien/chaudiere-gaz?campaign=SEA_GADS_NA_SEA&utm_source=SEA_Google&utm_medium=cpc&utm_campaign=[EHS]_SEA_GG_HM_Entretien_Chaudi%C3%A8re_Gaz_Prospecting&utm_term=maintenance%20chaudi%C3%A8re&utm_device=c&utm_match=p&utm_network=g&gad_source=1&gad_campaignid=22255110142&gbraid=0AAAAADzkN3ccNSBJseg1f5OGfWA7RcOTD&gclid=EAIaIQobChMIt8Ocss2SlAMVpLODBx1cjyzPEAAYAiADEgJhRPD_BwE,1,yes,other
engiehs,https://www.engie-homeservices.fr/particulier/entretien/chaudiere-gaz?campaign=SEA_GADS_NA_SEA&utm_source=SEA_Google&utm_medium=cpc&utm_campaign=[EHS]_SEA_GG_HM_Perf_MAX_Entretien_Chaudi%C3%A8re_Gaz_Prospecting&utm_term=&utm_device=c&utm_match=&utm_network=x&gad_source=1&gad_campaignid=22286799358&gbraid=0AAAAADzkN3dIP9FMEkyFgUCKqyd801Mxy&gclid=EAIaIQobChMI9f_a-eT6kwMVFFBIAB0GlivzEAAYAiADEgJe1_D_BwE,1,yes,other
engiehs,https://www.engie-homeservices.fr/particulier/landing/installation-pompe-a-chaleur-air-eau?campaign=SEA_GADS_NA_SEA&utm_source=SEA_Google&utm_medium=cpc&utm_campaign=[EHS]_SEA_GG_HM_Concurrents_PAC_AE_Prospecting&utm_term=edf%20pompe%20%C3%A0%20chaleur&utm_device=c&utm_match=p&utm_network=g&gad_source=1&gad_campaignid=22255110622&gbraid=0AAAAADzkN3flB9Be-odgfAzwSjxg2tePZ&gclid=EAIaIQobChMIyaSvvsv-kwMVcFNIAB0ApwA1EAAYAiAEEgL1FPD_BwE,1,yes,travaux
engiehs,https://www.engie-homeservices.fr/particulier/entretien/chaudiere-gaz?campaign=SEA_GADS_NA_SEA&utm_source=SEA_Google&utm_medium=cpc&utm_campaign=[EHS]_SEA_GG_HM_Perf_MAX_Entretien_Chaudi%C3%A8re_Gaz_Prospecting&utm_term=&utm_device=c&utm_match=&utm_network=x&gad_source=1&gad_campaignid=22286799358&gbraid=0AAAAADzkN3fot7S1AoV1xhFsacNckmMtZ&gclid=EAIaIQobChMIrcOxj7CFkwMVj0b_AR24mTNwEAAYASATEgJomfD_BwE,1,yes,other
engiehs,https://www.engie-homeservices.fr/particulier/landing/installation-chaudiere-gaz?campaign=SEA_GADS_NA_SEA&utm_source=SEA_Google&utm_medium=cpc&utm_campaign=[EHS]_SEA_GG_HM_Chaudi%C3%A8re_Gaz_Prospecting&utm_term=co%C3%BBt%20chaudi%C3%A8re&utm_device=c&utm_match=p&utm_network=g&gad_source=1&gad_campaignid=22255110157&gbraid=0AAAAADzkN3eERscsAcW75WtWBKtHzD6vb&gclid=EAIaIQobChMIjbiU_OuxkwMV6pNQBh3duAG3EAAYAiAGEgJiUfD_BwE,1,yes,travaux
engiehs,https://www.engie-homeservices.fr/particulier/entretien/chaudiere-gaz?campaign=SEA_GADS_NA_SEA&utm_source=SEA_Google&utm_medium=cpc&utm_campaign=[EHS]_SEA_GG_HM_Perf_MAX_Entretien_Chaudi%C3%A8re_Gaz_Prospecting&utm_term=&utm_device=c&utm_match=&utm_network=x&gad_source=1&gad_campaignid=22286799358&gbraid=0AAAAADzkN3eJ4ZxyOVGxxdlPdJ6tAx1gM&gclid=EAIaIQobChMI093irbmNlAMVBKFaBR2-jhI5EAAYAiADEgKEW_D_BwE,1,yes,other
engiehs,https://www.engie-homeservices.fr/particulier/entretien/pompe-a-chaleur-air-eau?campaign=SEA_GADS_NA_SEA&utm_source=SEA_Google&utm_medium=cpc&utm_campaign=[EHS]_SEA_GG_HM_Entretien_PAC_AE_Prospecting&utm_term=maintenance%20pompe%20%C3%A0%20chaleur&utm_device=c&utm_match=p&utm_network=g&gad_source=1&gad_campaignid=22255110148&gbraid=0AAAAADzkN3fbs_gv0-ut1-vP-cI_Y7Zz0&gclid=EAIaIQobChMI_JHbs7CWlAMVMH1BAh2ouwW0EAAYAiADEgJw4fD_BwE,1,yes,other
engiehs,https://www.engie-homeservices.fr/particulier/installation/adoucisseur-d-eau?campaign=SEA_GADS_NA_SEA&utm_source=SEA_Google&utm_medium=cpc&utm_campaign=[EHS]_SEA_GG_Adoucisseur_Equipements_Prospecting&utm_term=adoucisseur%20eau&utm_device=c&utm_match=p&utm_network=g&gad_source=1&gad_campaignid=22255110154&gbraid=0AAAAADzkN3cXbamMFUFfgeLLlS3RX3QXG&gclid=EAIaIQobChMIv7rJ6J-QlAMVuS3UAR1S6g9_EAAYAiACEgJ5wfD_BwE,1,no,travaux
engiehs,https://www.engie-homeservices.fr/particulier/landing/installation-chaudiere-gaz?campaign=SEA_GADS_NA_SEA&utm_source=SEA_Google&utm_medium=cpc&utm_campaign=[EHS]_SEA_GG_HM_Chaudi%C3%A8re_Gaz_Prospecting&utm_term=chaudi%C3%A8re&utm_device=c&utm_match=p&utm_network=g&gad_source=1&gad_campaignid=22255110157&gbraid=0AAAAADzkN3fYmZMIHN2j7M1ZK4H2lrizd&gclid=EAIaIQobChMIgqC1k7njkwMVxwcGAB1LgCsoEAAYAiADEgJ0BvD_BwE,1,yes,travaux
engiehs,https://www.engie-homeservices.fr/particulier/entretien/chaudiere-gaz?campaign=SEA_GADS_NA_SEA&utm_source=SEA_Google&utm_medium=cpc&utm_campaign=[EHS]_SEA_GG_HM_Perf_MAX_Entretien_Chaudi%C3%A8re_Gaz_Prospecting&utm_term=&utm_device=c&utm_match=&utm_network=x&gad_source=1&gad_campaignid=22286799358&gbraid=0AAAAADzkN3eGHkkXpRaHS3cob5SZmzhji&gclid=EAIaIQobChMIrq353pKJlAMVRCzUAR3atizPEAAYASADEgKWJvD_BwE,1,yes,other
engiehs,https://www.engie-homeservices.fr/particulier/landing/installation-chaudiere-gaz?campaign=SEA_GADS_NA_SEA&utm_source=SEA_Google&utm_medium=cpc&utm_campaign=[EHS]_SEA_GG_HM_Chaudi%C3%A8re_Gaz_Prospecting&utm_term=chaudi%C3%A8re&utm_device=c&utm_match=p&utm_network=g&gad_source=1&gad_campaignid=22255110157&gbraid=0AAAAADzkN3fYmZMIHN2j7M1ZK4H2lrizd&gclid=EAIaIQobChMIgqC1k7njkwMVxwcGAB1LgCsoEAAYAiAEEgLaUfD_BwE,1,yes,travaux
engiehs,https://www.engie-homeservices.fr/particulier/installation/adoucisseur-d-eau?campaign=SEA_GADS_NA_SEA&utm_source=SEA_Google&utm_medium=cpc&utm_campaign=[EHS]_SEA_GG_Adoucisseur_Equipements_Prospecting&utm_term=adoucisseur%20eau%20prix&utm_device=c&utm_match=e&utm_network=g&gad_source=1&gad_campaignid=22255110154&gbraid=0AAAAADzkN3dLHcOCWu38S4mGKlvO61guW&gclid=EAIaIQobChMIvI70m4fwkwMV8a2DBx1wayAoEAAYAiADEgLnVPD_BwE,1,no,travaux
engiehs,https://www.engie-homeservices.fr/particulier/landing/installation-pompe-a-chaleur-air-eau?campaign=SEA_GADS_NA_SEA&utm_source=SEA_Google&utm_medium=cpc&utm_campaign=[EHS]_SEA_GG_HM_PAC_AE_Prospecting&utm_term=pompe%20%C3%A0%20chaleur&utm_device=c&utm_match=p&utm_network=g&gad_source=1&gad_campaignid=22255110619&gbraid=0AAAAADzkN3dQLNCROrJLRZTmQGJr3pMZn&gclid=EAIaIQobChMI8-XvubbWkwMVyl3_AR271Qw8EAAYAiAFEgIEB_D_BwE,1,yes,travaux
engiehs,https://www.engie-homeservices.fr/particulier/landing/installation-pompe-a-chaleur-air-eau?campaign=SEA_GADS_NA_SEA&utm_source=SEA_Google&utm_medium=cpc&utm_campaign=[EHS]_SEA_GG_HM_PAC_AE_Prospecting&utm_term=pompe%20chaleur%20air%20eau&utm_device=c&utm_match=p&utm_network=g&gad_source=1&gad_campaignid=22255110619&gbraid=0AAAAADzkN3cYaqEHoCk3PoCKazvW66s2D&gclid=EAIaIQobChMIo86g_M2WlAMVftMWBR1ULxlrEAAYAiAFEgJno_D_BwE,1,yes,travaux
engiehs,https://www.engie-homeservices.fr/particulier/landing/installation-pompe-a-chaleur-air-eau?campaign=SEA_GADS_NA_SEA&utm_source=SEA_Google&utm_medium=cpc&utm_campaign=[EHS]_SEA_GG_HM_Perf_MAX_PAC_AE_Prospecting&utm_term=&utm_device=c&utm_match=&utm_network=x&gad_source=1&gad_campaignid=22269932548&gbraid=0AAAAADzkN3cdLH0i_PZmukXizT9o10yvK&gclid=EAIaIQobChMI2PyLs8qOlAMVa1NIAB3CHzbNEAAYASAEEgIlOfD_BwE,1,yes,travaux
engiehs,https://www.engie-homeservices.fr/particulier/landing/installation-pompe-a-chaleur-air-eau?campaign=SEA_GADS_NA_SEA&utm_source=SEA_Google&utm_medium=cpc&utm_campaign=[EHS]_SEA_GG_HM_PAC_AE_Prospecting&utm_term=pompe%20a%20chaleur%20air%20eau&utm_device=c&utm_match=p&utm_network=g&gad_source=1&gad_campaignid=22255110619&gbraid=0AAAAADzkN3d5ZqXbeviGOoliGCGUl2sGL&gclid=EAIaIQobChMIndubspqRlAMVDHJIAB16VDa-EAAYAiAEEgKFKPD_BwE,1,yes,travaux
engiehs,https://www.engie-homeservices.fr/particulier/landing/installation-pompe-a-chaleur-air-eau?campaign=SEA_GADS_NA_SEA&utm_source=SEA_Google&utm_medium=cpc&utm_campaign=[EHS]_SEA_GG_HM_PAC_AE_Prospecting&utm_term=pac%20air%20eau&utm_device=c&utm_match=p&utm_network=g&gad_source=1&gad_campaignid=22255110619&gbraid=0AAAAADzkN3fB1vsQL1XlxNc3w0uSlWS4q&gclid=EAIaIQobChMIyer11JmskwMVsSdECB2HWBYuEAAYAiAFEgLnYPD_BwE,1,yes,travaux
engiehs,https://www.engie-homeservices.fr/particulier/landing/installation-chaudiere-gaz?campaign=SEA_GADS_NA_SEA&utm_source=SEA_Google&utm_medium=cpc&utm_campaign=[EHS]_SEA_GG_HM_Chaudi%C3%A8re_Gaz_Prospecting&utm_term=chaudiere%20gaz%20condensation&utm_device=c&utm_match=p&utm_network=g&gad_source=1&gad_campaignid=22255110157&gbraid=0AAAAADzkN3datgWccJryfp2JLi1xIgQNb&gclid=EAIaIQobChMI956NseH8kwMVm4XuAR2rnDw0EAAYAiAFEgLXafD_BwE,1,yes,travaux
engiehs,https://www.engie-homeservices.fr/particulier/landing/installation-chaudiere-gaz?campaign=SEA_GADS_NA_SEA&utm_source=SEA_Google&utm_medium=cpc&utm_campaign=[EHS]_SEA_GG_HM_Chaudi%C3%A8re_Gaz_Prospecting&utm_term=chaudiere%20metz&utm_device=c&utm_match=p&utm_network=g&gad_source=1&gad_campaignid=22255110157&gbraid=0AAAAADzkN3ebh_mNcvjbvElxzaaACcRqd&gclid=EAIaIQobChMIwOGV5a2IkwMVXVBIAB1paCMJEAAYAiAUEgLp_vD_BwE,1,yes,travaux
engiehs,https://www.engie-homeservices.fr/particulier/landing/installation-chaudiere-gaz?campaign=SEA_GADS_NA_SEA&utm_source=SEA_Google&utm_medium=cpc&utm_campaign=[EHS]_SEA_GG_HM_Chaudi%C3%A8re_Gaz_Prospecting&utm_term=chaudiere%20gaz%20leblanc&utm_device=c&utm_match=p&utm_network=g&gad_source=1&gad_campaignid=22255110157&gbraid=0AAAAADzkN3dzT0rSkBl6Iv184zLUtenFd&gclid=EAIaIQobChMIwJrg_J3gkwMVeJtQBh0LejptEAAYAiAFEgKYRvD_BwE,1,yes,travaux
engiehs,https://www.engie-homeservices.fr/particulier/landing/installation-pompe-a-chaleur-air-eau?campaign=SEA_GADS_NA_SEA&utm_source=SEA_Google&utm_medium=cpc&utm_campaign=[EHS]_SEA_GG_HM_PAC_AE_Prospecting&utm_term=pac%20air%20eau&utm_device=c&utm_match=p&utm_network=g&gad_source=1&gad_campaignid=22255110619&gbraid=0AAAAADzkN3fB1vsQL1XlxNc3w0uSlWS4q&gclid=EAIaIQobChMIyer11JmskwMVsSdECB2HWBYuEAAYAiAGEgKh6_D_BwE,1,yes,travaux
engiehs,https://www.engie-homeservices.fr/particulier/landing/installation-chaudiere-gaz?campaign=SEA_GADS_NA_SEA&utm_source=SEA_Google&utm_medium=cpc&utm_campaign=[EHS]_SEA_GG_HM_Chaudi%C3%A8re_Gaz_Prospecting&utm_term=achat%20chaudiere&utm_device=c&utm_match=p&utm_network=g&gad_source=1&gad_campaignid=22255110157&gbraid=0AAAAADzkN3ebh_mNcvjbvElxzaaACcRqd&gclid=EAIaIQobChMIqqmKsemJkwMVBIlaBR2_kiQHEAAYAiAFEgKpBfD_BwE,1,yes,travaux
engiehs,https://www.engie-homeservices.fr/particulier/entretien/chaudiere-gaz?campaign=SEA_GADS_NA_SEA&utm_source=SEA_Google&utm_medium=cpc&utm_campaign=[EHS]_SEA_GG_HM_Perf_MAX_Entretien_Chaudi%C3%A8re_Gaz_Prospecting&utm_term=&utm_device=c&utm_match=&utm_network=x&gad_source=1&gad_campaignid=22286799358&gbraid=0AAAAADzkN3fm_F6_CLV-8bSQrf50Bvikj&gclid=EAIaIQobChMIvMPf0veSlAMV10VIAB1yOjRqEAAYAiACEgLXA_D_BwE,1,yes,other
engiehs,https://www.engie-homeservices.fr/particulier/landing/installation-chaudiere-gaz?campaign=SEA_GADS_NA_SEA&utm_source=SEA_Google&utm_medium=cpc&utm_campaign=[EHS]_SEA_GG_HM_Chaudi%C3%A8re_Gaz_Prospecting&utm_term=chaudi%C3%A8re&utm_device=c&utm_match=p&utm_network=g&gad_source=1&gad_campaignid=22255110157&gbraid=0AAAAADzkN3dzT0rSkBl6Iv184zLUtenFd&gclid=EAIaIQobChMItOK_4JnhkwMVKkH_AR2dXQS1EAAYASAFEgKrNfD_BwE,1,yes,travaux
engiehs,https://www.engie-homeservices.fr/particulier/entretien/chaudiere-gaz?campaign=SEA_GADS_NA_SEA&utm_source=SEA_Google&utm_medium=cpc&utm_campaign=[EHS]_SEA_GG_HM_Perf_MAX_Entretien_Chaudi%C3%A8re_Gaz_Prospecting&utm_term=&utm_device=c&utm_match=&utm_network=x&gad_source=1&gad_campaignid=22286799358&gbraid=0AAAAADzkN3fYAoXfsZHcCvoyCk-icODqT&gclid=EAIaIQobChMI38uE8PrjkwMV1y8GAB1BoB10EAAYASASEgLU6PD_BwE,1,yes,other
engiehs,https://www.engie-homeservices.fr/particulier/landing/installation-chaudiere-gaz?campaign=SEA_GADS_NA_SEA&utm_source=SEA_Google&utm_medium=cpc&utm_campaign=[EHS]_SEA_GG_HM_Chaudi%C3%A8re_Gaz_Prospecting&utm_term=changement%20chaudi%C3%A8re&utm_device=c&utm_match=p&utm_network=g&gad_source=1&gad_campaignid=22255110157&gbraid=0AAAAADzkN3cVywrcZh6waXHvVROzM7lE1&gclid=EAIaIQobChMI983asrKQlAMVN41oCR0RPyZeEAAYAiAEEgITRPD_BwE,1,yes,travaux
engiehs,https://www.engie-homeservices.fr/particulier/entretien/chaudiere-gaz?campaign=SEA_GADS_NA_SEA&utm_source=SEA_Google&utm_medium=cpc&utm_campaign=[EHS]_SEA_GG_HM_Entretien_Chaudi%C3%A8re_Gaz_Prospecting&utm_term=entretien%20chaudiere%20seine-et-marne&utm_device=c&utm_match=p&utm_network=g&gad_source=1&gad_campaignid=22255110142&gbraid=0AAAAADzkN3fVBdKhD3trysvBoJhlCD-fV&gclid=EAIaIQobChMIoPvX_KiWlAMVF2hIAB3NsSICEAAYAiASEgIhpfD_BwE,1,yes,other
engiehs,https://www.engie-homeservices.fr/particulier/landing/installation-chaudiere-gaz?campaign=SEA_GADS_NA_SEA&utm_source=SEA_Google&utm_medium=cpc&utm_campaign=[EHS]_SEA_GG_HM_Chaudi%C3%A8re_Gaz_Prospecting&utm_term=chaudi%C3%A8re%20installation&utm_device=c&utm_match=p&utm_network=g&gad_source=1&gad_campaignid=22255110157&gbraid=0AAAAADzkN3dA3WYxXns7W8xKUhYVCKneV&gclid=EAIaIQobChMI262b0qSlkwMVRFBBAh0MCjc6EAAYASATEgJirPD_BwE,1,yes,travaux
engiehs,https://www.engie-homeservices.fr/particulier/landing/installation-pompe-a-chaleur-air-eau?campaign=SEA_GADS_NA_SEA&utm_source=SEA_Google&utm_medium=cpc&utm_campaign=[EHS]_SEA_GG_HM_PAC_AE_Prospecting&utm_term=pompe%20chaleur%20air%20eau&utm_device=c&utm_match=p&utm_network=g&gad_source=1&gad_campaignid=22255110619&gbraid=0AAAAADzkN3cedQ7CQEk1Vg5zYIlU3swWk&gclid=EAIaIQobChMIgcScx76AlAMVvsM8Ah3neTezEAAYAiAFEgKfW_D_BwE,1,yes,travaux
engiehs,https://www.engie-homeservices.fr/particulier/entretien/chaudiere-gaz?campaign=SEA_GADS_NA_SEA&utm_source=SEA_Google&utm_medium=cpc&utm_campaign=[EHS]_SEA_GG_HM_Perf_MAX_Entretien_Chaudi%C3%A8re_Gaz_Prospecting&utm_term=&utm_device=c&utm_match=&utm_network=x&gad_source=1&gad_campaignid=22286799358&gbraid=0AAAAADzkN3fm_F6_CLV-8bSQrf50Bvikj&gclid=EAIaIQobChMIvMPf0veSlAMV10VIAB1yOjRqEAAYAiADEgIO_vD_BwE,1,yes,other
engiehs,https://www.engie-homeservices.fr/particulier/entretien/chaudiere-gaz?campaign=SEA_GADS_NA_SEA&utm_source=SEA_Google&utm_medium=cpc&utm_campaign=[EHS]_SEA_GG_HM_Perf_MAX_Entretien_Chaudi%C3%A8re_Gaz_Prospecting&utm_term=&utm_device=c&utm_match=&utm_network=x&gad_source=1&gad_campaignid=22286799358&gbraid=0AAAAADzkN3edST14DInEXYpHXZ4Li85gX&gclid=EAIaIQobChMI9ciQx6-YlAMVC5eDBx10LhWVEAAYAiADEgIpC_D_BwE,1,yes,other
engiehs,https://www.engie-homeservices.fr/particulier/entretien/pompe-a-chaleur-air-eau?campaign=SEA_GADS_NA_SEA&utm_source=SEA_Google&utm_medium=cpc&utm_campaign=[EHS]_SEA_GG_HM_Entretien_PAC_AE_Prospecting&utm_term=maintenance%20pompe%20%C3%A0%20chaleur&utm_device=c&utm_match=p&utm_network=g&gad_source=1&gad_campaignid=22255110148&gbraid=0AAAAADzkN3fbs_gv0-ut1-vP-cI_Y7Zz0&gclid=EAIaIQobChMI_JHbs7CWlAMVMH1BAh2ouwW0EAAYAiAEEgKq9_D_BwE,1,yes,other
engiehs,https://www.engie-homeservices.fr/particulier/entretien/pompe-a-chaleur-air-eau?campaign=SEA_GADS_NA_SEA&utm_source=SEA_Google&utm_medium=cpc&utm_campaign=[EHS]_SEA_GG_HM_Entretien_PAC_AE_Prospecting&utm_term=r%C3%A9vision%20pompe%20%C3%A0%20chaleur&utm_device=c&utm_match=p&utm_network=g&gad_source=1&gad_campaignid=22255110148&gbraid=0AAAAADzkN3dDyQizNtYFiSUlzC2Cc_c_1&gclid=EAIaIQobChMIzJPLuYSJlAMVHUP_AR3eDjKnEAAYASADEgLWYvD_BwE,1,yes,other
engiehs,https://www.engie-homeservices.fr/particulier/entretien/chaudiere-gaz?campaign=SEA_GADS_NA_SEA&utm_source=SEA_Google&utm_medium=cpc&utm_campaign=[EHS]_SEA_GG_HM_Perf_MAX_Entretien_Chaudi%C3%A8re_Gaz_Prospecting&utm_term=&utm_device=c&utm_match=&utm_network=x&gad_source=1&gad_campaignid=22286799358&gbraid=0AAAAADzkN3fzxEACMG57jUShiyZzP5pcJ&gclid=EAIaIQobChMIzIPx0OKHkwMVWFVIAB1U-BJREAAYASADEgIGCvD_BwE,1,yes,other
engiehs,https://www.engie-homeservices.fr/particulier/landing/installation-pompe-a-chaleur-air-eau?campaign=SEA_GADS_NA_SEA&utm_source=SEA_Google&utm_medium=cpc&utm_campaign=[EHS]_SEA_GG_HM_PAC_AE_Prospecting&utm_term=entreprise%20pompe%20a%20chaleur&utm_device=c&utm_match=e&utm_network=g&gad_source=1&gad_campaignid=22255110619&gbraid=0AAAAADzkN3dgdHSgpzJ1vYitBA1rChlJv&gclid=EAIaIQobChMIu46a7-r1kwMV8S7UAR2Y4jI5EAAYASAREgJYtPD_BwE,1,yes,travaux
engiehs,https://www.engie-homeservices.fr/particulier/landing/installation-chaudiere-gaz?campaign=SEA_GADS_NA_SEA&utm_source=SEA_Google&utm_medium=cpc&utm_campaign=[EHS]_SEA_GG_HM_Chaudi%C3%A8re_Gaz_Prospecting&utm_term=chaudiere%20gaz%20condensation&utm_device=c&utm_match=p&utm_network=g&gad_source=1&gad_campaignid=22255110157&gbraid=0AAAAADzkN3cjMCZ6Qo-1qAkQXNPjhhDZt&gclid=EAIaIQobChMInJyAlP-UlAMV7ZhmAh0OVAJmEAAYAiAFEgJjQ_D_BwE,1,yes,travaux
